case,sex,age,sec,min,hour,date,month,year,country,openness,facet_imagination,facet_artistic_interests,facet_emotionality,facet_adventurousness,facet_intellect,facet_liberalism,conscientiousness,facet_self_efficacy,facet_orderliness,facet_dutifulness,facet_achievement_striving,facet_self_discipline,facet_cautiousness,extraversion,facet_friendliness,facet_gregariousness,facet_assertiveness,facet_activity_level,facet_excitement_seeking,facet_cheerfulness,agreeableness,facet_trust,facet_morality,facet_altruism,facet_cooperation,facet_modesty,facet_sympathy,neuroticism,facet_anxiety,facet_anger,facet_depression,facet_self_consciousness,facet_immoderation,facet_vulnerability
290636,1,20,9,35,1,26,7,109,USA,1.0,2.7238046880180633,1.0,1.0,5.482562088990235,19.09118658735892,6.879750348352232,84.45918926527872,35.57062646454057,88.82601451243409,96.93149583727586,59.50871942031665,66.6146913372175,86.18427994672345,26.330833489859913,32.96395269530268,17.427024341040777,40.434807185092495,27.840394651610865,14.486049426673304,67.21963358910307,78.69465374860533,61.61054636296922,97.03997816874039,36.66643893113121,89.77479615703214,78.02095385526434,38.059457108195716,31.045115928456397,59.65116442468491,7.180141644508581,30.373205774212465,43.28529155118588,34.12556235771552,55.07623775225028
308329,2,26,25,57,9,16,3,110,USA,1.0,1.0,87.43748015944948,20.791244461849743,16.304651131737984,1.0,11.02956043416009,93.40939776814287,38.03089399597786,97.80821267068507,83.38855564847916,84.6203993462982,76.20132219233813,95.89792084771852,34.30122259976932,66.8333246469353,31.560378358973026,1.8771889975362797,5.317763438902432,56.37210185571547,84.06143549742728,86.42110074567972,75.34008785972469,70.65410972728665,80.98379288575211,77.35318352774686,84.09613743118166,59.55017917542108,35.21233008586836,21.14522395556716,11.325256012873183,16.82603599576234,93.41517453375116,35.09415280946621,71.63636970116852
305482,1,27,49,51,10,4,2,110,USA,45.456695093931785,84.11426570792503,82.47693013887124,82.4708482798892,3.621488419063425,55.830976460441036,2.7499338129192665,14.942565127935723,12.562519840547253,79.98271330943305,57.946348166777,1.0,20.847780014460227,1.0,39.14519931178552,24.3543369865842,39.95646936187677,16.752530593318255,29.2312123443686,73.48346135784982,72.61901380720087,91.64763948633686,61.15337443158933,75.54997385039337,86.96632865979723,84.44731220264532,96.78591815813411,69.4156405997457,86.61493021938657,84.23552337241927,49.99999999999858,93.70817680018945,84.99941429810258,85.08412333851334,74.91866798595385
93097,2,33,22,2,15,29,0,102,Canada,10.970999308753136,79.42646223603026,1.0,47.70466906821406,1.0,5.030451167629934,43.8453517351694,6.966800263759168,7.391972611249315,45.40024373105052,11.881339115094278,1.0,19.490233876291597,13.513620199922286,24.035215611466498,17.11734969494421,17.11734969494421,25.93062308515377,26.715253344971444,38.2372666632848,71.05247102613345,29.07638395577041,57.1914253817464,1.0,35.1258481984101,14.378524128681903,79.92709893534379,42.68003802225007,87.59856168432407,73.33319121504621,80.97280035630354,90.96190324054191,72.49671585319584,81.35350509583145,79.86341080358977
100946,2,42,37,10,16,17,2,102,UK,60.16098206310011,79.42646223603026,60.5424373119057,59.13772006023231,39.96934393210995,56.08731942361942,43.8453517351694,56.31434375436572,44.29159025946308,49.58131153933135,72.33000753722172,53.441633783084455,64.3925588198357,43.67753549670533,29.04588386996008,36.531263140029694,11.138515019251571,44.24036830069821,49.99999999999858,29.566759293785054,51.03149623323941,56.59402553823344,42.80857461825059,81.41475722390544,40.99644796096635,42.17855658104003,55.302777255909916,65.03935511670318,48.5495490174207,46.8080809597364,46.766679265890104,55.668082219914254,40.094517212998085,73.06999613385693,34.571415401094725
159632,1,46,15,19,1,28,3,103,USA,66.57026742309819,28.5405116565955,82.47693013887124,68.70258339069414,16.292451020166226,50.53116852032986,96.28464744855683,24.248841379643494,5.302878311419761,76.14428173605461,33.70576361322108,19.2114517347637,17.445521498293687,33.69777385863253,26.542765947193516,24.3543369865842,31.512001956115284,13.27157339255723,58.269695887561284,16.400122364874676,67.93474740485391,46.35277685339031,17.11734969494421,43.344921433791285,20.67268965707339,76.10995412150169,27.54053586276666,95.68148758840823,95.9638917775718,95.08507306204467,78.89148812638973,84.53344341718957,77.5637764425644,99.55215657014026,89.66055077540534
329918,2,28,58,37,23,17,2,111,USA,61.46053037047943,92.76668478665965,82.88265030505261,36.380627243456786,61.07139808454821,40.894584213473934,25.80553116473422,58.67830270104173,50.63550054933802,62.034618989035664,92.17849549876689,59.13772006023231,23.061104035291663,58.25364669194022,29.04588386996008,17.11734969494421,14.002342391831263,8.03219799034747,21.487023866808073,88.15258071082917,71.05247102613345,83.3149210976419,66.54624894983101,96.55305110436132,70.54709916894535,72.76718201217892,79.92709893534379,42.68003802225007,60.09157733583032,46.8080809597364,20.33982698209911,85.98172945970623,95.65775474633347,30.49117442662336,58.035300002071665
217124,2,34,27,19,23,19,4,105,Canada,54.90627060670437,79.42646223603026,48.12729488399276,92.14274646283457,29.81782479991668,31.1132506634697,34.571415401094725,30.532174046879902,15.669449792360979,29.2312123443686,40.17220037646791,88.64046967681088,19.490233876291597,29.589779021082336,59.821672241187855,58.313084197575165,82.88265030505272,30.29568662558205,67.74027334454553,65.28896729696976,30.852352642443492,67.52247311050343,16.747620550392412,70.65410972728665,85.58941731904213,57.8214434189569,91.24648810278018,48.305582994432655,91.84447230878266,93.32981256886353,77.63595327780763,97.83343767738234,76.67913134796015,59.21514729374104,87.05895219246986
175718,1,24,4,45,8,19,8,103,UK,54.809833445474396,84.11426570792503,73.70462543469392,22.733263538806,12.407428221726605,50.53116852032986,72.13117650841292,56.56910333802563,45.63444639669791,40.92026450019563,57.946348166777,33.2971634767795,61.349416119693956,83.99766180589484,15.510568996188653,49.56063603396092,35.683822142085546,3.042668936525601,23.934694948060837,4.872688754605363,42.903871202689004,70.55319544967148,78.35350300402342,43.344921433791285,41.14506162258914,80.43433057250775,91.93618207072097,33.53431189536067,33.894274244368205,26.016015886155145,24.36667743994991,37.06068052157116,69.21080137353118,35.09415280946621,37.61317345856344
99565,2,18,37,50,14,9,2,102,USA,20.39930824141649,62.7658086140799,1.0,42.36174007540245,1.7823386851823528,86.22881786419691,5.27852589402211,55.157851850383736,85.63451242578503,79.81194919210759,38.816119411727584,77.94852195433975,49.99999999999858,2.6242539865913415,94.05021961510249,78.501107382834,86.04643655114467,95.93025064599658,91.1626011391437,71.08701564560687,90.31994505042348,3.169441517971876,45.676489579080624,11.657982565176184,41.82043671123682,17.480198646710647,1.0,1.0,54.73877103055514,66.39018662627882,69.83155565887887,13.553030566519794,38.087158236754135,99.63785082300456,47.19168211406509
128311,2,27,16,52,20,9,8,102,Canada,69.07417815518039,75.34008785972469,77.8280525063858,70.13473438320716,39.96934393210995,70.76878765562856,43.8453517351694,61.02434518925406,44.29159025946308,49.58131153933135,72.33000753722172,64.72479717011902,64.3925588198357,53.41024752405781,65.26968896715852,62.61750720984338,52.09291350348076,72.34611144766149,67.74027334454553,65.28896729696976,45.87796928698316,52.39052757327329,28.966673346581445,46.256957089828006,93.17991654500008,27.23281798781821,60.55156695181773,53.95060925674363,94.39016817488687,99.38420598162554,42.743613439347484,99.54391727273241,49.525487831820726,99.08232312195366,87.05895219246986
77618,2,44,24,0,8,16,9,101,USA,26.560248486689005,47.596179817294626,87.43748015944948,70.13473438320716,9.068460239733724,7.601480727013083,11.02956043416009,30.532174046879902,15.669449792360979,66.06762283826549,46.70688036593572,41.99495664515888,7.648959173274079,43.67753549670533,52.02032500607646,78.64360704103217,82.88265030505272,14.245908175891344,56.018839058953176,56.37210185571547,13.678416211778597,82.22665393007685,66.54624894983101,70.65410972728665,85.58941731904213,67.94879774837898,60.55156695181773,80.19514273855225,96.10318790789006,81.08909424315777,77.63595327780763,83.17396400423456,93.41517453375116,94.13055647783642,99.37747445535263
180896,1,18,31,58,16,27,9,103,Ireland,38.93784183262085,31.560378358973026,63.571847377224856,6.007587643171647,51.6679506587941,71.41099419704676,38.96105870641554,30.654535915186386,66.85561577610315,25.56560193899287,67.1714764496063,33.2971634767795,49.11031994197003,1.801184585825851,68.72579499754693,59.293134367405116,86.71349351135382,22.58667220257354,17.11734969494421,96.10945031112965,71.8673250198251,83.75714200010668,99.10539284662502,25.968848382253157,86.47075137508511,89.77479615703214,73.67177934677,38.059457108195716,14.101077450574905,7.297609726258017,3.266656796991086,30.373205774212465,38.54997813635191,85.78653499209838,1.0
19858,2,20,37,17,1,22,2,101,USA,21.500199199095363,42.291087082205365,46.87999385447824,78.930623981037,12.97238277253956,10.39944639469067,7.821504501229896,74.79591321526004,70.31730040788568,83.21243289066717,44.67079951304356,77.94852195433975,71.58235461751946,53.694512358255906,66.10747620334979,55.01669969009657,66.35762173414804,88.84463139580612,40.51926937632845,54.33520075618111,55.58203895537741,40.753515167059845,77.82092340640315,30.63218018601941,41.82043671123682,66.12530199496246,21.62407111251096,18.363391319755294,74.61390353739296,93.91650313720686,54.686835292814635,78.40254957459194,33.637604863282434,92.82346852083447,65.67904193769476
133601,2,24,23,50,0,15,9,102,USA,98.08421631110821,92.76668478665965,91.4048634828622,53.441633783084455,88.24351183291469,87.33959614283856,97.12389438060234,24.08651686623992,44.29159025946308,62.034618989035664,1.0,59.13772006023231,23.061104035291663,13.513620199922286,52.02032500607646,17.11734969494421,11.138515019251571,44.24036830069821,16.654099179040458,99.0,84.06143549742728,70.14729967836013,13.22223083227749,58.701033451356636,80.98379288575211,62.94967134706582,87.88726300699477,80.19514273855225,43.72883117512026,17.470860014697195,11.325256012873183,36.88851327944508,93.41517453375116,73.06999613385693,53.319429804707454
325847,1,21,22,14,15,27,0,111,USA,9.828517975677329,19.243841141222532,5.498141602288726,68.70258339069414,92.27885279287841,1.0,2.7499338129192665,80.03831038881117,70.07894547098209,89.92405368224854,33.70576361322108,90.61178652490548,89.7400143986439,38.39571010362192,97.90090381146501,85.51395057332343,99.65755296940029,70.33237939477914,95.34962570683183,95.93501744805155,72.61901380720087,1.0,5.3028783114198745,1.0,20.67268965707339,31.333377765149464,1.0,1.0,26.25321003760584,30.050868353950648,9.892669062583508,9.994604431249229,28.20459265453337,68.60058485381398,66.08916647993237
81892,1,31,5,18,20,15,10,101,USA,64.0107868215058,44.08104661749974,23.542947406190677,82.4708482798892,56.4544420238056,71.15813214473707,72.13117650841292,80.97280035630354,93.46684484996422,40.92026450019563,33.70576361322108,87.16186232831421,89.7400143986439,80.17625967302877,25.55152039538754,8.194386905717607,23.59305727208681,78.68758818548724,29.2312123443686,24.042900881524474,37.907163869258454,39.89486403050768,47.19168211406509,43.344921433791285,25.42533077083897,41.27219492504753,42.291087082205365,59.37039484136545,41.03177063736115,30.050868353950648,65.09172431362839,51.45242388555505,77.5637764425644,7.927984176145856,24.240696134801567
262342,1,21,57,58,21,5,1,108,Philippines,31.16317994924262,15.084048449017757,78.23795352732941,37.376126900058125,51.07837601973398,12.47330482372206,37.80945197566672,48.49807485961452,33.4297325768986,59.079735499801416,17.593372748471154,59.50871942031665,80.53865605787837,29.1417526603677,82.27597600979277,74.87692820914225,99.27438496336617,37.77526335357368,80.05715289906334,69.21080137353118,63.080058676461306,54.16723352054123,70.07894547098226,59.94916971135797,52.223645153743746,36.23605888348368,47.42212440251018,48.953336685814406,54.775405076022366,64.91753336498903,31.28674622915665,40.608585512881746,46.256957089828006,63.96838866723374,82.88265030505272
320850,1,31,11,41,1,19,10,110,USA,26.27784511435877,15.084048449017757,15.142455099184048,1.0,25.158187457547825,80.35947022086873,83.22054561069058,55.42115643732558,51.87270511600434,76.14428173605461,39.636916846050894,19.2114517347637,20.847780014460227,98.80352516407754,2.582409397213084,3.890549688866855,10.309452760825593,10.121619831216094,58.269695887561284,4.872688754605363,3.7302118512646842,21.853869260693415,7.705354041128103,32.54383356563801,8.743747773108822,41.27219492504753,62.7658086140799,43.73447948589535,26.25321003760584,38.5265098022748,21.10851187360717,26.858617186241332,69.21080137353118,21.84035593194926,16.380896680795246
49168,1,17,14,11,3,8,5,101,India,36.4753515861176,31.560378358973026,48.47497472547985,54.704020423288796,29.94808702969675,23.257757659384367,56.6550785662057,79.66701669274369,41.772148309260274,96.19641336868813,31.693301589254332,33.2971634767795,88.62160056241169,94.95017036800039,34.02330933641292,71.98677542110562,70.25374326944495,5.9865258881513626,17.11734969494421,29.07001713775793,28.1326749801718,88.28521128212947,66.12530199496246,62.10760514616891,78.09129834681312,69.14764735755358,99.36747822895325,75.19121993617478,72.47619571226187,84.28738319745946,59.38280421729479,81.67317048033544,67.00192895808408,50.55606614092534,43.80047150705559
141198,1,23,38,18,20,1,11,102,USA,76.30435748423997,60.18072278051625,86.36991465860137,95.58814230780956,30.02594327788131,50.53116852032986,68.07622402073508,38.19972999599139,22.171947493611015,79.98271330943305,39.636916846050894,38.409904521478666,32.1448990198478,29.1417526603677,30.611790322493704,49.56063603396092,57.44425564700225,37.77526335357368,1.0,41.60700518705539,37.907163869258454,60.616367792114204,24.859259813697662,70.5644345908944,41.14506162258914,41.27219492504753,94.62054579848518,64.46531457556091,99.41575148522531,99.20409812900482,97.44729224583023,99.67236513062483,99.6502889820996,35.09415280946621,94.93180673518896
244604,1,23,1,47,14,22,0,107,South Korea,33.683837853000824,23.74815518018309,63.961477249015104,63.652467915599175,35.108318953570915,20.508511603777947,33.58339906695974,73.09697535956519,22.171947493611015,99.6444639680102,57.946348166777,33.2971634767795,73.30402866692373,76.07937539063823,76.77998568408236,74.87692820914225,97.0995258424665,65.88150455292742,40.56094673416658,60.2364043211619,58.10228715703602,50.26072343207289,51.87270511600451,43.344921433791285,41.14506162258914,51.547120780486466,37.234191385917086,74.16973230320127,43.76133550397299,60.60359954468936,53.823398285471114,30.168444341118146,32.54383356563801,30.49117442662336,66.08916647993237
312747,1,20,27,56,18,12,6,110,USA,57.823285252184746,46.8616625569893,68.4116241520884,69.90073238460064,57.20631330942837,61.925522292421476,30.46290046715066,74.44983440704169,54.44332608373202,78.41464627708172,82.88265030505272,74.50142217039121,78.58858792556782,31.15277637369209,85.37966302933592,94.46438281850646,83.79928255838342,73.21175121452501,58.854938377407905,54.82628182415766,87.96288850524809,74.32201462908336,86.01734838160507,81.21427908087765,73.40738137626522,73.84643900984258,29.969793772770913,48.90503595078849,43.41098862817881,50.4621874971607,22.331027267183856,23.44500415731204,38.54997813635191,89.55586279109923,60.65892388614958
118633,2,33,24,35,15,25,5,102,USA,81.74165331337178,61.91892508169872,54.36555360329919,80.15066620083473,39.96934393210995,90.63018663441358,90.17368850612843,72.31400909685436,56.97016483628056,66.06762283826549,72.33000753722172,59.13772006023231,55.989958694574455,84.36304352175205,41.948427437952034,40.8204093289915,20.457096935902428,72.34611144766149,38.04138284016847,51.824706498066064,45.87796928698316,26.529765381992576,28.966673346581445,22.701518884824225,46.98563916064137,27.23281798781821,39.44843304817931,42.68003802225007,66.63303645055572,77.31892438549448,80.97280035630354,80.1804787722698,40.094517212998085,44.64654924803892,43.8453517351694
132856,2,23,49,14,12,10,9,102,USA,61.46053037047943,79.42646223603026,54.36555360329919,59.13772006023231,39.96934393210995,61.101068989654436,48.576617450646324,61.02434518925406,56.97016483628056,69.99751071601315,72.33000753722172,59.13772006023231,68.46322926279544,21.025779143228192,23.068049447959936,1.0,27.705051260604677,3.453357380102119,61.958617159828464,65.28896729696976,61.25946572680101,6.930956849954356,1.0,81.41475722390544,1.0,1.0,70.67123342360873,21.671423710050647,89.5097924353447,95.50891987977968,77.63595327780763,80.1804787722698,84.3242218657266,77.33488278773791,75.85958331893107
227129,2,16,18,53,21,6,0,106,USA,50.39837934269161,88.78225472418683,90.6625911128209,1.0,70.35319944682698,78.44189817358415,3.2140818418625656,58.57189268800664,58.55236278061574,55.989958694574455,87.62929142411929,54.063262499480516,54.44332608373179,31.027056149688406,33.12031365087046,26.575607003584423,5.939946185458581,17.457719845957683,46.82434645388838,74.9804753003109,74.88244503141595,85.88946972652013,91.69327997565881,92.59095325683506,63.53406225256617,86.01734838160507,40.39427439640821,73.55834364977648,21.312411814509602,7.01428938131528,12.286541527247522,35.72345774980255,61.01069607724554,34.12556235771552,37.933206440742254
72898,2,18,48,44,23,31,7,101,USA,71.03661287024966,76.99736846540372,40.6838208567944,87.28581834787838,26.569667184096602,74.11744885089718,69.30757411611546,78.73224755234617,70.31730040788568,55.989958694574455,83.3382186311095,92.39851927298366,86.18427994672345,35.40405306078168,92.4546440884443,85.0883262902704,83.18027635575788,93.92483677307791,87.07656476530121,62.88780464148539,90.31994505042348,93.48345155439324,77.82092340640315,80.57794121246536,90.48753652855896,96.49354313673075,55.58203895537741,89.95808132590957,57.56602231005212,78.53212677802628,9.752262657503962,42.977345193462895,38.087158236754135,99.63785082300456,82.15417819623713
287206,2,30,55,51,15,6,5,109,UK,19.748315968039748,75.34008785972469,35.81736676013651,75.29940096995824,9.068460239733724,1.0,34.571415401094725,49.16405435112665,50.63550054933802,53.76502334688104,16.61144435151772,88.64046967681088,94.14497980466729,1.0,93.25686235996943,32.33683325556629,76.00485587797846,98.81719090513047,61.958617159828464,99.0,84.06143549742728,14.997867088827974,20.573537763966584,12.993014428773478,24.056666816970278,27.23281798781821,34.30761847227842,37.13891197395856,30.64249185999057,10.946747345357721,77.63595327780763,19.819521227727023,30.986852474538694,35.09415280946621,43.8453517351694
63689,2,32,51,18,18,16,6,101,USA,75.08560987423277,71.03332665341549,72.36136535016311,70.13473438320716,20.508511603777947,79.64120213339004,83.6093633598631,49.16405435112665,44.29159025946308,37.15180008304583,59.82779962352896,47.70466906821406,34.78467417757349,76.50027093359677,23.068049447959936,13.85480603215845,20.457096935902428,21.773925274910596,12.295540239747453,51.824706498066064,71.05247102613345,67.52247311050343,75.34008785972469,64.78278589337833,35.1258481984101,57.8214434189569,70.67123342360873,59.55017917542108,50.483537963805134,33.40694941671984,54.846168774782996,44.33191778008268,58.97185396875591,49.51248786451873,67.23225874558347
29207,1,26,7,41,14,14,3,101,USA,78.57741284847634,44.08104661749974,53.66061046757994,89.95808132590957,85.3108077081198,84.49314686490402,50.87869737842715,38.19972999599139,51.87270511600434,79.98271330943305,17.593372748471154,54.24481320760782,28.224864339480575,16.742576542171378,43.5455579761915,40.8204093289915,23.59305727208681,74.61390353739301,40.56094673416658,77.5637764425644,15.574641162813691,16.616973119975455,7.705354041128103,48.88792965914092,16.266918122059394,22.12609129554656,37.234191385917086,38.57759101883818,93.86347100506055,80.77786188366656,97.44729224583023,99.45754984938719,50.93650051561667,91.51438874914072,70.59207196494458
167388,1,29,38,50,23,30,5,103,USA,19.443322487838827,49.46078375067634,23.542947406190677,4.878981883811036,3.621488419063425,75.896469460812,37.80945197566672,16.673556631482512,33.4297325768986,20.017286690563964,33.70576361322108,1.0,17.445521498293687,67.22611925578326,3.3657144731954673,3.890549688866855,13.234684165010492,7.341158704576031,29.2312123443686,20.095747650381668,8.762443248801645,27.5456539692766,33.429732576898715,27.409635915245588,3.351347693632576,46.3923581404963,91.93618207072097,11.829477806808967,38.32691469272032,38.5265098022748,27.76615118607495,75.7080910490638,60.2364043211619,1.774113606830312,47.11585655441377
86879,2,15,58,26,16,15,11,101,USA,43.77326090641202,18.736579827812932,81.90890646608625,96.3006166334876,31.747142483319834,40.03544926577973,10.799514522117988,50.57400305976853,34.29014070741786,72.40894963476512,33.104268824151234,43.91268057637768,36.79687690902773,71.52971542119849,85.98482462745812,90.7025534667996,83.18027635575788,79.00918395050098,65.64711765724587,62.88780464148539,79.22231631654597,90.74422223118506,69.25788961302214,41.86477327317664,93.5656869093541,78.74483379669266,99.56900376775138,78.16576113284259,62.22473664642342,66.39018662627882,83.1835362374826,64.98860679804358,29.316092305772713,39.50535605806317,74.31609562768182
118305,2,18,35,15,20,22,5,102,Canada,30.925821844816483,14.79180849177061,18.091093533910794,74.22680595634887,3.6415008991581033,78.44189817358415,40.17220037646791,99.55408872918065,99.40126536806883,60.225336049293276,91.38663287631312,98.53046748171107,99.65809073671483,99.64540712382814,58.20274260666406,74.90872601174459,28.593976969392457,95.93025064599658,99.34182912325059,1.0,45.430036846224084,50.489187386854496,81.75583192499732,64.95948197352692,73.74048971379887,57.003317221551015,1.0,37.376126900058125,30.545479159098193,66.39018662627882,66.15957653940058,32.194701977513006,29.316092305772713,2.7568964400769715,24.859259813697662
114746,2,37,8,14,16,26,4,102,USA,46.94743986023093,79.42646223603026,60.5424373119057,80.15066620083473,12.47330482372206,10.636437729519969,53.319429804707454,35.0423946983492,63.20312309096943,29.2312123443686,46.70688036593572,16.239754440940516,38.93485830207197,48.53763055243792,58.71657309947739,74.87692820914225,68.43962164102402,49.03819143458776,12.295540239747453,38.2372666632848,84.06143549742728,37.05233351832487,33.453751050166034,46.256957089828006,70.54709916894535,5.009971493021538,65.69238152771845,42.68003802225007,77.13505472270435,60.42477581553817,97.52572732097963,63.11148672055191,68.12570526155298,26.059328894242867,92.91508350555785
305647,1,20,13,57,15,6,2,110,USA,25.869896043434807,26.762908542514083,43.40796818255575,15.921465128015797,40.597419457146316,52.004524179074735,26.412032535376227,78.6549452935052,60.728061954840825,85.64602139611941,61.37045033015977,87.16186232831421,74.77065778176427,45.5566739162652,75.32287974272674,59.293134367405116,66.51034893630327,77.41332779742356,81.89134079507176,79.3726221047068,52.505314968993446,23.240862203054206,10.799514522117988,46.284843661040384,17.535418683808842,73.84643900984258,44.49629171536981,7.301470312646643,42.355252385079496,16.409363679595884,63.565929724145064,60.755110706404594,20.971115789764326,72.08762914155761,32.81043085041472
222380,2,39,33,57,12,29,8,105,USA,70.30463925686774,42.80857461825059,91.4048634828622,92.14274646283457,66.19844583264802,26.468749470533226,62.685739247457434,63.34756260024528,56.97016483628056,69.99751071601315,66.20780177702142,80.15066620083473,23.061104035291663,67.68583273799294,66.340228404796,58.313084197575165,52.09291350348076,90.8455915333858,61.958617159828464,65.28896729696976,35.73896974224084,73.97148887203758,38.0810749182985,86.12872371318815,80.98379288575211,81.65516168436488,20.072901064652967,88.55650798049987,39.90842266416678,33.40694941671984,31.027056149688406,33.25967091737266,54.26599085816497,39.82652432314637,71.63636970116852
289356,1,20,56,45,18,4,7,109,USA,40.179112771535245,10.464903476895557,38.402503035148015,64.96770596500653,5.482562088990235,32.307703355288595,97.0516221226593,74.44983440704169,54.44332608373202,99.63342667669883,55.419208390362996,43.64141819818519,70.76878765562839,45.5566739162652,50.41624004122423,67.87501701242121,50.79971971025083,64.24761339053771,46.19023280498891,11.443492019496944,67.21963358910307,69.71386132287404,78.74483379669266,62.10760514616891,68.4693093138481,64.26103025775632,44.49629171536981,59.797915543157785,49.78689343301022,68.54137944829739,12.433999980826059,53.09290701174194,20.971115789764326,89.55586279109923,66.11822851590068
12112,2,17,16,48,14,27,1,101,UK,62.23679065417673,81.26342017218394,53.12000614551897,58.71997976386746,17.11734969494421,55.004959023812035,78.09129834681312,36.93582622187421,6.052488078137884,79.81194919210759,33.104268824151234,4.1425430837941235,54.44332608373179,62.81128849233477,6.050740483506303,13.115617267684058,10.306438846305383,6.075163226919031,5.444812706922107,37.1121953585116,17.51142959544154,74.0165664377023,55.28135202338723,53.49797160417478,36.46593774743093,70.51059471376072,97.54046586676623,73.55834364977648,98.15081607196635,91.4785362151789,83.1835362374826,99.6748331107093,96.00986929477745,95.52741118509812,82.15417819623713
91231,2,51,30,16,6,19,0,102,USA,96.29820558493748,95.15007002202924,91.4048634828622,95.05909897483161,55.830976460441036,93.48525340387232,67.23225874558347,59.8538702911282,74.99408138629997,21.85000045652049,66.20780177702142,97.32139648326427,98.74639590052823,1.0,98.48592827132052,91.29658428621372,82.88265030505272,99.52784010077323,97.14333250648781,65.28896729696976,93.86748181121254,17.11734969494421,83.25237944960452,64.78278589337833,29.452900831051807,32.05120225161804,12.112736993001931,1.0,6.576142251006971,1.0,42.743613439347484,14.018270540290615,1.0,81.35350509583145,3.5713024619715696
74526,1,28,23,30,13,21,8,101,USA,34.960644883293924,28.5405116565955,68.9285864716831,53.185121557385685,56.4544420238056,25.0308986798388,18.145762469524954,57.71388256228914,64.18263323986054,27.89944823044962,69.75039977186134,59.50871942031665,65.44478241121891,52.92361192269021,80.50106903960307,91.29658428621372,87.97121727048989,65.88150455292742,29.2312123443686,64.78278589337833,77.08551834849004,75.23686499596874,85.68113180055286,84.56716102782389,52.223645153743746,76.10995412150169,62.7658086140799,33.53431189536067,6.797942102317592,22.158760642680534,9.892669062583508,7.84411282770229,4.872688754605363,35.09415280946621,12.887763580526325
300808,1,21,44,27,16,20,0,110,USA,26.27784511435877,84.11426570792503,19.180033328925163,68.70258339069414,35.108318953570915,1.0,25.510158467538673,73.09697535956519,80.9158733380425,86.90681568138461,51.840430352222086,87.16186232831421,48.729091361349106,43.19382167571155,99.34264517662484,99.6739347794877,99.0,98.15081607196635,40.56094673416658,95.93501744805155,96.66053255329552,70.55319544967148,65.67904193769476,59.94916971135797,90.59164364262006,66.72472775425962,11.217745275809932,86.73819538201224,51.10345090612287,84.23552337241927,68.71325377084054,17.681323668604676,20.095747650381668,44.64654924803892,74.91866798595385
69793,1,35,59,34,7,5,7,101,Australia,77.45020261383843,60.18072278051625,92.91134497975429,63.652467915599175,61.76273333671202,39.96934393210995,79.73389095000289,85.39489260873643,51.87270511600434,92.59912769456457,85.18869867852766,48.9377169468961,73.30402866692373,93.39157811109567,67.718919034203,74.87692820914225,84.87183008061447,61.29976780711877,46.4438168710891,24.042900881524474,77.08551834849004,95.01709834844974,70.07894547098226,80.238196328105,82.88265030505272,94.12361067440236,91.93618207072097,78.67594907520959,56.60376217596507,80.77786188366656,61.389447325112315,55.07623775225022,55.608646060651324,10.878069661841323,66.08916647993237
293040,2,21,52,31,7,29,8,109,Spain,84.78839140976675,71.03332665341549,72.36136535016311,20.791244461849743,94.37835650084708,79.64120213339004,90.17368850612843,1.0,20.67268965707339,1.0,1.0,1.0,1.0,1.0,88.59759370670099,66.8333246469353,68.43962164102402,76.59096398990584,32.25972665545132,99.0,91.03705908413644,50.984615629757,66.54624894983101,34.02330933641292,64.87415180158689,42.17855658104003,29.328766576388233,65.03935511670318,3.8968120921066003,1.0,8.80329369768259,11.41577431146905,3.947459569359083,59.21514729374104,14.282856410831698
51140,2,18,5,9,2,13,5,101,USA,67.33088911956207,67.6991349370075,76.76487650897081,83.30333675728741,42.68003802225007,17.505856384176695,82.11338376053402,22.231533074520087,28.557470106690573,79.81194919210759,1.0,59.105415786523,36.79687690902773,1.0,79.72462860548353,55.01669969009657,80.12018947505294,88.84463139580612,77.19398147516756,91.20833882965564,30.63992438136114,1.0,22.99667203151691,1.0,17.11734969494421,3.5064568632656545,4.800686793161333,14.33903948472684,98.15081607196635,85.57837300622441,99.39917624488169,89.43795809684354,51.84839431971352,98.9965433323888,99.60405501835646
25748,2,56,47,59,14,5,3,101,USA,45.622837950787414,24.65991214027227,77.8280525063858,47.70466906821406,71.15813214473707,61.101068989654436,14.282856410831698,85.99263405999045,74.99408138629997,89.9307629908659,92.17849549876689,70.13473438320716,79.81194919210759,48.53763055243792,57.60749806260782,74.87692820914225,68.43962164102402,58.61780956927589,26.715253344971444,47.263624580874534,45.87796928698316,89.26829161332523,86.77776916771938,98.49637425348033,75.94333318302654,94.99002850697514,49.99999999999858,37.13891197395856,13.747000525356498,37.79301445376893,23.74815518018326,29.71880108100757,18.605107809955825,3.3342664290154715,21.709330571400272
48043,2,42,55,34,19,3,5,101,USA,28.963387129747275,10.037438942349667,54.36555360329919,25.710640422264248,9.068460239733724,66.01067157866157,62.685739247457434,65.643046315258,63.20312309096943,37.15180008304583,59.82779962352896,64.72479717011902,55.989958694574455,87.83320591397387,26.00604461711751,45.17371817583938,39.60153246430622,39.49062956608225,8.490408007008512,17.82700499716219,45.87796928698316,62.12803491908494,75.34008785972469,81.41475722390544,29.452900831051807,18.344838315632046,79.92709893534379,59.55017917542108,49.51646203619191,55.91895338249731,84.11426570792503,19.819521227727023,49.525487831820726,73.06999613385693,21.709330571400272
166770,2,24,43,26,15,24,5,103,USA,91.78592354433022,79.42646223603026,91.4048634828622,80.15066620083473,75.896469460812,70.76878765562856,83.6093633598631,59.8538702911282,44.29159025946308,73.79784262959129,78.09129834681323,47.70466906821406,55.989958694574455,38.87170207648552,79.38519475590067,62.61750720984338,93.72983996355435,58.61780956927589,83.34590082095656,56.37210185571547,66.23505277541807,59.37446596097516,24.65991214027227,58.701033451356636,80.98379288575211,57.8214434189569,34.30761847227842,84.5933664326293,71.14096931653722,77.31892438549448,50.808806724323006,83.17396400423456,44.78883368500453,59.21514729374104,79.86341080358977
125155,2,25,55,52,8,11,7,102,Australia,93.242592776077,75.34008785972469,87.43748015944948,84.6203993462982,71.15813214473707,93.48525340387232,75.85958331893107,45.58642466126116,74.99408138629997,15.219684361003004,78.09129834681323,59.13772006023231,76.20132219233813,4.9480286306779675,95.8947367768485,70.92998286223917,85.99765760816524,76.59096398990584,73.28474665502551,98.67430310792042,97.96641038608618,83.3149210976419,86.77776916771938,64.78278589337833,85.58941731904213,52.615754574771245,55.302777255909916,84.5933664326293,21.23396677671755,42.27146376772623,17.11734969494421,14.018270540290615,14.973082087715454,68.60058485381398,25.80553116473422
124665,1,33,3,45,18,7,7,102,Norway,57.46714724560945,54.846168774782996,23.542947406190677,32.29361888896099,98.69267840476323,71.15813214473707,37.80945197566672,47.34351473968718,93.46684484996422,1.7707981883185226,22.60077033503822,87.16186232831421,80.53865605787837,16.742576542171378,62.378035374928515,20.62737789529018,23.59305727208681,70.33237939477914,95.34962570683183,91.22179970998468,53.04877238159048,15.632959071285342,24.859259813697662,32.54383356563801,63.20312309096943,7.487798406242291,11.217745275809932,28.6562827261815,12.367579483515215,4.520743135778574,31.28674622915665,23.662653344441537,16.400122364874676,39.82652432314637,6.975382297096161
13342,2,14,20,50,7,2,2,101,Australia,35.96323337219815,18.736579827812932,28.773707088354342,42.36174007540245,59.55017917542108,49.99999999999858,45.06434861754923,83.32359405003501,80.9504293154099,60.225336049293276,83.3382186311095,54.063262499480516,79.32731034292351,89.71574307109427,82.17095238376044,85.0883262902704,88.69781772945885,88.84463139580612,77.19398147516756,58.64095210559856,35.44845706311651,71.81880881872138,45.676489579080624,75.67701117574552,86.90681568138461,66.12530199496246,55.58203895537741,63.652467915599175,22.914481651507117,35.331007974480485,28.017660032449186,25.42533077083897,17.47546846224384,56.10310053102842,29.059420566627125
62497,1,42,42,41,14,13,6,101,USA,81.83860691644213,96.58529297009034,48.4301341302492,32.29361888896099,89.02639377864637,66.19844583264802,79.73389095000289,55.42115643732558,93.46684484996422,59.079735499801416,27.999307699752535,59.50871942031665,48.729091361349106,33.69777385863253,53.56731399149413,58.313084197575165,39.95646936187677,56.62565795263481,10.420623092910688,64.78278589337833,81.28692149370818,6.50130922820118,1.0,13.81572005327331,30.46290046715066,46.3923581404963,23.002631534593064,33.53431189536067,22.257878287630604,18.510816413584024,21.10851187360717,9.994604431249229,46.256957089828006,85.08412333851334,6.975382297096161
261182,2,21,9,35,21,17,0,108,USA,56.226739093585024,86.77776916771938,48.12729488399276,12.124301089074606,39.96934393210995,70.76878765562856,58.035300002071665,69.0235336042864,56.97016483628056,41.24825991472602,53.29311963406161,75.29940096995824,60.225336049293276,90.94023274545907,73.59422740636819,58.313084197575165,56.26552051410175,67.90892130832316,67.74027334454553,69.59000458286471,84.06143549742728,55.196235194102144,71.03332665341549,40.06999034374928,40.99644796096635,72.76718201217892,65.69238152771845,21.671423710050647,2.8144615283315346,14.059962345009183,6.5624904528720975,6.9047873344051,26.650481798648855,1.0,17.855609388338962
325840,1,22,39,53,13,27,0,111,USA,1.0,1.0,3.278312869826877,1.0,66.94677104914928,12.47330482372206,59.61189674467573,27.318507249333862,51.87270511600434,5.102178680518591,45.709546168848874,33.2971634767795,57.18008180471179,20.62241428251221,56.89709495093541,62.61750720984338,53.073836758051584,16.752530593318255,69.674603705643,69.21080137353118,63.080058676461306,48.95717011571048,33.429732576898715,65.3435195458141,25.42533077083897,61.76273333671213,99.36197777571101,3.4748885625997303,12.367579483515215,1.0,5.657455689244756,75.7080910490638,16.400122364874676,10.878069661841323,16.380896680795246
137297,1,22,28,23,15,8,10,102,UK,58.78898860539044,38.76343628455788,48.4301341302492,10.714195593724298,66.94677104914928,91.55657756489688,72.13117650841292,28.365032930793234,80.9158733380425,32.114260191230755,27.999307699752535,23.643949523418712,2.7658619974431673,62.553226842568904,1.0,1.0,1.0,10.121619831216094,6.958337346731412,1.0,42.903871202689004,7.188608242623928,3.329479665443344,59.94916971135797,1.0,61.76273333671213,5.379454201511749,33.53431189536067,33.02158539217362,22.158760642680534,65.09172431362839,51.45242388555505,37.023634211068725,35.09415280946621,6.975382297096161
169652,1,21,24,3,15,22,6,103,Angola,66.57026742309819,38.76343628455788,53.66061046757994,47.87586579427381,95.01170584151157,84.49314686490402,37.80945197566672,96.05692016772173,93.46684484996422,76.14428173605461,75.28209110360444,69.69101146171175,94.45424987920364,99.52784010077323,74.84181254244908,62.61750720984338,99.65755296940029,42.433977689944925,84.67710944081546,50.93650051561667,42.903871202689004,47.65425523944333,17.11734969494421,59.94916971135797,52.223645153743746,46.3923581404963,47.42212440251018,74.16973230320127,33.894274244368205,56.21355262825239,42.373390311879234,23.662653344441537,37.023634211068725,30.49117442662336,37.61317345856344
39070,1,46,41,15,20,10,4,101,USA,82.88265030505272,70.4714220996438,78.23795352732941,97.57176437470537,45.69101423380141,80.35947022086873,50.87869737842715,16.673556631482512,12.562519840547253,20.017286690563964,45.709546168848874,33.2971634767795,20.847780014460227,20.62241428251221,60.19896459797957,93.70362584385214,70.12165053195866,33.216619884933806,23.934694948060837,84.99941429810258,15.574641162813691,80.7227527738338,47.19168211406509,84.56716102782389,63.20312309096943,71.5236105989706,57.708912917791565,95.68148758840823,96.68404532271688,96.89361746781822,92.35615236245212,98.9080454357719,50.93650051561667,91.51438874914072,89.66055077540534
203715,2,25,35,8,13,12,6,104,USA,73.91318539954938,92.76668478665965,82.88265030505261,95.05909897483161,20.508511603777947,70.76878765562856,25.80553116473422,32.76924519868169,63.20312309096943,5.057819312966302,53.29311963406161,25.710640422264248,23.061104035291663,80.57148528841765,15.00275558271403,5.857618735287204,35.53468542443608,1.0,16.654099179040458,56.37210185571547,56.175137629626704,30.373205774212465,1.0,46.256957089828006,53.01436083935573,72.76718201217892,70.67123342360873,17.11734969494421,79.56629049685546,87.84587842470967,87.03652229280976,59.414221282929645,98.73037638467201,49.51248786451873,39.164121453558494
14486,1,23,12,14,23,4,2,101,USA,29.921054529014697,60.18072278051625,53.66061046757994,32.29361888896099,16.292451020166226,25.0308986798388,37.80945197566672,42.743613439347484,33.4297325768986,79.98271330943305,51.840430352222086,59.50871942031665,48.729091361349106,2.811291111333418,64.53469706952234,28.267673322213682,48.68203031647215,56.62565795263481,18.98397532185942,99.17350952235233,77.08551834849004,5.845772608516953,42.532852754387704,13.81572005327331,16.266918122059394,7.487798406242291,27.54053586276666,3.4748885625997303,68.19126810078166,22.158760642680534,61.389447325112315,69.15744480784218,81.41475722390544,85.08412333851334,66.08916647993237
194497,2,23,15,8,18,4,2,104,USA,27.75452105206142,16.747620550392412,60.5424373119057,75.29940096995824,9.068460239733724,83.66082146415988,1.0,57.49825599633937,44.29159025946308,94.55163964211795,46.70688036593572,16.239754440940516,26.81939930077658,80.57148528841765,28.022137659961686,24.3543369865842,35.53468542443608,49.03819143458776,2.8566674935086525,42.72307250299582,56.175137629626704,21.652703151403728,20.573537763966584,46.256957089828006,35.1258481984101,77.35318352774686,34.30761847227842,1.0,89.5097924353447,77.31892438549448,66.6913920797009,90.96190324054191,95.65775474633347,88.48499779615781,67.23225874558347
172054,2,31,9,37,13,16,7,103,USA,95.18064571446268,71.03332665341549,91.4048634828622,47.70466906821406,98.33210374463852,90.63018663441358,87.05895219246986,16.29519370010948,63.20312309096943,12.252212217087475,21.90870165318364,75.29940096995824,16.135186567182956,1.0,99.32965033164578,78.64360704103217,98.9702356665,90.8455915333858,78.51297613318877,99.67349385417879,71.05247102613345,85.41314717203397,97.0726464310278,46.256957089828006,89.68114552481791,27.23281798781821,55.302777255909916,98.75950003467142,52.41687527482202,46.8080809597364,46.766679265890104,66.74032908262433,2.259118008828409,99.55215657014026,39.164121453558494
187718,2,16,13,3,11,14,11,103,USA,6.757407223919472,8.063817929275558,13.42929580372271,31.77158528160487,12.97238277253956,17.505856384176695,26.19180591511258,88.26063919622436,75.81695156631247,89.26937941052824,68.01434649002357,54.063262499480516,86.18427994672345,89.71574307109427,15.650470586328225,7.834533999019911,51.16041356852554,1.0,98.8901688239149,11.50714455443594,21.62407111251096,34.81006046918327,27.220086945751973,11.657982565176184,31.25925362667769,52.34060397447763,60.60359954468936,53.185121557385685,94.133750263911,93.91650313720686,86.07981064123248,89.43795809684354,99.65245924619376,50.55606614092534,85.68113180055286
79882,1,16,10,49,19,1,10,101,USA,27.00007801756317,22.202985535358806,33.50591881826929,34.03205562984181,46.11100570929818,27.678385686496995,43.344921433791455,49.75540367085159,60.728061954840825,47.689773852054714,43.382320882034605,43.64141819818519,49.11031994197003,55.42754164975008,38.03451289691452,28.82365187556678,46.80296378872333,26.78824878547178,58.854938377407905,50.43936396603607,37.5868434385456,36.060147305704845,42.99668277844631,67.20549961186697,26.592618623731795,38.740534273195976,49.49875553694591,18.402231663414995,39.20861301231855,41.258983812307235,33.9659964500367,45.36397585546422,62.38682654143372,23.966802620214708,43.80047150705559
212532,2,20,22,24,14,2,1,105,USA,39.839017936896994,37.234191385917086,71.22629291164247,53.28300011763815,53.95060925674363,25.882551149099697,26.19180591511258,91.15048552760663,75.81695156631247,83.21243289066717,94.53506955940702,54.063262499480516,91.89955310846108,83.23803042156646,63.17851639771209,85.0883262902704,62.64068640317316,14.16905281531848,53.17565354610883,62.88780464148539,79.22231631654597,82.21719582370815,40.90811813974602,89.10644890369588,93.5656869093541,42.99668277844631,95.64331458828849,68.70258339069414,44.31686177731541,39.70545999798901,54.686835292814635,50.37071458413487,69.83155565887887,45.002837651201844,24.859259813697662
254457,1,35,40,55,5,5,9,107,USA,83.90374516560996,91.35510392462345,73.70462543469392,73.55834364977648,56.4544420238056,61.07139808454821,76.0272500337062,10.211515644324919,1.0,7.400872305432202,85.18869867852766,1.0,8.712627306090496,67.22611925578326,17.203542759018035,45.17371817583938,44.299389968876426,3.042668936525601,1.0,20.095747650381668,81.28692149370818,71.74550057943685,17.11734969494421,97.0516221226593,20.67268965707339,91.34138000293683,62.7658086140799,86.73819538201224,83.23620093265754,73.19020655694652,38.61055267488479,78.80054278806642,99.17350952235233,49.51248786451873,94.93180673518896
112548,2,20,46,42,16,14,4,102,Ireland,73.43975151330824,67.6991349370075,71.22629291164247,53.28300011763815,59.55017917542108,69.5661629611684,73.80819408488429,1.0,6.052488078137884,1.0,1.0,1.0,1.0,18.93461870143412,58.20274260666406,85.0883262902704,80.12018947505294,32.751143231381775,1.0,54.33520075618111,83.27341643809916,59.00559432491707,50.48092431787023,25.344952235595855,73.74048971379887,57.003317221551015,70.30114211772138,58.46198478449537,49.99999999999858,53.15156358542765,15.053531811709632,57.75674281970055,29.316092305772713,95.52741118509812,70.07894547098226
192477,1,24,59,56,3,18,1,104,USA,99.0,96.58529297009034,89.86526647580195,93.03225210487653,98.69267840476323,80.35947022086873,99.0,46.19023280498891,96.31194226343769,1.0,45.709546168848874,59.50871942031665,17.445521498293687,95.69365444961386,69.80205092731984,82.19946571129663,61.76273333671202,94.59131117331833,14.454226894048105,41.60700518705539,72.61901380720087,75.23686499596874,85.68113180055286,54.44332608373185,82.88265030505272,31.333377765149464,14.79180849177061,99.0,24.630592532850727,11.969716158754522,42.373390311879234,33.57488279193916,16.400122364874676,63.96838866723374,16.380896680795246
43209,1,17,13,15,23,21,4,101,USA,29.30098431528708,46.8616625569893,48.47497472547985,34.03205562984181,51.6679506587941,23.257757659384367,18.86528799783011,68.89000863165478,54.44332608373202,74.43439806100423,67.1714764496063,64.67544802501914,88.62160056241169,22.32598403303976,28.20459265453337,5.968650376483794,6.866545220718976,40.434807185092495,65.039355116703,86.1451939678384,19.495118163150465,30.050868353950648,33.87469800503456,62.10760514616891,26.592618623731795,54.122030713014226,59.47192606071229,1.0,72.47619571226187,36.740964169189226,71.63116465773368,60.755110706404594,75.75930386519542,92.82346852083447,60.65892388614958
286535,2,20,45,25,13,22,4,109,UK,53.05256013976634,14.79180849177061,53.12000614551897,9.848895463132322,92.01962974840148,59.96455073421714,82.11338376053402,94.2497690484131,75.81695156631247,68.46322926279544,98.70453490515831,64.06235791054274,98.8901688239149,86.63338107695051,75.41691033253403,93.07869517425445,55.02122998860722,54.388598308683754,99.34182912325059,21.3027614855734,79.22231631654597,99.6308985207595,94.2497690484131,97.64277972473144,90.48753652855896,98.04914646712541,99.56900376775138,73.55834364977648,18.98397532185942,35.331007974480485,12.286541527247522,28.75587535527049,47.22811985829236,11.15984711503495,33.429732576898715
319350,2,28,51,9,14,28,9,110,USA,44.30101977490665,33.453751050166034,66.57026742309836,30.92981159264579,34.81530240400832,51.01676241556953,62.685739247457434,18.14227509165019,7.391972611249315,66.06762283826549,27.66999246277524,20.791244461849743,34.78467417757349,2.9804961449534773,41.948427437952034,20.62737789529018,43.73447948589535,14.245908175891344,49.99999999999858,91.03705908413667,45.87796928698316,39.79627687716339,38.0810749182985,58.701033451356636,53.01436083935573,42.17855658104003,60.55156695181773,12.97238277253956,81.90222459853464,51.36864963094524,80.97280035630354,70.28119891898956,90.75306645260173,97.95626338386808,48.576617450646324
132821,2,40,32,6,4,10,9,102,Canada,93.242592776077,79.42646223603026,54.36555360329919,95.05909897483161,75.896469460812,93.48525340387232,79.86341080358977,33.90161694370457,74.99408138629997,21.85000045652049,40.17220037646791,20.791244461849743,30.736721929339495,53.41024752405781,52.02032500607646,45.17371817583938,39.60153246430622,72.34611144766149,43.98116094104404,38.2372666632848,71.05247102613345,39.79627687716339,13.22223083227749,64.78278589337833,70.54709916894535,18.344838315632046,12.112736993001931,94.9177941025722,77.95551269266787,93.32981256886353,96.05692016772161,96.5505293341688,6.101515552794581,26.059328894242867,79.86341080358977
43835,1,28,1,49,13,23,4,101,Canada,37.542901467615934,54.846168774782996,53.66061046757994,18.363391319755294,40.348835575312364,80.35947022086873,14.805765312576852,97.70654766693576,80.9158733380425,92.59912769456457,75.28209110360444,96.0323757739917,96.30317990276797,87.50184206961114,68.76478672424895,49.56063603396092,61.76273333671202,74.61390353739301,84.67710944081546,50.93650051561667,63.080058676461306,46.35277685339031,56.53893235643574,59.94916971135797,46.66577108930471,22.12609129554656,85.20819150822626,15.530101051614082,30.436239947678615,26.016015886155145,68.71325377084054,23.662653344441537,64.78278589337833,7.927984176145856,20.178564309796258
332514,2,20,37,43,10,21,3,111,Thailand,50.39837934269161,3.2140818418625656,81.90890646608625,42.36174007540245,92.01962974840148,74.11744885089718,21.90870165318364,98.97317618771842,96.15818163064591,72.40894963476512,96.99942804511682,82.09122407614211,97.77679069619751,96.72922815285358,59.205547433731795,93.07869517425445,69.9848920385781,32.751143231381775,28.417645382477644,32.953691042920525,65.52574711047504,81.25069600859786,85.40624108122324,80.57794121246536,90.48753652855896,78.74483379669266,21.62407111251096,73.55834364977648,1.0,12.51925154915159,7.472242555693413,1.0,2.0528534047376468,1.0,13.649579136660321
286999,2,17,33,12,18,2,5,109,Philippines,89.02900069124371,88.78225472418683,90.6625911128209,87.28581834787838,98.75950003467142,74.11744885089718,17.88661623946294,43.70095510302724,18.07413941207355,55.989958694574455,22.40974990335252,82.09122407614211,86.18427994672345,4.376414170462738,84.50104813567418,59.164320907627484,80.12018947505294,75.2622122206759,46.82434645388838,93.59987873933267,90.31994505042348,75.09561146057843,22.99667203151691,36.162632748775025,82.88265030505272,82.5198013532862,90.31994505042348,82.4708482798892,44.31686177731541,48.64867122355571,76.81782783447204,57.75674281970055,38.087158236754135,19.311718575472838,33.429732576898715
286783,2,17,28,11,13,28,4,109,USA,47.743186278867086,52.57787559748709,76.76487650897081,26.74848719592285,59.55017917542108,64.83340781780561,17.88661623946294,73.7798081881059,85.63451242578503,43.158876559428165,73.45557273577765,82.09122407614211,94.2497690484131,22.756772076691846,97.73056445438829,93.07869517425445,88.69781772945885,91.55277914081012,82.38953820086851,91.20833882965564,93.22069447116962,71.81880881872138,40.90811813974602,70.44701254587068,90.48753652855896,74.72943511559401,50.50840487755136,63.652467915599175,37.77526335357368,44.15565888771181,12.286541527247522,50.37071458413487,33.637604863282434,92.82346852083447,33.429732576898715
102795,2,21,1,33,17,27,2,102,Canada,95.75743556229486,92.76668478665965,87.43748015944948,80.15066620083473,71.15813214473707,70.76878765562856,95.24464839547647,3.6511238336615577,26.128983665461305,9.551783999317706,27.66999246277524,3.0754683431158867,13.024359851372537,7.387219948164201,65.26968896715852,40.8204093289915,76.00485587797846,44.24036830069821,26.715253344971444,97.41852532010091,56.175137629626704,45.363975855464275,42.80857461825059,34.02330933641292,53.01436083935573,27.23281798781821,70.67123342360873,53.95060925674363,76.30498513107261,60.42477581553817,74.12755151230016,83.17396400423456,68.12570526155298,73.06999613385693,62.685739247457434
177702,1,17,45,7,14,4,9,103,UK,1.0,62.44180605288369,1.0,8.859497450823937,1.0,1.0,18.86528799783011,42.44366013042173,23.898017006741725,97.81146317879995,37.45479722966138,19.2114517347637,35.93764208945419,31.15277637369209,8.962940915860145,3.9595162485978506,6.866545220718976,77.41332779742356,2.6242539865913415,1.0,57.493261250278636,1.0,21.255166203304185,13.207181549323053,1.0,12.248098936903403,1.0,1.0,93.00008890993274,90.57410162984377,98.55360443767665,64.50905892624388,99.67129336771006,50.55606614092534,66.11822851590068
169923,2,18,45,35,22,24,6,103,USA,57.01717111178317,27.54053586276666,71.22629291164247,36.99571155383836,12.97238277253956,82.49414361582035,89.20048547787871,69.60365368304599,58.55236278061574,55.989958694574455,91.38663287631312,33.98932842133539,36.79687690902773,96.72922815285358,1.0,22.914481651507117,5.939946185458581,1.0,34.352882342751116,1.0,17.51142959544154,95.2468242595038,64.70990500369106,70.44701254587068,86.90681568138461,94.47557225921162,98.86480877159147,82.4708482798892,33.21661988493392,9.597163351753352,3.761168068730271,78.40254957459194,88.5226331939582,50.55606614092534,17.11734969494421
316265,1,26,45,20,11,17,8,110,USA,12.44059653585208,19.243841141222532,28.17955672026264,73.55834364977648,35.108318953570915,1.0,18.145762469524954,56.56910333802563,22.171947493611015,72.10055176954745,63.944078383121166,74.50142217039121,69.4387851150434,20.62241428251221,87.21013862788948,78.64360704103217,90.7742340882254,56.62565795263481,88.81595604155018,91.22179970998468,53.04877238159048,59.33643675927584,56.53893235643574,65.3435195458141,57.75674281970055,36.23605888348368,62.7658086140799,59.37039484136545,39.22532099431328,26.016015886155145,53.823398285471114,23.662653344441537,28.20459265453337,77.33488278773791,47.11585655441377
32402,1,17,14,5,13,24,3,101,USA,85.81072345818131,57.30350820568515,94.734671788117,79.11094946766809,86.57756514962205,61.925522292421476,65.34351954581427,18.94479160131681,9.602088838966921,29.74146806834574,5.038329650532759,59.50871942031665,57.97667528380009,8.10044689153574,76.22732636636681,75.93679350049774,66.51034893630327,59.565192814904435,65.039355116703,96.10945031112965,42.50673874971841,37.2895931688052,17.480198646710647,56.885539292462795,41.943384449373866,43.82486237037028,44.49629171536981,48.90503595078849,78.95240758070531,45.84458055273865,82.5505107067354,87.40027778817034,38.54997813635191,92.82346852083447,71.38921400774188
290935,1,19,51,1,13,30,7,109,USA,56.56869534647825,36.54375437401734,77.51836932816263,54.704020423288796,67.97952772928915,46.99412107765221,43.344921433791455,92.43904037692016,83.37058464759491,74.43439806100423,94.39568728649726,96.0323757739917,82.19086429698166,60.31294690391934,96.9365407919422,83.22475351117635,91.81407667247765,88.41524423700196,94.2497690484131,91.80561309427924,87.96288850524809,63.69459668795298,78.74483379669266,51.59328961075215,68.4693093138481,43.82486237037028,69.10030500257426,38.059457108195716,10.492784870808634,28.04992374818403,42.309529269011875,9.116809721847062,13.5601040623105,34.12556235771552,1.0
70893,2,19,28,36,13,16,7,101,USA,7.469840816260671,67.6991349370075,23.23512349102603,47.810544909075986,1.0,7.436016474257286,14.16905281531848,33.630522028593674,18.07413941207355,72.40894963476512,56.50795454375839,1.0,17.11734969494421,89.71574307109427,7.657791113451168,13.115617267684058,12.866069764899407,24.737787779321025,46.82434645388838,14.517122006183115,1.0,1.0,1.0,30.63218018601941,1.0,25.27056488440266,26.016015886155145,1.0,99.0,99.0,99.39917624488169,99.4871291106598,51.84839431971352,99.0,99.0
8452,2,43,45,35,17,19,1,101,USA,12.746532566770725,4.849929977967491,72.36136535016311,16.239754440940516,50.53116852032986,14.087982640138051,11.02956043416009,95.1442706188127,69.241915284083,80.90407859348738,92.17849549876689,75.29940096995824,96.0687808460741,90.94023274545907,52.02032500607646,58.313084197575165,72.29494873939228,53.844028635023164,83.34590082095656,21.525833663213064,21.69202253471761,95.98521155440608,89.9625610576469,90.28154724750141,89.68114552481791,89.20048547787871,79.92709893534379,59.55017917542108,23.69501486892449,29.147485055433123,62.811288492334825,6.9047873344051,44.78883368500453,26.059328894242867,21.709330571400272
78855,1,18,45,55,13,25,9,101,USA,64.0135400967871,92.04776774279742,38.402503035148015,24.450026149603673,82.4514572124765,87.62360535106382,26.412032535376227,43.655914399210815,78.26933715180166,21.585353722915272,31.693301589254332,64.67544802501914,62.34008261658903,22.32598403303976,90.28154724750141,83.22475351117635,54.791869057443876,96.17146372562001,98.75950003467119,97.67626658692791,42.50673874971841,1.0,10.799514522117988,1.0,21.90870165318364,1.0,34.68644351987399,22.914481651507117,32.04236895868988,36.740964169189226,75.45647859765882,49.22635620042763,1.0,50.55606614092534,17.99751393482981
141383,1,21,10,30,17,2,11,102,USA,52.1400963820322,84.11426570792503,53.66061046757994,42.58820505516337,12.407428221726605,84.49314686490402,33.58339906695974,57.71388256228914,58.08466025929653,49.99999999999858,80.45593114895769,64.67544802501914,52.964175030515435,33.69777385863253,15.510568996188653,17.11734969494421,10.309452760825593,24.55350073197451,10.420623092910688,20.095747650381668,72.61901380720087,1.0,1.0,22.535590448916935,1.0,14.045757510992814,32.30086506298957,1.7779210136593235,41.93925368580068,26.016015886155145,78.89148812638973,23.662653344441537,37.023634211068725,68.60058485381398,28.527221823082982
148732,2,22,39,39,20,10,1,103,USA,3.394972836704426,57.1914253817464,3.688057736559159,1.0,6.14410493977671,1.0,48.576617450646324,6.966800263759168,1.0,41.24825991472602,27.66999246277524,1.0,26.81939930077658,34.16187001140264,2.317319441603928,17.11734969494421,20.457096935902428,1.0,12.295540239747453,5.974300634468989,26.153560990154347,63.49223593242601,57.1914253817464,46.256957089828006,14.410582680954661,92.3405498933381,96.45328661425253,21.671423710050647,77.95551269266787,64.85190053121335,46.766679265890104,51.892618981663475,99.48344021986497,59.21514729374104,95.24464839547647
235955,2,20,27,58,23,12,7,106,USA,38.539469629517725,8.063817929275558,65.3808342608151,53.28300011763815,48.305582994432655,64.83340781780561,26.19180591511258,93.67842142368283,80.9504293154099,83.21243289066717,83.3382186311095,77.94852195433975,97.77679069619751,75.65063070036763,88.09848402529406,85.0883262902704,88.69781772945885,85.83094718467828,82.38953820086851,49.99999999999858,83.27341643809916,71.81880881872138,81.75583192499732,75.67701117574552,73.74048971379887,70.51059471376072,17.51142959544154,73.55834364977648,11.339417536124046,22.99146730217373,24.53529762125993,11.039189487614777,14.02178810181016,39.50535605806317,17.11734969494421
201975,1,24,6,13,3,14,5,104,USA,44.125363741346746,84.11426570792503,86.36991465860137,2.7765871849072568,12.407428221726605,80.35947022086873,25.510158467538673,34.84997484138398,58.08466025929653,16.41836990916883,63.944078383121166,28.357182624091593,40.31097559507873,38.39571010362192,27.544915918538265,20.62737789529018,10.309452760825593,37.77526335357368,6.958337346731412,28.20459265453337,98.27719708682389,88.41290973620823,96.31194226343769,75.54997385039337,73.58796746462082,88.09947126256975,32.30086506298957,82.88265030505272,25.438007248772408,6.646425442125121,7.643847637544525,33.57488279193916,95.93501744805155,30.49117442662336,20.178564309796258
205589,2,49,12,16,23,29,7,104,Canada,67.83131678580486,33.453751050166034,77.8280525063858,20.791244461849743,80.35947022086873,40.894584213473934,98.51433266565493,24.08651686623992,20.67268965707339,21.85000045652049,27.66999246277524,20.791244461849743,30.736721929339495,63.026088336460134,45.29104639904784,53.95060925674363,39.60153246430622,21.773925274910596,26.715253344971444,69.59000458286471,66.23505277541807,33.00886114124933,79.42646223603026,22.701518884824225,1.0,27.23281798781821,55.302777255909916,53.95060925674363,41.81308801902122,21.14522395556716,34.84997484138398,36.88851327944508,54.26599085816497,88.48499779615781,34.571415401094725
169664,1,40,59,41,16,22,6,103,Norway,96.91525090957623,79.88105043362498,73.70462543469392,53.185121557385685,98.69267840476323,91.55657756489688,94.35622876510081,78.1237047984855,98.34162882046974,27.89944823044962,75.28209110360444,74.50142217039121,92.25739618974785,48.05036885527579,99.0,97.39639012845555,99.0,92.134155927042,84.67710944081546,99.6502889820996,91.82712720281188,51.56411713841146,88.89737441320062,48.88792965914092,68.50084497134463,10.551767248969924,27.54053586276666,59.37039484136545,3.1138352569222576,1.0,27.76615118607495,14.930461868833419,1.0,30.49117442662336,4.636274779390959
21870,2,27,20,36,2,27,2,101,USA,10.124946505403415,1.0,1.0,5.474027310624237,80.35947022086873,31.1132506634697,58.035300002071665,81.47969891273874,80.3671613682983,62.034618989035664,16.61144435151772,95.05909897483161,96.0687808460741,63.026088336460134,66.340228404796,58.313084197575165,79.5429030640945,80.6034086023285,91.50959199298825,51.824706498066064,7.206955668380388,1.0,2.927353568968698,1.0,6.8200834549964355,1.0,1.8071150900638884,1.7823386851823528,51.450450982576456,64.85190053121335,87.03652229280976,33.25967091737266,30.986852474538694,30.49117442662336,58.035300002071665
39762,2,11,38,1,20,12,4,101,Canada,34.68823253350803,42.291087082205365,46.87999385447824,42.36174007540245,21.671423710050647,59.96455073421714,26.19180591511258,87.48571695163446,89.78597966804489,68.46322926279544,87.62929142411929,68.88674933652726,94.2497690484131,58.284910629285946,87.4093698930343,90.7025534667996,91.11356755894622,75.2622122206759,46.82434645388838,67.04630895707658,86.98840586106246,95.7756629095204,96.36147742788762,64.95948197352692,86.90681568138461,89.20048547787871,79.22231631654597,89.95808132590957,27.932533491727924,15.74762055341634,9.752262657503962,19.16249926646887,56.4544420238056,85.78653499209838,47.19168211406509
138478,1,20,5,32,8,14,10,102,Hungary,60.318121560898874,41.661395976928816,81.69065865934795,79.11094946766809,3.1465489421878914,56.99678035513409,77.46440955108017,26.20087671274368,23.898017006741725,38.53778649358617,20.98463817665521,19.2114517347637,16.43571209969147,78.50597053818706,66.76760460122273,63.6332320645019,70.25374326944495,77.41332779742356,52.54107759706261,41.68691580242188,67.21963358910307,36.060147305704845,61.61054636296922,17.11734969494421,36.66643893113121,48.968503766757806,39.543731938542976,38.059457108195716,85.59202911501791,80.69410278073372,79.10572652846167,71.75838645216538,79.8214356902007,81.57742612003744,71.38921400774188
307820,2,18,17,26,12,9,3,110,USA,7.469840816260671,8.063817929275558,3.2140818418625656,64.06235791054291,1.0,13.771182135799876,45.06434861754923,75.79975471109776,28.557470106690573,91.86904674501659,50.593135699815036,54.063262499480516,54.44332608373179,98.20396656880723,1.0,19.43314824970622,1.0,4.069749353999896,17.610461799128302,1.0,17.51142959544154,78.24550422529478,31.639846490353705,80.57794121246536,47.263624580874534,74.72943511559401,95.64331458828849,82.4708482798892,71.2034639206899,91.4785362151789,69.83155565887887,61.40112178490722,51.84839431971352,34.12556235771552,88.89737441320062
69476,2,16,16,43,22,2,7,101,USA,69.81399683587563,81.26342017218394,71.22629291164247,47.810544909075986,65.03935511670318,44.99504097618501,69.30757411611546,24.200245288899453,52.45351877055924,23.061104035291663,17.57742842669819,29.2312123443686,54.44332608373179,15.368546958100552,68.03026060702683,46.65271327404656,73.5016449847086,54.388598308683754,53.17565354610883,58.64095210559856,90.31994505042348,50.489187386854496,81.75583192499732,53.49797160417478,52.73637541912245,13.982651618391913,50.50840487755136,53.185121557385685,52.84572590123048,57.63140255323418,69.83155565887887,35.72345774980255,14.02178810181016,85.78653499209838,70.07894547098226
242905,2,44,49,30,10,4,11,106,Canada,45.622837950787414,47.596179817294626,48.12729488399276,59.13772006023231,45.2259618242183,40.894584213473934,43.8453517351694,57.49825599633937,44.29159025946308,49.58131153933135,72.33000753722172,70.13473438320716,72.40894963476512,25.197168825149134,72.58720034524305,62.61750720984338,68.43962164102402,72.34611144766149,67.74027334454553,81.45293791536483,40.7639845402021,39.79627687716339,57.1914253817464,28.20459265453337,40.99644796096635,37.050328652931285,39.44843304817931,53.95060925674363,56.27116882487684,51.36864963094524,42.743613439347484,63.11148672055191,40.094517212998085,81.35350509583145,53.319429804707454
9734,2,14,7,19,12,22,1,101,Uganda,59.639296795105906,52.57787559748709,53.12000614551897,31.77158528160487,42.68003802225007,69.5661629611684,82.11338376053402,14.123265010780983,13.489921776969908,23.061104035291663,17.57742842669819,33.98932842133539,17.11734969494421,31.027056149688406,14.160937607086822,19.43314824970622,21.800272892309238,24.737787779321025,22.80601852482937,58.64095210559856,1.0,35.98478209725613,27.220086945751973,36.162632748775025,26.259510286198037,42.99668277844631,79.22231631654597,27.39466858187575,88.66058246387252,70.60326489133035,80.0890261841572,93.69665425731546,78.02643791803109,98.9965433323888,65.67904193769476
302993,1,21,19,58,23,8,1,110,USA,79.68512546153556,96.58529297009034,53.66061046757994,73.55834364977648,89.02639377864637,39.96934393210995,55.263629249518715,79.0884266253023,85.68113180055275,36.46593774743093,57.946348166777,96.0323757739917,69.4387851150434,80.17625967302877,53.56731399149413,45.17371817583938,48.68203031647215,65.88150455292742,46.4438168710891,69.21080137353118,37.907163869258454,19.69893782542897,17.11734969494421,37.87624240388857,57.75674281970055,4.903278732153709,8.063817929275558,69.4156405997457,5.862636039329274,47.33197466719491,2.5527077541662067,5.9282486571625554,20.095747650381668,5.399469858662272,12.887763580526325
182606,1,14,43,35,8,8,10,103,UK,15.485767750382252,26.762908542514083,19.94284710093362,3.6772480037729878,20.21548134609074,15.224039783829369,73.58796746462082,25.11909054195013,35.57062646454057,43.08710500282825,5.038329650532759,38.409904521478666,53.556183128907946,18.275839093136597,83.83640342624847,79.69335746054037,91.81407667247765,88.41524423700196,12.4862614482511,94.14238126470923,57.493261250278636,1.0,33.87469800503456,1.0,2.3052756801836694,3.8062585050192297,1.0,1.0,34.058926066630676,13.043711380136159,63.565929724145064,26.844462737322914,25.08133201404297,72.08762914155761,38.2372666632848
190729,2,40,27,45,0,29,0,104,Canada,44.30101977490665,13.22223083227749,3.688057736559159,88.64046967681088,45.2259618242183,79.64120213339004,53.319429804707454,93.40939776814287,56.97016483628056,96.36368410558077,78.09129834681323,88.64046967681088,76.20132219233813,90.94023274545907,54.26151488253112,70.92998286223917,31.560378358973026,80.6034086023285,49.99999999999858,65.28896729696976,17.517165025477652,8.494561098155827,4.849929977967491,22.701518884824225,35.1258481984101,42.17855658104003,1.8071150900638884,37.13891197395856,87.59856168432407,93.32981256886353,96.05692016772161,80.1804787722698,30.986852474538694,54.38260045296113,98.51433266565493
192302,2,16,45,55,13,17,1,104,USA,72.24547894793574,23.002631534593064,76.76487650897081,74.22680595634887,26.569667184096602,78.44189817358415,96.78591815813411,18.465253038361,1.0,76.20132219233813,9.318528582299422,29.2312123443686,63.20312309096943,15.368546958100552,16.41638838019267,13.115617267684058,39.62383943814069,8.447220859186643,82.38953820086851,21.3027614855734,4.800686793161333,64.95563832067211,22.99667203151691,8.059019570939455,58.17956328876022,38.38945363702777,98.86480877159147,99.54914615913515,99.0,99.48582647348155,99.39917624488169,98.0979983975011,99.0,66.9308230275501,99.0
235086,2,36,48,2,20,10,6,106,USA,88.50783162856283,89.9625610576469,82.88265030505261,95.05909897483161,96.6548610807622,56.08731942361942,30.105722373059507,56.31434375436572,80.3671613682983,15.219684361003004,95.46494093275498,88.64046967681088,30.736721929339495,38.87170207648552,95.41691155597346,53.95060925674363,60.398467535691054,95.77705107163649,61.958617159828464,99.0,97.96641038608618,35.69384770455139,33.453751050166034,40.06999034374928,80.98379288575211,2.9027192919252514,44.69722274408724,59.55017917542108,49.51646203619191,46.8080809597364,87.03652229280976,36.88851327944508,14.973082087715454,77.33488278773791,34.571415401094725
281457,1,28,50,11,10,2,2,109,Norway,75.14074018629947,49.46078375067634,53.66061046757994,73.55834364977648,51.07837601973398,25.0308986798388,99.0,2.818328557637301,1.0,1.0,45.709546168848874,1.0,6.384274908266107,76.07937539063823,1.0,1.0,1.0,1.0,10.420623092910688,7.192308219868849,8.762443248801645,97.5446143349526,65.67904193769476,91.89955310846108,63.20312309096943,94.12361067440236,99.36197777571101,90.19094369537027,92.40868480667098,99.20409812900482,12.383733081535269,99.45754984938719,99.17350952235233,73.06999613385693,86.43989593768629
162849,1,29,3,45,18,20,4,103,USA,9.828517975677329,5.236587545981379,28.17955672026264,32.29361888896099,40.348835575312364,50.53116852032986,1.0,51.96386700368748,64.18263323986054,23.85571826394252,63.944078383121166,48.9377169468961,44.50222636145577,71.7487486783483,80.50106903960307,97.39639012845555,65.99871618056824,70.33237939477914,23.934694948060837,50.93650051561667,96.66053255329552,80.7227527738338,51.87270511600451,65.3435195458141,90.59164364262006,84.44731220264532,62.7658086140799,69.4156405997457,11.748255132801773,4.520743135778574,21.10851187360717,9.994604431249229,24.042900881524474,35.09415280946621,28.527221823082982
255225,2,40,17,37,19,17,9,107,USA,67.83131678580486,28.966673346581445,91.4048634828622,53.441633783084455,61.07139808454821,87.33959614283856,48.576617450646324,89.99476606781911,96.21941950767757,69.99751071601315,66.20780177702142,84.6203993462982,94.14497980466729,63.026088336460134,92.657211633585,93.70362584385214,79.5429030640945,80.6034086023285,38.04138284016847,91.03705908413667,93.86748181121254,46.766679265890104,86.77776916771938,40.06999034374928,89.68114552481791,67.94879774837898,1.0,31.747142483319834,1.0,5.750230951583532,8.80329369768259,2.1665623226142685,1.0,5.399469858662272,17.855609388338962
298378,2,22,14,8,8,7,11,109,Finland,24.21885811538465,33.453751050166034,14.318868199443983,41.99495664515888,50.53116852032986,5.030451167629934,58.035300002071665,39.67729426625186,38.03089399597786,45.40024373105052,40.17220037646791,16.239754440940516,51.71482449908609,58.25364669194022,63.10801699388111,62.61750720984338,82.88265030505272,25.93062308515377,49.99999999999858,81.45293791536483,40.7639845402021,48.171688809474915,75.34008785972469,34.02330933641292,46.98563916064137,37.050328652931285,39.44843304817931,53.95060925674363,40.85920770759651,29.147485055433123,17.11734969494421,44.33191778008268,44.78883368500453,44.64654924803892,87.05895219246986
56299,1,21,7,19,13,27,5,101,USA,70.32580384348853,87.9577765080262,53.66061046757994,63.652467915599175,56.4544420238056,55.830976460441036,59.61189674467573,12.4862614482511,5.302878311419761,45.44302405066958,13.060336169444241,15.113676818130472,24.450026149603673,20.62241428251221,45.765145174362544,53.95060925674363,35.683822142085546,33.216619884933806,34.79835408249858,50.93650051561667,72.61901380720087,38.61876363824115,20.866239721879907,43.344921433791285,35.72345774980255,46.3923581404963,62.7658086140799,48.953336685814406,91.89301466377253,80.77786188366656,78.89148812638973,84.53344341718957,88.28075826138559,85.08412333851334,92.50454448548237
46809,2,28,56,26,10,31,4,101,Netherlands,50.92951243368651,57.1914253817464,24.31408163404953,59.13772006023231,39.96934393210995,61.101068989654436,58.035300002071665,1.0,15.669449792360979,9.551783999317706,1.0,12.124301089074606,10.186151472267312,17.11734969494421,49.77546507255187,36.531263140029694,60.398467535691054,67.90892130832316,73.28474665502551,69.59000458286471,2.673062899277184,4.2485312532100465,7.233315213337107,12.993014428773478,10.31885447517891,32.05120225161804,29.328766576388233,9.301460576598942,72.02186646682043,69.1661111306675,50.808806724323006,83.17396400423456,63.60458836831259,59.21514729374104,75.85958331893107
125402,2,26,2,31,8,13,7,102,Australia,12.746532566770725,33.453751050166034,1.0,59.13772006023231,1.0,7.601480727013083,67.23225874558347,18.14227509165019,1.0,69.99751071601315,46.70688036593572,8.513015135789828,23.061104035291663,34.16187001140264,8.349516175049246,24.3543369865842,20.457096935902428,21.773925274910596,38.04138284016847,14.388220962407416,1.0,30.373205774212465,1.0,86.12872371318815,3.9933305784866775,37.050328652931285,99.28463248557068,17.11734969494421,99.0,99.67456807575786,99.35300156989251,98.79378009300251,90.75306645260173,68.60058485381398,99.0
110227,2,15,4,41,13,2,4,102,UK,58.330891153663515,76.99736846540372,46.87999385447824,74.22680595634887,26.569667184096602,59.96455073421714,45.06434861754923,39.171610896042466,28.557470106690573,34.78467417757349,50.593135699815036,33.98932842133539,49.99999999999858,53.694512358255906,63.17851639771209,63.253774141245344,69.9848920385781,67.24885676861538,40.51926937632845,45.66479924381599,65.52574711047504,67.28307332190337,55.28135202338723,64.95948197352692,78.47416633678381,47.65939602551936,65.52574711047504,63.652467915599175,65.88150455292742,70.60326489133035,73.39148854164074,61.40112178490722,47.22811985829236,81.57742612003744,51.87270511600451
75915,1,18,7,57,6,2,9,101,UK,27.00007801756317,41.661395976928816,73.07624464740519,59.88492177432994,1.0,15.224039783829369,43.344921433791455,4.862554405733732,1.0,29.74146806834574,2.6527369201044593,8.138245840943256,49.11031994197003,5.512007501598248,27.26312618316956,14.133562210003134,27.556236074571927,35.752386609459336,52.54107759706261,63.46873685996724,12.037111494748785,18.008617337718135,29.489405286236234,25.968848382253157,13.529248624911673,15.938564502569761,44.49629171536981,38.059457108195716,89.23474921949673,76.84829742141653,85.76243338907386,92.2265643642063,87.1122364194706,50.55606614092534,76.40694272791006
27268,1,18,6,54,23,9,3,101,USA,61.55690434118151,88.86148498074533,58.60425385782702,39.08901951515952,67.97952772928915,93.62486758591967,4.715852924986692,65.42390864034218,91.89955310846108,52.31022614794256,78.00663739513197,83.29083516369599,49.11031994197003,18.275839093136597,40.06999034374917,2.3594900124509195,6.866545220718976,77.41332779742356,46.19023280498891,59.1795906710056,91.13614225019523,21.093745695725516,74.72943511559401,81.21427908087765,4.278205004128083,19.9849098635147,4.701982673214687,10.536600056763831,1.0,1.0,9.653722998270808,14.230858476096529,20.971115789764326,15.022086408344563,1.0
177371,2,37,34,53,2,2,9,103,Indonesia,3.913726057533168,4.849929977967491,19.084126661954485,1.0,34.81530240400832,7.601480727013083,39.164121453558494,72.31400909685436,38.03089399597786,92.39851927298366,66.20780177702142,5.474027310624237,76.20132219233813,90.94023274545907,21.172762450327895,28.267673322213682,27.705051260604677,34.82904556346739,49.99999999999858,25.45049056170572,13.678416211778597,35.69384770455139,57.1914253817464,70.65410972728665,6.8200834549964355,67.94879774837898,29.328766576388233,17.11734969494421,39.90842266416678,37.79301445376893,42.743613439347484,40.585778717067456,54.26599085816497,17.875995259367897,67.23225874558347
112529,2,18,7,18,14,14,4,102,UK,50.39837934269161,52.57787559748709,1.0,53.28300011763815,42.68003802225007,49.99999999999858,99.30519003183588,38.05085706831778,6.052488078137884,55.989958694574455,56.50795454375839,33.98932842133539,32.54383356563801,62.81128849233477,5.077019077762415,34.3314735878171,18.633839119656102,4.069749353999896,5.444812706922107,45.66479924381599,1.0,85.88946972652013,22.99667203151691,89.10644890369588,73.74048971379887,66.12530199496246,93.22069447116962,98.92913074556043,89.87838016878061,99.48582647348155,15.053531811709632,99.4871291106598,97.67097823174231,50.55606614092534,91.76591663041097
223515,1,25,33,58,2,20,9,105,USA,16.298596513376253,23.74815518018309,43.21514997613417,4.878981883811036,30.02594327788131,61.07139808454821,14.805765312576852,89.34878005453697,93.46684484996422,86.90681568138461,75.28209110360444,48.9377169468961,69.4387851150434,97.51155004048303,85.63451242578503,99.3903716614094,98.41152470551742,37.77526335357368,52.371791064982006,60.2364043211619,72.61901380720087,2.21339953341149,5.3028783114198745,27.409635915245588,57.75674281970055,10.551767248969924,1.0,11.829477806808967,33.02158539217362,92.88327765956069,21.10851187360717,20.597804832851892,55.608646060651324,14.207986596123675,20.178564309796258
297767,1,24,34,11,13,30,10,109,USA,69.0862666031162,75.31460959442984,82.47693013887124,22.733263538806,71.9500762518129,75.896469460812,46.48765477801305,61.123656849378676,58.08466025929653,76.14428173605461,85.18869867852766,54.24481320760782,24.450026149603673,57.77181115832951,87.97029051790969,70.92998286223917,87.97121727048989,74.61390353739301,52.371791064982006,84.99941429810258,91.82712720281188,59.33643675927584,74.31609562768182,13.81572005327331,90.59164364262006,36.23605888348368,47.42212440251018,69.4156405997457,17.760547544328432,15.10389698892294,38.61055267488479,26.858617186241332,28.20459265453337,30.49117442662336,6.975382297096161
330775,2,20,56,32,12,29,2,111,USA,1.0,1.0,18.091093533910794,6.717827368524226,26.569667184096602,4.926259687908782,1.0,91.15048552760663,64.53469706952234,97.61205212583025,62.34008261658903,59.105415786523,91.89955310846108,89.71574307109427,47.05274536720049,71.1524166859918,58.854938377407905,41.253357029240476,59.48073062366848,17.792144118817248,40.39427439640821,62.595520401963256,55.28135202338723,75.67701117574552,36.46593774743093,74.72943511559401,65.52574711047504,42.58820505516337,13.27157339255723,35.331007974480485,18.03168615767558,13.553030566519794,25.158187457547797,15.022086408344563,29.059420566627125
146737,1,28,25,32,14,28,0,103,UK,45.456695093931785,44.08104661749974,53.66061046757994,42.58820505516337,56.4544420238056,34.81530240400832,50.87869737842715,66.69139207970102,45.63444639669791,63.53406225256617,63.944078383121166,48.9377169468961,80.53865605787837,62.553226842568904,81.39607558593809,74.87692820914225,90.7742340882254,61.29976780711877,75.0312598445779,64.78278589337833,67.93474740485391,58.050759765580494,78.35350300402342,48.88792965914092,52.223645153743746,46.3923581404963,57.708912917791565,43.73447948589535,12.367579483515215,26.016015886155145,21.10851187360717,20.597804832851892,9.911413245848223,10.878069661841323,28.527221823082982
20865,2,19,43,11,17,24,2,101,USA,41.14506162258914,85.20819150822626,90.6625911128209,83.30333675728741,1.0,2.9155433490531237,49.99999999999858,29.33663762289231,28.557470106690573,55.989958694574455,38.816119411727584,38.89893101034255,13.81572005327331,35.40405306078168,85.25015092670196,85.0883262902704,95.15476384442115,82.5422801540393,34.352882342751116,82.20785588117974,55.58203895537741,8.389581289832734,22.99667203151691,15.78631677448837,68.74074637331933,7.967776761659081,1.0,14.33903948472684,81.7710269974798,48.64867122355571,88.75630204219294,75.22616924738367,25.158187457547797,99.46773126332607,96.31194226343769
67274,2,32,19,5,4,26,6,101,USA,56.226739093585024,1.0,91.4048634828622,53.441633783084455,80.35947022086873,51.01676241556953,71.63636970116852,85.12845697231535,85.26869520075695,69.99751071601315,88.11866088490251,70.13473438320716,79.81194919210759,67.68583273799294,32.17380449247631,17.11734969494421,39.60153246430622,44.24036830069821,21.487023866808073,65.28896729696976,35.73896974224084,45.363975855464275,47.596179817294626,58.701033451356636,46.98563916064137,72.76718201217892,15.903862568815157,42.68003802225007,52.41687527482202,51.36864963094524,70.4714220996438,55.668082219914254,40.094517212998085,21.84035593194926,71.63636970116852
288972,1,24,48,35,12,22,6,109,USA,60.1051359694892,60.18072278051625,78.23795352732941,93.03225210487653,1.0,71.15813214473707,55.263629249518715,47.34351473968718,51.87270511600434,36.46593774743093,92.9981312727466,38.409904521478666,44.50222636145577,29.1417526603677,12.33150532012857,24.3543369865842,10.309452760825593,33.216619884933806,29.2312123443686,16.400122364874676,19.5298787259662,46.35277685339031,1.0,91.89955310846108,30.46290046715066,66.72472775425962,91.93618207072097,38.57759101883818,93.86347100506055,73.19020655694652,99.26007968004001,93.70817680018945,55.608646060651324,94.13055647783642,82.88265030505272
127428,2,17,13,8,14,3,8,102,USA,27.275013565319853,52.57787559748709,86.57070419627405,74.22680595634887,1.7823386851823528,44.99504097618501,1.0,55.157851850383736,9.454964255860347,91.86904674501659,87.62929142411929,16.339178535837107,28.417645382477644,75.65063070036763,25.655496885150257,74.90872601174459,32.17954261031346,8.447220859186643,17.610461799128302,1.0,74.88244503141595,99.0802937880843,99.09027077608494,95.46024241407576,86.90681568138461,94.47557225921162,98.86480877159147,47.87586579427381,94.133750263911,97.6035405158982,76.81782783447204,71.91948341704608,99.0,28.925397546363968,99.00299116194196
169071,1,27,46,21,16,16,6,103,Canada,27.477524384954393,70.4714220996438,3.278312869826877,42.58820505516337,20.561530401874762,55.830976460441036,33.58339906695974,39.32850411825967,64.18263323986054,40.92026450019563,9.084881827350756,38.409904521478666,57.18008180471179,43.19382167571155,72.85722058736661,49.56063603396092,70.12165053195866,78.68758818548724,64.06235791054291,77.5637764425644,58.10228715703602,17.623172961975456,37.933206440742254,27.409635915245588,41.14506162258914,31.333377765149464,23.002631534593064,8.552307569892605,45.59103730715219,38.5265098022748,53.823398285471114,14.930461868833419,55.608646060651324,88.48499779615781,37.61317345856344
11334,1,40,9,43,19,25,1,101,USA,46.790959717020144,65.40796685857111,73.70462543469392,10.714195593724298,81.1885734906025,34.81530240400832,29.473450015379456,83.67835015560195,80.9158733380425,96.78591815813411,75.28209110360444,69.69101146171175,86.9295000701353,29.1417526603677,72.85722058736661,88.55650798049987,27.471562450578233,51.8976637847569,80.05715289906334,84.99941429810258,63.080058676461306,87.53599401349629,65.67904193769476,88.47492695334438,63.20312309096943,96.3967355276219,52.57787559748709,82.88265030505272,39.22532099431328,56.21355262825239,46.17660171452587,30.168444341118146,16.400122364874676,35.09415280946621,70.59207196494458
197148,2,17,36,45,15,31,2,104,USA,45.09372939329262,42.291087082205365,76.76487650897081,58.71997976386746,70.35319944682698,44.99504097618501,5.27852589402211,70.66336237710476,58.55236278061574,76.20132219233813,73.45557273577765,64.06235791054274,67.45616643435892,49.0756605725677,46.038124592193924,50.83735048134031,76.88702824078518,14.16905281531848,12.923435234695575,54.33520075618111,65.52574711047504,92.16707841964785,77.82092340640315,70.44701254587068,78.47416633678381,92.03222323833745,60.60359954468936,98.92913074556043,43.374342047362404,91.4785362151789,5.46802857503053,32.194701977513006,38.087158236754135,50.55606614092534,78.35350300402342
11357,2,56,46,26,20,25,1,101,USA,35.19709575600143,47.596179817294626,87.43748015944948,20.791244461849743,29.81782479991668,51.01676241556953,14.282856410831698,44.397603800530305,31.945871788203334,62.034618989035664,66.20780177702142,30.92981159264579,26.81939930077658,58.25364669194022,29.04588386996008,40.8204093289915,52.09291350348076,34.82904556346739,83.34590082095656,3.9178591134474203,13.678416211778597,84.37741973382447,24.65991214027227,76.22732636636681,64.87415180158689,89.20048547787871,99.28463248557068,70.35319944682698,35.21233008586836,81.08909424315777,17.11734969494421,29.71880108100757,44.78883368500453,14.207986596123675,58.035300002071665
241560,2,17,43,35,10,15,10,106,USA,21.500199199095363,14.79180849177061,34.61916573918188,21.98554323401359,65.03935511670318,21.55810182641281,30.69242588388164,85.87673498921583,64.53469706952234,72.40894963476512,78.58858792556782,73.53125052946376,91.89955310846108,75.65063070036763,86.7046905216622,90.7025534667996,83.18027635575788,71.33191861117649,71.58235461751946,58.64095210559856,90.31994505042348,68.43288740399521,69.25788961302214,41.86477327317664,63.53406225256617,74.72943511559401,83.27341643809916,37.376126900058125,22.914481651507117,31.065236237279777,24.53529762125993,19.16249926646887,33.637604863282434,39.50535605806317,42.532852754387704
166479,2,26,41,10,14,21,5,103,USA,7.763766065490131,16.747620550392412,1.0,59.13772006023231,1.0,93.48525340387232,17.855609388338962,91.43541382626165,96.21941950767757,98.85878534474193,40.17220037646791,16.239754440940516,83.21243289066717,99.5674433049578,1.0,1.0,1.0,90.8455915333858,61.958617159828464,2.2925442179959816,1.0,1.0,1.0,1.0,1.0,1.0,1.0,1.0,81.1347120021669,98.57033298501506,99.5409754762494,51.892618981663475,54.26599085816497,39.82652432314637,62.685739247457434
136337,2,40,51,50,20,1,10,102,USA,30.1860031641215,33.453751050166034,24.31408163404953,41.99495664515888,12.47330482372206,51.01676241556953,58.035300002071665,62.189113818074475,74.99408138629997,87.17481078845185,92.17849549876689,1.0,19.490233876291597,87.83320591397387,57.60749806260782,70.92998286223917,56.26552051410175,34.82904556346739,8.490408007008512,69.59000458286471,84.06143549742728,62.12803491908494,79.42646223603026,76.22732636636681,59.00355203903064,81.65516168436488,29.328766576388233,17.11734969494421,9.882997268647586,33.40694941671984,8.80329369768259,36.88851327944508,3.947459569359083,5.399469858662272,30.105722373059507
333,1,21,53,7,22,31,0,101,USA,94.69712168857689,91.35510392462345,58.85493837740813,93.03225210487653,95.01170584151157,16.304651131737984,99.65970436342059,29.422284253520246,33.4297325768986,72.10055176954745,13.060336169444241,54.24481320760782,32.1448990198478,7.123265750995557,66.66494805991243,53.95060925674363,65.99871618056824,65.88150455292742,40.56094673416658,91.22179970998468,42.903871202689004,38.61876363824115,10.49991745079825,43.344921433791285,35.72345774980255,61.76273333671213,23.002631534593064,86.73819538201224,87.88170563017707,87.42678902469072,84.90314718842296,75.7080910490638,91.22179970998468,54.38260045296113,86.43989593768629
273153,2,15,42,33,10,29,9,108,Canada,33.42310129563086,47.42212440251018,18.091093533910794,36.99571155383836,17.11734969494421,59.96455073421714,49.99999999999858,77.76846692547701,34.29014070741786,72.40894963476512,68.01434649002357,89.36356227047679,86.18427994672345,58.284910629285946,3.006567229509997,10.332299672838332,4.174789106715124,32.751143231381775,28.417645382477644,2.7066694916232166,2.7946545841539177,41.95986542494984,11.905198398291134,47.66706510853851,47.263624580874534,33.87469800503456,90.31994505042348,37.376126900058125,81.7710269974798,78.53212677802628,66.15957653940058,93.69665425731546,78.02643791803109,72.08762914155761,65.67904193769476
22402,1,29,47,6,13,28,2,101,Canada,1.0,1.0,1.0,1.0,35.108318953570915,50.53116852032986,18.145762469524954,77.14470064106854,64.18263323986054,86.90681568138461,39.636916846050894,79.05269259105376,94.45424987920364,33.69777385863253,86.43137919627077,74.87692820914225,57.44425564700225,96.60969415338707,64.06235791054291,84.99941429810258,77.08551834849004,5.222796433690533,61.15337443158933,22.535590448916935,52.223645153743746,4.903278732153709,1.0,1.0,1.0,1.0,15.09685281157391,17.681323668604676,1.0,17.875995259367897,4.636274779390959
17741,2,45,30,56,3,17,2,101,USA,39.05845551951177,47.596179817294626,60.5424373119057,53.441633783084455,50.53116852032986,45.936737500516585,11.02956043416009,35.0423946983492,38.03089399597786,62.034618989035664,7.821504501229896,47.70466906821406,76.20132219233813,2.9804961449534773,68.45816553132528,53.95060925674363,47.90708649651623,67.90892130832316,56.018839058953176,91.03705908413667,56.175137629626704,35.69384770455139,47.596179817294626,12.993014428773478,40.99644796096635,32.05120225161804,55.302777255909916,53.95060925674363,48.5495490174207,29.147485055433123,62.811288492334825,44.33191778008268,35.48102721108222,73.06999613385693,53.319429804707454
262753,1,22,43,19,10,11,1,108,USA,10.670683335549143,3.019669333842657,1.0,14.33903948472684,61.76273333671202,61.07139808454821,21.7240780700497,39.32850411825967,89.8940151667648,32.114260191230755,17.593372748471154,33.2971634767795,36.18273462646164,48.05036885527579,79.59145657351883,70.92998286223917,84.87183008061447,86.05748381699186,34.79835408249858,88.28075826138559,47.9668538851372,7.188608242623928,47.19168211406509,13.81572005327331,12.26995716200264,26.61357931938892,11.217745275809932,5.750230951583561,17.760547544328432,1.0,49.99999999999858,20.597804832851892,7.192308219868849,63.96838866723374,20.178564309796258
162110,1,26,48,41,10,15,4,103,USA,1.0,1.0,1.0,14.33903948472684,6.015468011871036,1.0,14.805765312576852,78.1237047984855,45.63444639669791,67.88573980876623,75.28209110360444,64.67544802501914,94.45424987920364,62.553226842568904,5.7774109389276305,36.531263140029694,1.0,28.79653607930709,29.2312123443686,1.0,15.574641162813691,52.86655318460737,29.059420566627125,88.47492695334438,52.223645153743746,46.3923581404963,81.26342017218394,15.530101051614082,60.234030545532505,56.21355262825239,61.389447325112315,75.7080910490638,91.22179970998468,10.878069661841323,42.33245874030621
99060,2,28,55,43,17,6,2,102,Canada,2.9135891300658017,13.22223083227749,29.92105452901481,47.70466906821406,1.0,7.601480727013083,14.282856410831698,66.77885409341093,50.63550054933802,37.15180008304583,66.20780177702142,59.13772006023231,60.225336049293276,93.64238429658258,66.340228404796,70.92998286223917,79.5429030640945,49.03819143458776,38.04138284016847,65.28896729696976,56.175137629626704,60.755110706404594,16.747620550392412,58.701033451356636,59.00355203903064,57.8214434189569,91.24648810278018,59.55017917542108,55.30995761556966,60.42477581553817,54.846168774782996,55.668082219914254,58.97185396875591,35.09415280946621,62.685739247457434
246358,1,29,1,1,20,20,1,107,USA,23.926971809129697,79.88105043362498,19.180033328925163,1.0,61.76273333671202,45.2259618242183,14.805765312576852,85.39489260873643,75.68591836594749,79.98271330943305,92.9981312727466,48.9377169468961,89.7400143986439,67.22611925578326,91.4744297484466,95.74707900680392,77.90615917089269,78.68758818548724,40.56094673416658,77.5637764425644,98.27719708682389,85.70586897669023,82.15417819623713,88.47492695334438,90.59164364262006,91.34138000293683,52.57787559748709,33.53431189536067,7.795776865804058,2.7946545841539177,5.657455689244756,17.681323668604676,1.0,54.38260045296113,32.99807104191294
138083,2,17,24,3,2,13,10,102,USA,38.539469629517725,81.26342017218394,59.316179143202476,42.36174007540245,21.671423710050647,21.55810182641281,30.69242588388164,51.72173665639025,23.124395931777997,83.21243289066717,50.593135699815036,20.35879786660678,67.45616643435892,49.0756605725677,59.205547433731795,63.253774141245344,88.69781772945885,41.253357029240476,22.80601852482937,62.88780464148539,40.39427439640821,75.09561146057843,73.64158585816887,59.28595610939959,63.53406225256617,86.01734838160507,45.430036846224084,73.55834364977648,72.92407924715394,74.66155608194424,31.624997092283593,81.43027151090689,61.01069607724554,95.52741118509812,74.31609562768182
133057,2,25,25,28,19,11,9,102,USA,96.80211222676553,92.76668478665965,72.36136535016311,84.6203993462982,94.37835650084708,35.93764208945407,99.36791336755778,1.0,2.0362323566985197,12.252212217087475,1.0,16.239754440940516,38.93485830207197,1.0,76.54659696571525,58.313084197575165,35.53468542443608,95.77705107163649,49.99999999999858,88.15258071082917,75.662292729603,30.373205774212465,71.03332665341549,1.0,75.94333318302654,27.23281798781821,15.903862568815157,65.03935511670318,35.21233008586836,17.470860014697195,31.027056149688406,51.892618981663475,14.973082087715454,77.33488278773791,48.576617450646324
239541,2,32,5,21,12,24,9,106,Angola,50.92951243368651,57.1914253817464,77.8280525063858,70.13473438320716,71.15813214473707,35.93764208945407,8.134210253605232,88.46011826017582,80.3671613682983,97.80821267068507,78.09129834681323,70.13473438320716,83.21243289066717,48.53763055243792,78.45248635043788,66.8333246469353,82.88265030505272,58.61780956927589,73.28474665502551,47.263624580874534,91.03705908413644,63.49223593242601,7.233315213337107,64.78278589337833,85.58941731904213,52.615754574771245,87.88726300699477,65.03935511670318,34.28695882176464,25.048837768764088,70.4714220996438,44.33191778008268,44.78883368500453,14.207986596123675,30.105722373059507
214462,2,28,19,37,13,8,2,105,USA,50.92951243368651,52.403820182702646,72.36136535016311,70.13473438320716,50.53116852032986,45.936737500516585,21.709330571400272,63.34756260024528,56.97016483628056,84.15710265842984,72.33000753722172,64.72479717011902,43.158876559428165,34.16187001140264,85.4888347581699,45.17371817583938,93.72983996355435,67.90892130832316,87.70445976024939,91.03705908413667,61.25946572680101,34.34568935666255,24.65991214027227,52.496530987935046,64.87415180158689,32.05120225161804,44.69722274408724,26.569667184096602,46.617514977138285,46.8080809597364,77.63595327780763,26.28545322050678,49.525487831820726,30.49117442662336,58.035300002071665
231379,1,28,34,9,16,28,2,106,USA,32.417728632777425,49.46078375067634,28.17955672026264,73.55834364977648,45.69101423380141,39.96934393210995,8.962940915860088,61.123656849378676,45.63444639669791,45.44302405066958,57.946348166777,83.29083516369599,65.44478241121891,48.05036885527579,89.43277086223088,85.51395057332343,93.25032688720819,65.88150455292742,52.371791064982006,88.28075826138559,81.28692149370818,77.48516829516348,37.933206440742254,75.54997385039337,86.96632865979723,84.44731220264532,52.57787559748709,74.16973230320127,17.760547544328432,30.050868353950648,21.10851187360717,9.994604431249229,55.608646060651324,21.84035593194926,16.380896680795246
185206,2,60,21,36,18,24,10,103,USA,41.669108846333586,16.747620550392412,66.57026742309836,12.124301089074606,61.07139808454821,79.64120213339004,39.164121453558494,95.1442706188127,80.3671613682983,73.79784262959129,95.46494093275498,75.29940096995824,96.0687808460741,87.83320591397387,72.58720034524305,97.39639012845555,82.88265030505272,67.90892130832316,73.28474665502551,21.525833663213064,35.73896974224084,81.11362089772024,57.1914253817464,86.12872371318815,89.68114552481791,72.76718201217892,39.44843304817931,80.19514273855225,2.493970793953139,10.946747345357721,4.626673318304569,2.1665623226142685,30.986852474538694,10.878069661841323,11.02956043416009
8390,1,26,43,14,15,19,1,101,USA,27.477524384954393,3.019669333842657,19.180033328925163,63.652467915599175,30.02594327788131,50.53116852032986,55.263629249518715,48.49807485961452,33.4297325768986,45.44302405066958,63.944078383121166,28.357182624091593,44.50222636145577,76.07937539063823,61.29105102038267,82.19946571129663,70.12165053195866,65.88150455292742,52.371791064982006,28.20459265453337,42.903871202689004,46.35277685339031,56.53893235643574,70.5644345908944,52.223645153743746,10.551767248969924,57.708912917791565,43.73447948589535,81.07494127138034,87.42678902469072,92.35615236245212,55.07623775225022,60.2364043211619,77.33488278773791,70.59207196494458
112135,2,13,28,52,16,12,4,102,USA,66.07208454887291,42.291087082205365,40.6838208567944,74.22680595634887,80.19514273855225,44.99504097618501,78.09129834681312,2.4909698241724243,13.489921776969908,16.135186567182956,1.0,6.514746596124311,20.67268965707339,12.09412374001377,90.69171383761022,81.9031208065719,93.27283370785187,63.04358033960449,71.58235461751946,97.2933305083734,70.30114211772138,49.266232098310525,55.28135202338723,20.37248554819024,47.263624580874534,74.72943511559401,35.44845706311651,58.46198478449537,53.792864286617316,66.39018662627882,31.624997092283593,46.66577108930471,33.637604863282434,95.52741118509812,61.15337443158933
212366,2,20,50,59,2,31,0,105,Canada,66.07208454887291,88.78225472418683,65.3808342608151,69.25100862044388,21.671423710050647,40.03544926577973,73.80819408488429,33.630522028593674,6.052488078137884,55.989958694574455,62.34008261658903,9.369813365583099,49.99999999999858,49.0756605725677,5.077019077762415,26.575607003584423,15.648820633267945,4.069749353999896,28.417645382477644,8.7916611703412,4.800686793161333,89.99451031627927,81.75583192499732,89.10644890369588,68.74074637331933,82.5198013532862,83.27341643809916,73.55834364977648,63.145702651018894,66.39018662627882,28.017660032449186,81.43027151090689,96.00986929477745,19.311718575472838,65.67904193769476
280425,2,16,26,51,12,16,1,109,USA,37.24726025607629,72.45946413723033,46.87999385447824,87.28581834787838,31.747142483319834,1.0,35.36705841812295,10.98487777804408,13.489921776969908,60.225336049293276,22.40974990335252,12.660403857158286,24.450026149603673,1.0,65.13674864520652,50.83735048134031,62.64068640317316,71.33191861117649,46.82434645388838,62.88780464148539,70.30114211772138,18.554538568528727,1.0,30.63218018601941,36.46593774743093,17.480198646710647,65.52574711047504,37.376126900058125,83.96829367581086,82.18204355948444,98.0878566426369,78.40254957459194,51.84839431971352,81.57742612003744,65.67904193769476
7165,1,23,30,16,15,16,1,101,UK,73.96021344663552,60.18072278051625,73.70462543469392,32.29361888896099,56.4544420238056,71.15813214473707,89.41168157878826,2.0863221702943235,22.171947493611015,1.0,45.709546168848874,11.404612333522465,6.384274908266107,7.123265750995557,51.33862310361616,66.8333246469353,57.44425564700225,16.752530593318255,40.56094673416658,95.93501744805155,15.574641162813691,24.08158286681632,7.705354041128103,43.344921433791285,68.50084497134463,14.045757510992814,11.217745275809932,69.4156405997457,51.10345090612287,47.33197466719491,18.011841369873252,87.13938827304457,20.095747650381668,54.38260045296113,74.91866798595385
53908,1,52,7,11,17,18,5,101,USA,13.366618923046133,5.236587545981379,1.0,63.652467915599175,30.02594327788131,12.47330482372206,76.0272500337062,72.0548955397714,45.63444639669791,72.10055176954745,22.60077033503822,69.69101146171175,98.8476866952484,52.92361192269021,42.43986603950128,32.33683325556629,35.683822142085546,82.51494454378076,92.39851927298366,32.54383356563801,3.7302118512646842,36.08842942696998,24.859259813697662,22.535590448916935,35.72345774980255,61.76273333671213,47.42212440251018,54.18252200787731,64.69916798876704,69.12364029909389,61.389447325112315,55.07623775225022,60.2364043211619,81.35350509583145,42.33245874030621
139339,1,41,35,36,9,19,10,102,India,57.46714724560945,44.08104661749974,58.85493837740813,68.70258339069414,76.7161700353987,50.53116852032986,33.58339906695974,47.34351473968718,33.4297325768986,36.46593774743093,51.840430352222086,54.24481320760782,73.30402866692373,33.69777385863253,30.611790322493704,13.85480603215845,35.683822142085546,16.752530593318255,52.371791064982006,55.608646060651324,53.04877238159048,60.616367792114204,78.35350300402342,59.94916971135797,52.223645153743746,66.72472775425962,62.7658086140799,19.60253669358994,38.32691469272032,38.5265098022748,34.90827568636843,44.20134574873799,64.78278589337833,21.84035593194926,42.33245874030621
389,2,28,51,26,0,1,1,101,USA,53.58268096401116,92.76668478665965,14.318868199443983,64.72479717011902,39.96934393210995,45.936737500516585,43.8453517351694,6.345108942690672,31.945871788203334,1.0,21.90870165318364,16.239754440940516,5.441180697799297,43.67753549670533,12.609763888412544,24.3543369865842,11.138515019251571,10.954729552571052,1.0,42.72307250299582,56.175137629626704,43.96458124478801,47.596179817294626,28.20459265453337,29.452900831051807,85.62147587131506,24.565864920511927,53.95060925674363,71.14096931653722,69.1661111306675,34.84997484138398,59.414221282929645,87.70991929816626,73.06999613385693,79.86341080358977
20090,2,15,10,53,17,22,2,101,USA,26.086814600447838,47.42212440251018,28.773707088354342,1.0,84.5933664326293,44.99504097618501,14.16905281531848,31.465593313145035,52.45351877055924,34.78467417757349,38.816119411727584,48.983237584427684,36.79687690902773,15.368546958100552,86.7046905216622,63.253774141245344,80.12018947505294,85.83094718467828,82.38953820086851,82.20785588117974,79.22231631654597,2.3447617909243093,1.0,1.0,26.259510286198037,1.9508535328711787,83.27341643809916,18.363391319755294,13.94251618300487,2.9979178016918553,66.15957653940058,32.194701977513006,1.0,39.50535605806317,13.649579136660321
253067,1,17,52,5,15,13,8,107,USA,29.30098431528708,46.8616625569893,38.402503035148015,44.25442868298546,35.18913289854396,11.701684562204036,43.344921433791455,85.35937438653923,54.44332608373202,97.81146317879995,67.1714764496063,64.67544802501914,85.5457731059488,65.10699556121563,75.32287974272674,83.22475351117635,86.71349351135382,64.24761339053771,52.54107759706261,54.82628182415766,62.41315656145173,64.91753336498903,61.61054636296922,76.81282413922463,68.4693093138481,38.740534273195976,59.47192606071229,54.3751261218614,46.59266563368493,64.1514006211413,75.45647859765882,20.195682365934147,43.28529155118588,28.925397546363968,55.07623775225028
56081,1,17,0,29,21,26,5,101,USA,76.78202867655068,92.04776774279742,58.60425385782702,83.28485890970524,51.6679506587941,93.62486758591967,22.535590448916935,43.655914399210815,83.37058464759491,29.74146806834574,31.693301589254332,38.409904521478666,19.94284710093362,78.50597053818706,18.41999596070417,17.46199000427245,24.01553101213875,45.1973684261817,17.11734969494421,46.04939074325358,6.1215934822344735,94.7938677730906,94.47557225921162,81.21427908087765,82.46458131618783,38.740534273195976,89.28100523245439,98.4165623297605,71.50953524196268,36.740964169189226,82.5505107067354,81.67317048033544,52.88414344558328,85.78653499209838,43.80047150705559
253837,2,24,12,42,1,25,8,107,China,36.47580823944185,24.65991214027227,54.36555360329919,64.72479717011902,66.19844583264802,1.0,58.035300002071665,6.966800263759168,11.211724100645796,12.252212217087475,1.0,5.474027310624237,38.93485830207197,63.026088336460134,52.02032500607646,93.70362584385214,85.99765760816524,17.865663527580637,16.654099179040458,56.37210185571547,13.678416211778597,46.766679265890104,86.77776916771938,28.20459265453337,46.98563916064137,18.344838315632046,34.30761847227842,65.03935511670318,53.38248502285859,60.42477581553817,50.808806724323006,40.585778717067456,44.78883368500453,54.38260045296113,71.63636970116852
329393,2,42,50,11,14,12,2,111,USA,14.62767898904525,7.233315213337107,1.0,41.99495664515888,88.24351183291469,40.894584213473934,3.5713024619715696,97.83041669329612,80.3671613682983,89.9307629908659,88.11866088490251,84.6203993462982,97.61205212583025,87.83320591397387,75.57443544675277,70.92998286223917,72.29494873939228,90.8455915333858,61.958617159828464,47.263624580874534,61.25946572680101,71.43810549725782,79.42646223603026,81.41475722390544,64.87415180158689,37.050328652931285,55.302777255909916,65.03935511670318,2.1941694824876095,10.946747345357721,14.104550358581292,9.038096759454817,6.101515552794581,10.878069661841323,5.635294664448608
247743,1,18,33,53,19,15,2,107,USA,89.26154314312066,88.86148498074533,81.69065865934795,54.704020423288796,51.6679506587941,93.62486758591967,84.56716102782389,63.06990559006482,83.37058464759491,65.92261478234616,43.382320882034605,59.50871942031665,40.269335632185744,65.10699556121563,44.18445979526962,28.82365187556678,31.23053179269928,77.41332779742356,39.89486403050768,41.68691580242188,57.493261250278636,54.949711634244466,38.38945363702777,76.81282413922463,47.30504833157312,64.26103025775632,44.49629171536981,48.90503595078849,23.389228727949018,32.326088516707244,26.05410933084437,56.942775957652316,43.28529155118588,4.965311134695554,13.76553058318379
261161,2,19,41,42,14,17,0,108,Thailand,53.05256013976634,47.42212440251018,65.3808342608151,6.717827368524226,75.42677453203078,55.004959023812035,69.30757411611546,64.17293659744888,46.32138626874536,79.81194919210759,27.610421178598017,54.063262499480516,79.32731034292351,58.284910629285946,75.41691033253403,85.0883262902704,80.12018947505294,75.2622122206759,59.48073062366848,58.64095210559856,45.430036846224084,67.28307332190337,64.70990500369106,41.86477327317664,82.88265030505272,57.003317221551015,35.44845706311651,86.41961753091277,9.534736569662954,15.74762055341634,7.472242555693413,3.351347693632576,29.316092305772713,23.966802620214708,51.87270511600451
120231,2,23,58,50,20,7,6,102,USA,79.60069175858041,89.9625610576469,77.8280525063858,70.13473438320716,16.304651131737984,70.76878765562856,87.05895219246986,58.67830270104173,44.29159025946308,62.034618989035664,78.09129834681323,64.72479717011902,47.4283312062351,43.67753549670533,16.686096784568974,1.0,4.318512411588301,39.49062956608225,2.8566674935086525,77.70620629091718,61.25946572680101,67.52247311050343,38.0810749182985,58.701033451356636,35.1258481984101,57.8214434189569,91.24648810278018,80.19514273855225,95.70319765869704,81.08909424315777,77.63595327780763,90.96190324054191,98.73037638467201,91.51438874914072,87.05895219246986
48074,2,35,1,14,21,3,5,101,USA,31.42152559955909,71.03332665341549,14.318868199443983,8.513015135789828,29.81782479991668,83.66082146415988,17.855609388338962,85.12845697231535,50.63550054933802,84.15710265842984,59.82779962352896,92.14274646283457,86.3743755446095,67.68583273799294,20.24566107649926,2.323733413068638,4.318512411588301,25.93062308515377,73.28474665502551,81.45293791536483,17.517165025477652,6.203248588424785,1.0,5.599224661973551,6.8200834549964355,42.17855658104003,65.69238152771845,12.97238277253956,47.58312472517491,55.91895338249731,31.027056149688406,36.88851327944508,93.41517453375116,73.06999613385693,8.134210253605232
175908,1,16,12,15,21,20,8,103,USA,96.48524339357084,72.29494873939228,96.84769134625276,74.63236042239402,77.93512099923532,66.74538267752837,99.65837511073744,17.974628136585864,60.728061954840825,2.1885368211965925,37.45479722966138,15.113676818130472,31.70743267490576,35.84241749170508,64.78278589337833,63.6332320645019,66.51034893630327,31.190177032009785,46.19023280498891,75.6456630134129,76.31086354020897,96.41886734805212,89.20048547787871,67.20549961186697,78.09129834681312,92.79304433161644,89.28100523245439,91.46644177191081,58.276711156171814,84.28738319745946,42.309529269011875,45.36397585546422,48.07670343183918,19.311718575472838,92.64653721661432
185811,2,23,1,43,0,30,10,103,USA,83.79589734990736,75.34008785972469,77.8280525063858,75.29940096995824,61.07139808454821,83.66082146415988,67.23225874558347,72.31400909685436,69.241915284083,57.92493916101165,46.70688036593572,64.72479717011902,68.46322926279544,84.36304352175205,62.017903918538536,53.95060925674363,60.398467535691054,63.31946390461832,56.018839058953176,56.37210185571547,61.25946572680101,49.578001819627275,42.80857461825059,40.06999034374928,59.00355203903064,57.8214434189569,44.69722274408724,53.95060925674363,34.28695882176464,51.36864963094524,58.854938377407905,36.88851327944508,35.48102721108222,17.875995259367897,30.105722373059507
49324,2,22,56,10,15,8,5,101,Belgium,61.46053037047943,79.42646223603026,29.92105452901481,20.791244461849743,75.896469460812,61.101068989654436,67.23225874558347,19.092537080780062,31.945871788203334,37.15180008304583,33.7921982229756,12.124301089074606,10.186151472267312,43.67753549670533,3.0651019287651735,2.323733413068638,2.7238046880180633,5.518383821948504,26.715253344971444,81.45293791536483,1.0,18.215643528416734,1.0,28.20459265453337,19.016207114244878,37.050328652931285,75.43413507948515,37.13891197395856,69.35750814000625,64.85190053121335,66.6913920797009,85.98172945970623,63.60458836831259,49.51248786451873,53.319429804707454
84039,2,19,20,20,11,29,10,101,USA,8.989270586511623,32.30086506298957,23.23512349102603,1.0,12.97238277253956,59.96455073421714,7.821504501229896,89.74862098298343,52.45351877055924,91.86904674501659,87.62929142411929,73.53125052946376,71.58235461751946,92.4495495106745,37.018448277902735,63.253774141245344,47.29334144891749,24.737787779321025,59.48073062366848,17.792144118817248,35.44845706311651,64.95563832067211,22.99667203151691,64.95948197352692,47.263624580874534,78.74483379669266,90.31994505042348,53.185121557385685,27.932533491727924,53.15156358542765,31.624997092283593,28.75587535527049,47.22811985829236,11.15984711503495,37.933206440742254
167603,2,30,3,11,21,2,6,103,USA,50.92951243368651,52.403820182702646,66.57026742309836,70.13473438320716,34.81530240400832,22.051478045657404,62.685739247457434,5.182779867782472,7.391972611249315,37.15180008304583,1.0,12.124301089074606,16.135186567182956,13.513620199922286,20.24566107649926,45.17371817583938,14.002342391831263,21.773925274910596,21.487023866808073,33.840423460596384,35.73896974224084,27.794902936166807,28.966673346581445,8.962940915860088,46.98563916064137,18.344838315632046,65.69238152771845,48.305582994432655,87.59856168432407,33.40694941671984,94.2497690484131,88.5842256885278,68.12570526155298,94.13055647783642,87.05895219246986
213500,1,21,15,19,13,18,1,105,USA,25.0940400135444,3.019669333842657,33.038220660422525,47.87586579427381,56.4544420238056,16.304651131737984,55.263629249518715,80.03831038881117,75.68591836594749,67.88573980876623,89.39717246292184,54.24481320760782,86.9295000701353,57.77181115832951,85.63451242578503,82.19946571129663,90.7742340882254,82.51494454378076,92.39851927298366,77.5637764425644,23.78808931319972,48.95717011571048,33.429732576898715,91.89955310846108,52.223645153743746,31.333377765149464,52.57787559748709,33.53431189536067,25.438007248772408,34.23160425600963,96.04631989948655,17.681323668604676,1.0,14.207986596123675,16.380896680795246
160482,1,33,37,37,20,2,4,103,USA,1.0,5.236587545981379,3.278312869826877,7.542847206751148,1.0,1.0,37.80945197566672,73.09697535956519,64.18263323986054,89.92405368224854,63.944078383121166,33.2971634767795,77.01311750261641,62.553226842568904,62.378035374928515,82.19946571129663,44.299389968876426,42.433977689944925,80.05715289906334,20.095747650381668,85.1758837078429,54.16723352054123,88.89737441320062,43.344921433791285,57.75674281970055,94.12361067440236,27.54053586276666,1.7779210136593235,7.289183469752302,6.646425442125121,12.383733081535269,5.9282486571625554,41.60700518705539,7.927984176145856,24.240696134801567
259089,2,39,1,45,20,10,11,107,USA,88.50783162856283,95.15007002202924,87.43748015944948,64.72479717011902,34.81530240400832,87.33959614283856,79.86341080358977,57.49825599633937,50.63550054933802,45.40024373105052,40.17220037646791,70.13473438320716,55.989958694574455,67.68583273799294,65.26968896715852,40.8204093289915,47.90708649651623,76.59096398990584,43.98116094104404,60.87159425496816,91.03705908413644,39.79627687716339,57.1914253817464,52.496530987935046,29.452900831051807,67.94879774837898,5.8801748414628605,53.95060925674363,18.86528799783011,21.14522395556716,6.5624904528720975,19.819521227727023,49.525487831820726,30.49117442662336,43.8453517351694
74939,1,26,16,25,21,24,8,101,Canada,58.78898860539044,49.46078375067634,89.86526647580195,73.55834364977648,8.962940915860145,84.49314686490402,29.473450015379456,98.96065720131287,98.34162882046974,99.6444639680102,75.28209110360444,97.89506570647995,98.8476866952484,97.51155004048303,29.579928308919563,28.267673322213682,23.59305727208681,56.62565795263481,75.0312598445779,12.993014428773478,28.301933389501215,8.655301255209451,3.329479665443344,32.54383356563801,8.743747773108822,80.43433057250775,47.42212440251018,1.0,23.831246036348006,22.158760642680534,53.823398285471114,37.06068052157116,28.20459265453337,14.207986596123675,16.380896680795246
268123,2,43,52,56,18,12,4,108,USA,91.78592354433022,92.76668478665965,87.43748015944948,47.70466906821406,99.67285308425994,93.48525340387232,30.105722373059507,23.05741018832211,89.6062228543542,12.252212217087475,1.0,47.70466906821406,10.186151472267312,58.25364669194022,97.17080776959347,66.8333246469353,97.27619531197854,93.52770109924222,49.99999999999858,99.43736475223136,91.03705908413644,4.2485312532100465,83.25237944960452,1.0,40.99644796096635,14.378524128681903,3.5467133857440984,6.169520740884394,20.433709503141472,14.059962345009183,80.97280035630354,36.88851327944508,1.0,49.51248786451873,8.134210253605232
35866,2,23,2,1,2,3,4,101,Australia,39.05845551951177,71.03332665341549,41.91533974070052,41.99495664515888,71.15813214473707,1.0,53.319429804707454,1.0,1.0,1.0,4.535059067241605,1.0,16.135186567182956,1.0,96.77219461380707,91.29658428621372,99.65427914810834,21.773925274910596,32.25972665545132,99.0,97.96641038608618,42.56949810045177,89.9625610576469,2.989544253827688,53.01436083935573,5.009971493021538,65.69238152771845,59.55017917542108,67.54732991341501,42.27146376772623,50.808806724323006,48.10738101833368,49.525487831820726,91.51438874914072,95.24464839547647
308867,2,18,2,2,19,23,3,110,USA,78.05403553916233,67.6991349370075,65.3808342608151,42.36174007540245,80.19514273855225,59.96455073421714,92.17849549876689,47.13134731573945,40.23918650456716,64.3925588198357,1.0,85.91201735985874,79.32731034292351,18.93461870143412,70.8620796868185,10.332299672838332,69.9848920385781,91.55277914081012,98.8901688239149,97.2933305083734,10.313414471076555,1.0,1.0,1.0,3.9178591134474203,1.0,1.0,14.33903948472684,69.45452084089891,78.53212677802628,99.52784010077323,19.16249926646887,17.47546846224384,99.0,51.87270511600451
312243,1,40,6,2,13,1,6,110,UK,46.790959717020144,5.236587545981379,28.17955672026264,42.58820505516337,30.02594327788131,84.49314686490402,89.41168157878826,1.0,17.11734969494421,36.46593774743093,1.0,1.0,1.0,57.77181115832951,2.231623422355767,20.62737789529018,27.471562450578233,3.042668936525601,4.1425430837941235,20.095747650381668,1.0,52.86655318460737,88.89737441320062,27.409635915245588,8.743747773108822,51.547120780486466,57.708912917791565,69.4156405997457,98.16478202039809,95.08507306204467,72.23384881392207,99.53523926235118,69.21080137353118,81.35350509583145,99.0
96138,2,59,45,12,10,17,1,102,USA,71.52185653524157,71.03332665341549,60.5424373119057,64.72479717011902,84.49314686490402,45.936737500516585,58.035300002071665,77.5531130315029,85.26869520075695,49.58131153933135,78.09129834681323,80.15066620083473,51.71482449908609,84.36304352175205,46.41021409285935,66.8333246469353,17.11734969494421,90.8455915333858,83.34590082095656,5.974300634468989,35.73896974224084,42.56949810045177,79.42646223603026,64.78278589337833,53.01436083935573,52.615754574771245,8.753511897216725,17.11734969494421,14.440226689848515,8.165431414597577,50.808806724323006,22.97917678602758,8.682797163853309,49.51248786451873,5.635294664448608
232196,1,29,2,56,10,10,3,106,United Arab,57.46714724560945,23.74815518018309,78.23795352732941,32.29361888896099,89.02639377864637,55.830976460441036,46.48765477801305,96.05692016772173,93.46684484996422,86.90681568138461,85.18869867852766,87.16186232831421,92.25739618974785,80.17625967302877,71.84876806160958,88.55650798049987,87.97121727048989,86.05748381699186,29.2312123443686,20.095747650381668,63.080058676461306,54.16723352054123,74.31609562768182,43.344921433791285,68.50084497134463,31.333377765149464,67.6991349370075,28.6562827261815,14.970382521777537,42.903871202689004,15.09685281157391,33.57488279193916,2.9895442538276598,21.84035593194926,20.178564309796258
227204,2,18,30,9,10,9,0,106,USA,21.500199199095363,23.002631534593064,46.87999385447824,36.99571155383836,26.569667184096602,17.505856384176695,35.36705841812295,45.985793902462774,52.45351877055924,30.736721929339495,44.67079951304356,20.35879786660678,71.58235461751946,62.81128849233477,46.038124592193924,46.65271327404656,76.88702824078518,49.99999999999858,28.417645382477644,37.1121953585116,30.63992438136114,43.1705646194394,69.25788961302214,41.86477327317664,41.82043671123682,33.87469800503456,45.430036846224084,37.376126900058125,44.31686177731541,62.055254706882295,35.33576144754812,46.66577108930471,42.62918553286505,39.50535605806317,61.15337443158933
76105,2,17,44,5,11,3,9,101,Belgium,60.94154448048522,52.57787559748709,46.87999385447824,31.77158528160487,80.19514273855225,69.5661629611684,59.82779962352896,73.7798081881059,70.31730040788568,43.158876559428165,87.62929142411929,77.94852195433975,89.20048547787871,35.40405306078168,54.16463444250638,67.25861939826268,58.854938377407905,32.751143231381775,77.19398147516756,17.792144118817248,74.88244503141595,75.09561146057843,60.03770236290336,47.66706510853851,68.74074637331933,74.72943511559401,74.88244503141595,78.16576113284259,18.228973002517307,22.99146730217373,28.017660032449186,22.221421111983574,17.47546846224384,23.966802620214708,47.19168211406509
143222,1,36,20,21,9,17,11,102,USA,94.69712168857689,79.88105043362498,97.44911960504214,95.58814230780956,98.69267840476323,88.24351183291469,18.145762469524954,31.56674089194442,80.9158733380425,1.7707981883185226,63.944078383121166,69.69101146171175,20.847780014460227,20.62241428251221,65.60337400410845,53.95060925674363,19.907040067253604,86.05748381699186,92.39851927298366,41.60700518705539,77.08551834849004,77.48516829516348,47.19168211406509,88.47492695334438,90.59164364262006,51.547120780486466,47.42212440251018,82.88265030505272,17.04642161544021,18.510816413584024,3.9536801005100273,20.597804832851892,9.911413245848223,91.51438874914072,16.380896680795246
221608,2,23,15,4,23,18,8,105,USA,64.03676662779884,61.91892508169872,82.88265030505261,25.710640422264248,66.19844583264802,61.101068989654436,58.035300002071665,67.90588771553524,56.97016483628056,66.06762283826549,40.17220037646791,53.441633783084455,72.40894963476512,76.50027093359677,70.54184879187056,70.92998286223917,72.29494873939228,58.61780956927589,38.04138284016847,60.87159425496816,80.01509013648229,68.84175466057837,75.34008785972469,58.701033451356636,59.00355203903064,85.62147587131506,15.903862568815157,75.42677453203078,1.0,3.735362355170551,3.019669333842714,6.9047873344051,14.973082087715454,3.3342664290154715,11.02956043416009
134058,2,22,14,12,0,18,9,102,USA,93.9223807657288,89.9625610576469,82.88265030505261,84.6203993462982,91.55657756489688,83.66082146415988,58.035300002071665,43.21166675331921,80.3671613682983,9.551783999317706,72.33000753722172,75.29940096995824,72.40894963476512,1.0,99.63999912370514,85.51395057332343,99.28903108451607,93.52770109924222,61.958617159828464,99.0,96.19374149497719,35.69384770455139,75.34008785972469,28.20459265453337,80.98379288575211,67.94879774837898,1.0,26.569667184096602,1.0,1.0,1.7653055393491428,2.1665623226142685,1.0,77.33488278773791,1.0
66120,2,49,55,49,11,23,6,101,USA,71.52185653524157,61.91892508169872,87.43748015944948,47.70466906821406,84.49314686490402,45.936737500516585,58.035300002071665,38.50902824656691,44.29159025946308,12.252212217087475,66.20780177702142,59.13772006023231,30.736721929339495,58.25364669194022,48.6529331597597,40.8204093289915,76.00485587797846,34.82904556346739,43.98116094104404,56.37210185571547,35.73896974224084,72.71316945068054,42.80857461825059,46.256957089828006,70.54709916894535,89.20048547787871,70.67123342360873,65.03935511670318,15.865940049714283,29.147485055433123,17.11734969494421,29.71880108100757,26.650481798648855,14.207986596123675,25.80553116473422
10316,1,17,19,43,14,23,1,101,USA,5.96786637304686,10.464903476895557,12.313095417253464,29.13517763775053,15.84780352374321,1.967525762914235,43.344921433791455,57.07189150575374,29.581762687260635,61.46221350641065,61.37045033015977,38.409904521478666,66.6146913372175,65.10699556121563,52.496530987935046,50.444855885907884,70.25374326944495,22.58667220257354,71.00186778562642,59.1795906710056,37.5868434385456,32.424031140964416,29.489405286236234,51.59328961075215,36.66643893113121,19.9849098635147,54.50575608986287,38.059457108195716,73.433355928906,84.28738319745946,93.71705502640737,41.526618308606714,48.07670343183918,56.10310053102842,71.38921400774188
115141,1,41,38,34,20,28,4,102,USA,34.960644883293924,60.18072278051625,38.067298615952495,68.70258339069414,56.4544420238056,20.508511603777947,11.734640245817701,11.70709877269158,2.7734238101172366,23.85571826394252,22.60077033503822,48.9377169468961,11.35054957986543,20.62241428251221,28.557470106690573,20.62737789529018,31.512001956115284,42.433977689944925,29.2312123443686,60.2364043211619,23.78808931319972,27.5456539692766,20.866239721879907,43.344921433791285,8.743747773108822,36.23605888348368,67.6991349370075,38.57759101883818,93.86347100506055,87.42678902469072,75.63332256004708,93.70817680018945,88.28075826138559,77.33488278773791,94.93180673518896
136780,2,33,12,41,11,5,10,102,UK,19.748315968039748,16.747620550392412,54.36555360329919,59.13772006023231,34.81530240400832,1.0,43.8453517351694,88.46011826017582,63.20312309096943,84.15710265842984,78.09129834681323,75.29940096995824,91.86904674501659,72.19114017691345,54.26151488253112,70.92998286223917,72.29494873939228,3.453357380102119,91.50959199298825,51.824706498066064,35.73896974224084,96.54086222896194,75.34008785972469,81.41475722390544,80.98379288575211,97.09728070807125,84.09613743118166,84.5933664326293,63.857248475927804,73.33319121504621,14.104550358581292,66.74032908262433,84.3242218657266,73.06999613385693,62.685739247457434
310185,1,22,13,12,19,14,4,110,USA,86.82071131277769,96.58529297009034,95.45650955974043,93.03225210487653,71.9500762518129,75.896469460812,11.734640245817701,73.09697535956519,80.9158733380425,67.88573980876623,85.18869867852766,59.50871942031665,61.349416119693956,52.92361192269021,79.59145657351883,88.55650798049987,65.99871618056824,51.8976637847569,64.06235791054291,46.256957089828006,98.27719708682389,86.63338107695051,82.15417819623713,94.77909849696766,96.21941950767757,84.44731220264532,18.736579827812932,64.46531457556091,45.59103730715219,77.08551834849004,31.28674622915665,37.06068052157116,37.023634211068725,35.09415280946621,66.08916647993237
125856,1,18,30,36,18,21,7,102,USA,40.179112771535245,52.09291350348076,77.51836932816263,15.921465128015797,51.6679506587941,61.925522292421476,12.26995716200264,72.2624088071342,66.85561577610315,61.46221350641065,91.15623620881456,87.16186232831421,62.34008261658903,26.632797507014317,42.12105509488873,46.00010268162191,35.01538529484975,31.190177032009785,17.11734969494421,63.46873685996724,67.21963358910307,38.5265098022748,66.12530199496246,62.10760514616891,21.90870165318364,69.14764735755358,49.49875553694591,1.0,56.165935936296535,41.258983812307235,26.05410933084437,68.1837682854158,43.28529155118588,85.78653499209838,66.11822851590068
229009,1,34,26,29,15,14,1,106,Canada,46.790959717020144,23.74815518018309,73.70462543469392,53.185121557385685,20.561530401874762,61.07139808454821,55.263629249518715,38.19972999599139,33.4297325768986,63.53406225256617,27.999307699752535,19.2114517347637,52.964175030515435,43.19382167571155,70.83021144068346,70.92998286223917,57.44425564700225,74.61390353739301,58.269695887561284,60.2364043211619,67.93474740485391,42.464941137708195,74.31609562768182,48.88792965914092,35.72345774980255,31.333377765149464,14.79180849177061,64.46531457556091,58.42405105648862,64.91753336498903,61.389447325112315,62.23415499654976,50.93650051561667,49.51248786451873,47.11585655441377
74368,2,24,16,27,5,20,8,101,USA,33.927915451124136,57.1914253817464,29.92105452901481,47.70466906821406,55.830976460441036,14.087982640138051,34.571415401094725,26.185901261901705,15.669449792360979,49.58131153933135,16.61144435151772,20.791244461849743,34.78467417757349,48.53763055243792,44.17401957186058,40.8204093289915,68.43962164102402,44.24036830069821,26.715253344971444,56.37210185571547,30.852352642443492,8.494561098155827,7.233315213337107,1.0,35.1258481984101,14.378524128681903,49.99999999999858,31.747142483319834,81.90222459853464,77.31892438549448,70.4714220996438,77.02082321396949,49.525487831820726,81.35350509583145,92.91508350555785
233285,2,36,16,28,16,4,4,106,Greece,89.3708398999762,61.91892508169872,72.36136535016311,59.13772006023231,98.33210374463852,83.66082146415988,79.86341080358977,38.50902824656691,74.99408138629997,7.144839700381453,40.17220037646791,80.15066620083473,64.3925588198357,10.256330377787322,85.4888347581699,66.8333246469353,72.29494873939228,76.59096398990584,49.99999999999858,99.43736475223136,71.05247102613345,41.179729089046816,92.76668478665965,64.78278589337833,24.056666816970278,32.05120225161804,29.328766576388233,12.97238277253956,37.077897318682915,21.14522395556716,62.811288492334825,40.585778717067456,2.259118008828409,59.21514729374104,71.63636970116852
233427,2,20,30,6,0,9,4,106,USA,78.05403553916233,57.708912917791565,76.76487650897081,36.99571155383836,70.35319944682698,74.11744885089718,92.17849549876689,86.69090053401965,99.40126536806883,72.40894963476512,68.01434649002357,92.39851927298366,86.18427994672345,35.40405306078168,85.98482462745812,67.25861939826268,83.18027635575788,71.33191861117649,46.82434645388838,93.59987873933267,90.31994505042348,46.82216652462898,45.676489579080624,20.37248554819024,73.74048971379887,33.87469800503456,65.52574711047504,47.87586579427381,20.526002638217875,35.331007974480485,31.624997092283593,32.194701977513006,17.47546846224384,45.002837651201844,13.649579136660321
205880,2,16,28,2,11,3,8,104,USA,24.914390125764243,52.57787559748709,46.87999385447824,31.77158528160487,17.11734969494421,2.9155433490531237,59.82779962352896,1.0,1.0,23.061104035291663,1.0,1.0,17.11734969494421,6.5624904528720975,41.998198589891786,7.834533999019911,76.88702824078518,6.075163226919031,12.923435234695575,97.2933305083734,55.58203895537741,9.853554697057774,27.220086945751973,1.0,6.434313090642604,17.480198646710647,40.39427439640821,53.185121557385685,98.15081607196635,93.91650313720686,91.19146308714903,93.69665425731546,65.48158958671098,92.82346852083447,99.0
171995,1,18,50,53,19,15,7,103,USA,59.07333792744606,72.29494873939228,85.5457731059488,79.11094946766809,8.4194028989873,66.74538267752837,26.412032535376227,22.99808506465837,35.57062646454057,25.56560193899287,26.176894918892657,48.9377169468961,23.678321390588252,26.632797507014317,76.22732636636681,92.15079630607045,62.670216542141645,73.21175121452501,27.840394651610865,59.1795906710056,87.96288850524809,84.70846809500802,52.34060397447763,92.16196389768993,73.40738137626522,64.26103025775632,69.10030500257426,91.46644177191081,78.06140050648298,72.78553401282983,42.309529269011875,60.755110706404594,25.08133201404297,99.0,97.55841535311481
176599,2,35,53,21,4,26,8,103,Romania,78.49980080090143,75.34008785972469,87.43748015944948,64.72479717011902,9.068460239733724,75.32807768554233,95.24464839547647,20.059795162356977,7.391972611249315,21.85000045652049,40.17220037646791,47.70466906821406,16.135186567182956,43.67753549670533,29.04588386996008,1.0,23.9951441220185,49.03819143458776,49.99999999999858,38.2372666632848,87.75190106309344,12.026445830587676,7.233315213337107,58.701033451356636,1.9176568037284625,2.9027192919252514,75.43413507948515,26.569667184096602,99.59856341506645,99.40720286855696,99.35300156989251,99.41200713087233,76.67913134796015,73.06999613385693,99.36791336755778
14525,2,35,28,18,0,5,2,101,USA,3.394972836704426,47.596179817294626,1.0,1.0,55.830976460441036,40.894584213473934,14.282856410831698,58.67830270104173,69.241915284083,25.45996442274705,33.7921982229756,88.64046967681088,86.3743755446095,29.589779021082336,70.54184879187056,53.95060925674363,52.09291350348076,58.61780956927589,56.018839058953176,91.03705908413667,71.05247102613345,33.00886114124933,75.34008785972469,12.993014428773478,10.31885447517891,67.94879774837898,44.69722274408724,17.11734969494421,2.493970793953139,1.0,6.5624904528720975,11.41577431146905,3.947459569359083,73.06999613385693,1.0
190613,2,18,21,6,11,28,0,104,USA,14.243324576809897,42.291087082205365,13.42929580372271,36.99571155383836,3.6415008991581033,40.03544926577973,17.88661623946294,99.33945364336375,96.15818163064591,97.61205212583025,83.3382186311095,92.39851927298366,98.8901688239149,75.65063070036763,60.204905942650214,55.01669969009657,47.29334144891749,75.2622122206759,46.82434645388838,45.66479924381599,74.88244503141595,52.93364831840864,55.28135202338723,75.67701117574552,68.74074637331933,33.87469800503456,40.39427439640821,42.58820505516337,61.29976780711871,82.18204355948444,69.83155565887887,19.16249926646887,56.4544420238056,50.55606614092534,88.89737441320062
30691,2,19,3,31,14,18,3,101,USA,86.32567408980833,76.99736846540372,65.3808342608151,83.30333675728741,37.13891197395856,59.96455073421714,99.38828598892815,18.465253038361,70.31730040788568,2.127456191033147,17.57742842669819,54.063262499480516,20.67268965707339,22.756772076691846,63.17851639771209,59.164320907627484,47.29334144891749,36.95641966039261,40.51926937632845,82.20785588117974,86.98840586106246,89.99451031627927,64.70990500369106,59.28595610939959,78.47416633678381,92.03222323833745,86.98840586106246,89.95808132590957,54.73877103055514,22.99146730217373,39.12840574502866,50.37071458413487,69.83155565887887,99.0,37.933206440742254
177954,2,18,42,42,18,6,9,103,USA,69.81399683587563,62.7658086140799,71.22629291164247,90.81894281558982,80.19514273855225,55.004959023812035,21.90870165318364,1.0,6.052488078137884,7.648959173274079,3.4351090716735797,1.0,1.0,9.146915940496768,66.10747620334979,67.25861939826268,62.64068640317316,45.61140169131329,34.352882342751116,82.20785588117974,70.30114211772138,37.16714731086796,60.03770236290336,30.63218018601941,52.73637541912245,33.87469800503456,26.016015886155145,42.58820505516337,73.77299422698269,39.70545999798901,76.81782783447204,75.22616924738367,51.84839431971352,98.9965433323888,70.07894547098226
267750,1,60,27,3,17,4,4,108,UK,79.68512546153556,70.4714220996438,68.9285864716831,82.4708482798892,51.07837601973398,88.24351183291469,55.263629249518715,58.854938377407905,70.07894547098209,45.44302405066958,57.946348166777,59.50871942031665,48.729091361349106,62.553226842568904,64.53469706952234,66.8333246469353,53.073836758051584,89.2767172098396,84.67710944081546,9.911413245848223,63.080058676461306,14.671928866024217,61.15337443158933,17.983638162857602,46.66577108930471,10.551767248969924,1.0,43.73447948589535,48.34497491992602,73.19020655694652,72.23384881392207,17.681323668604676,16.400122364874676,68.60058485381398,51.923296568158094
195411,1,33,52,48,18,13,2,104,USA,86.82071131277769,94.2497690484131,53.66061046757994,82.4708482798892,71.9500762518129,66.19844583264802,76.0272500337062,30.489705484806677,70.07894547098209,49.99999999999858,13.060336169444241,64.67544802501914,48.729091361349106,1.0,98.97351374615835,85.51395057332343,99.27438496336617,89.2767172098396,88.81595604155018,99.52784010077323,67.93474740485391,1.0,20.866239721879907,1.0,25.42533077083897,1.0,11.217745275809932,43.73447948589535,54.775405076022366,22.158760642680534,84.90314718842296,65.73375433988832,24.042900881524474,96.29176126262075,12.887763580526325
124807,2,26,32,5,18,8,7,102,Tuvalu,9.307827659992853,7.233315213337107,14.318868199443983,30.92981159264579,75.896469460812,17.908775923854762,1.9807224414555975,84.24446133640788,50.63550054933802,89.9307629908659,72.33000753722172,80.15066620083473,98.74639590052823,29.589779021082336,90.72328291109,91.29658428621372,93.72983996355435,30.29568662558205,91.50959199298825,81.45293791536483,84.06143549742728,93.36455021965276,75.34008785972469,81.41475722390544,75.94333318302654,98.6106658859087,87.88726300699477,53.95060925674363,36.14275152406924,46.8080809597364,3.019669333842714,66.74032908262433,54.26599085816497,44.64654924803892,39.164121453558494
332618,2,16,50,46,18,22,3,111,USA,85.37232101095174,85.20819150822626,59.316179143202476,74.22680595634887,84.5933664326293,69.5661629611684,73.80819408488429,18.465253038361,52.45351877055924,13.024359851372537,17.57742842669819,9.369813365583099,20.67268965707339,58.284910629285946,70.8620796868185,78.501107382834,91.11356755894622,14.16905281531848,17.610461799128302,82.20785588117974,86.98840586106246,54.15383610184341,73.64158585816887,8.059019570939455,58.17956328876022,78.74483379669266,50.50840487755136,42.58820505516337,32.320286709318424,35.331007974480485,7.472242555693413,32.194701977513006,69.83155565887887,76.99047717112194,29.059420566627125
139018,2,38,29,42,10,17,10,102,USA,42.9828288882137,33.453751050166034,41.91533974070052,88.64046967681088,29.81782479991668,51.01676241556953,30.105722373059507,22.04284529347251,15.669449792360979,25.45996442274705,33.7921982229756,12.124301089074606,43.158876559428165,43.67753549670533,54.26151488253112,88.55650798049987,82.88265030505272,5.518383821948504,16.654099179040458,42.72307250299582,71.05247102613345,97.05470170668355,92.76668478665965,76.22732636636681,93.17991654500008,81.65516168436488,84.09613743118166,80.19514273855225,57.2302622192401,64.85190053121335,17.11734969494421,66.74032908262433,63.60458836831259,49.51248786451873,79.86341080358977
69605,2,26,54,30,17,3,7,101,USA,89.3708398999762,95.15007002202924,87.43748015944948,53.441633783084455,91.55657756489688,70.76878765562856,58.035300002071665,10.455981611458071,26.128983665461305,1.0,7.821504501229896,80.15066620083473,34.78467417757349,7.387219948164201,99.66935122106042,95.74707900680392,98.48752314157696,49.03819143458776,97.14333250648781,99.34847401490754,93.86748181121254,60.755110706404594,92.76668478665965,46.256957089828006,80.98379288575211,37.050328652931285,34.30761847227842,37.13891197395856,77.95551269266787,73.33319121504621,54.846168774782996,73.71454677949026,80.63446295056406,88.48499779615781,62.685739247457434
284229,2,37,21,6,17,11,3,109,Canada,42.9828288882137,57.1914253817464,29.92105452901481,53.441633783084455,25.0308986798388,45.936737500516585,58.035300002071665,12.831981429555611,31.945871788203334,66.06762283826549,1.0,1.0,1.0,72.19114017691345,11.849344273167873,70.92998286223917,56.26552051410175,17.865663527580637,1.0,2.2925442179959816,10.225203842964703,68.84175466057837,52.403820182702646,64.78278589337833,64.87415180158689,62.94967134706582,44.69722274408724,84.5933664326293,47.58312472517491,8.165431414597577,6.5624904528720975,88.5842256885278,76.67913134796015,59.21514729374104,62.685739247457434
137329,1,34,29,16,18,8,10,102,UK,33.683837853000824,28.5405116565955,38.067298615952495,37.376126900058125,30.02594327788131,16.304651131737984,79.73389095000289,63.3708128922724,5.302878311419761,96.78591815813411,89.39717246292184,48.9377169468961,14.2706461653477,90.64706074455307,1.0,1.0,2.0610892112853634,28.79653607930709,18.98397532185942,37.023634211068725,1.0,47.65425523944333,5.3028783114198745,70.5644345908944,30.46290046715066,56.687055095672974,76.99736846540372,64.46531457556091,99.0,98.92759189402409,98.52527446695672,99.45754984938719,99.0,68.60058485381398,99.0
232633,2,27,58,22,14,18,3,106,USA,52.256813721130186,61.91892508169872,29.92105452901481,47.70466906821406,3.7542264838543957,79.64120213339004,83.6093633598631,2.388398749701963,44.29159025946308,5.057819312966302,27.66999246277524,1.0,1.0,29.589779021082336,52.02032500607646,78.64360704103217,60.398467535691054,30.29568662558205,1.0,60.87159425496816,84.06143549742728,66.19045769472592,95.15007002202924,17.601766613999473,96.00666942150986,81.65516168436488,1.0,70.35319944682698,30.64249185999057,29.147485055433123,6.5624904528720975,11.41577431146905,87.70991929816626,77.33488278773791,25.80553116473422
209025,2,18,56,45,14,8,10,104,USA,80.2516840319571,81.26342017218394,90.6625911128209,69.25100862044388,31.747142483319834,92.5639835257391,49.99999999999858,21.267752447650963,46.32138626874536,38.93485830207197,78.58858792556782,6.514746596124311,1.0,44.463922165544204,68.98156002000053,67.25861939826268,80.12018947505294,75.2622122206759,1.0,78.69723851442359,83.27341643809916,60.207991004079815,77.82092340640315,41.86477327317664,52.73637541912245,89.20048547787871,13.725430869959183,58.46198478449537,33.21661988493392,7.01428938131528,39.12840574502866,22.221421111983574,51.84839431971352,81.57742612003744,51.87270511600451
313174,1,20,8,40,12,20,6,110,USA,5.356099567919301,67.45616643435892,1.0,3.6772480037729878,1.0,11.701684562204036,56.6550785662057,71.1497847222688,60.728061954840825,98.94635992905421,67.1714764496063,38.409904521478666,40.269335632185744,65.10699556121563,60.74625296338172,63.6332320645019,42.82463416453311,88.41524423700196,17.11734969494421,33.16667535306172,91.13614225019523,10.717846311937848,47.65939602551936,25.968848382253157,9.94667038579641,15.938564502569761,49.49875553694591,1.0,2.6443627490519788,9.994604431249257,1.8835487900494883,6.930956849954356,17.11734969494421,34.12556235771552,6.749673112788514
151167,1,26,36,11,18,25,1,103,Canada,81.83860691644213,70.4714220996438,11.481853327685542,47.87586579427381,81.1885734906025,71.15813214473707,99.0,20.33982698209897,58.08466025929653,36.46593774743093,33.70576361322108,15.113676818130472,20.847780014460227,13.171612727054935,41.33757548138283,58.313084197575165,31.512001956115284,56.62565795263481,46.4438168710891,12.993014428773478,63.080058676461306,33.592570980842254,56.53893235643574,22.535590448916935,30.46290046715066,4.903278732153709,42.291087082205365,82.88265030505272,85.96282872728295,80.77786188366656,84.90314718842296,55.07623775225022,95.93501744805155,96.29176126262075,51.923296568158094
273511,1,61,18,12,13,3,10,108,USA,52.1400963820322,3.019669333842657,73.70462543469392,18.363391319755294,92.27885279287841,84.49314686490402,42.12105509488873,89.34878005453697,93.46684484996422,20.017286690563964,57.946348166777,93.58662019346582,99.67175205324247,87.50184206961114,91.4744297484466,88.55650798049987,97.0995258424665,82.51494454378076,52.371791064982006,55.608646060651324,94.49472941362046,42.464941137708195,56.53893235643574,10.093777116369637,82.88265030505272,61.76273333671213,5.379454201511749,64.46531457556091,1.0,9.139987713136179,5.657455689244756,4.2642639367628306,7.192308219868849,5.399469858662272,4.636274779390959
132798,2,21,48,44,23,9,9,102,Australia,72.72498643467713,57.1914253817464,87.43748015944948,53.441633783084455,20.508511603777947,26.468749470533226,99.0,39.67729426625186,7.391972611249315,94.55163964211795,1.0,41.99495664515888,79.81194919210759,10.256330377787322,3.9213549915431116,1.0,4.318512411588301,1.0,5.317763438902432,60.87159425496816,40.7639845402021,49.578001819627275,52.403820182702646,34.02330933641292,10.31885447517891,67.94879774837898,87.88726300699477,37.13891197395856,97.80583051750898,93.32981256886353,97.52572732097963,93.09521266559159,84.3242218657266,63.96838866723374,99.37747445535263
295353,2,17,26,21,22,1,10,109,USA,91.47951367184999,81.26342017218394,81.90890646608625,64.06235791054291,80.19514273855225,89.60055360530589,82.11338376053402,55.157851850383736,64.53469706952234,38.93485830207197,73.45557273577765,38.89893101034255,54.44332608373179,58.284910629285946,74.52419832809181,81.9031208065719,62.64068640317316,67.24885676861538,71.58235461751946,41.3590478943986,86.98840586106246,95.2468242595038,99.09027077608494,89.10644890369588,93.5656869093541,78.74483379669266,40.39427439640821,93.03225210487653,11.969716158754522,12.51925154915159,18.03168615767558,25.42533077083897,25.158187457547797,23.966802620214708,20.866239721879907
278818,1,27,17,33,11,2,1,109,UK,94.05286581499831,60.18072278051625,86.36991465860137,82.4708482798892,61.76273333671202,80.35947022086873,98.9010067630054,57.71388256228914,51.87270511600434,63.53406225256617,22.60077033503822,79.05269259105376,69.4387851150434,38.39571010362192,78.66773839041639,45.17371817583938,77.90615917089269,37.77526335357368,58.269695887561284,97.6332149299792,91.82712720281188,34.8357917082036,70.07894547098226,27.409635915245588,41.14506162258914,56.687055095672974,5.379454201511749,43.73447948589535,56.60376217596507,51.77910640573515,65.09172431362839,40.608585512881746,77.5637764425644,59.21514729374104,37.61317345856344
254431,1,18,6,41,15,4,9,107,USA,37.70301083369441,46.8616625569893,53.55618312890812,12.18133681601131,67.97952772928915,46.99412107765221,30.46290046715066,99.16208860858171,78.26933715180166,99.5655367261279,96.93149583727586,93.58662019346582,93.80915625759576,69.76618448027108,90.28154724750141,94.46438281850646,91.81407667247765,94.01347411184531,33.74743130294135,75.6456630134129,76.31086354020897,99.38060917819155,99.62529287145958,81.21427908087765,82.46458131618783,86.32158378821839,85.870934111515,96.71870695339089,14.873113458385859,59.65116442468491,1.0,17.11734969494421,7.495455514514461,34.12556235771552,49.43510774796488
10812,2,40,11,31,16,24,1,101,USA,54.90627060670437,79.42646223603026,10.10598483323173,88.64046967681088,39.96934393210995,61.101068989654436,34.571415401094725,52.74554957826348,38.03089399597786,45.40024373105052,33.7921982229756,59.13772006023231,55.989958694574455,72.19114017691345,33.23363959699367,53.95060925674363,31.560378358973026,17.865663527580637,67.74027334454553,25.45049056170572,40.7639845402021,38.42014413139253,47.596179817294626,76.22732636636681,6.8200834549964355,32.05120225161804,75.43413507948515,21.671423710050647,86.93270420526017,73.33319121504621,94.2497690484131,93.09521266559159,30.986852474538694,63.96838866723374,97.12389438060234
249438,2,21,15,21,12,13,3,107,USA,36.47580823944185,13.22223083227749,60.5424373119057,64.72479717011902,29.81782479991668,26.468749470533226,62.685739247457434,55.12717955246546,63.20312309096943,41.24825991472602,53.29311963406161,47.70466906821406,64.3925588198357,53.41024752405781,89.32661394479351,82.19946571129663,93.72983996355435,84.34337495220132,38.04138284016847,81.45293791536483,80.01509013648229,66.19045769472592,57.1914253817464,52.496530987935046,80.98379288575211,57.8214434189569,29.328766576388233,84.5933664326293,36.14275152406924,51.36864963094524,70.4714220996438,14.018270540290615,30.986852474538694,14.207986596123675,67.23225874558347
54720,2,51,52,11,9,20,5,101,USA,62.75273974392064,33.453751050166034,60.5424373119057,30.92981159264579,91.55657756489688,35.93764208945407,87.05895219246986,45.58642466126116,63.20312309096943,15.219684361003004,66.20780177702142,30.92981159264579,43.158876559428165,76.50027093359677,47.531012923146136,70.92998286223917,52.09291350348076,49.03819143458776,5.317763438902432,33.840423460596384,75.662292729603,64.84671107983638,66.54624894983101,52.496530987935046,75.94333318302654,72.76718201217892,39.44843304817931,48.305582994432655,20.433709503141472,5.750230951583532,6.5624904528720975,48.10738101833368,26.650481798648855,77.33488278773791,17.855609388338962
93583,2,19,52,46,18,31,0,102,USA,60.94154448048522,27.54053586276666,81.90890646608625,83.30333675728741,59.55017917542108,40.03544926577973,54.935651382447816,93.08227421340052,75.81695156631247,97.61205212583025,78.58858792556782,64.06235791054274,89.20048547787871,83.23803042156646,66.10747620334979,71.1524166859918,55.02122998860722,85.83094718467828,34.352882342751116,41.3590478943986,74.88244503141595,76.16055538599448,64.70990500369106,70.44701254587068,90.48753652855896,70.51059471376072,55.58203895537741,58.46198478449537,54.73877103055514,57.63140255323418,58.5656690031538,35.72345774980255,47.22811985829236,81.57742612003744,61.15337443158933
36040,2,17,41,45,12,3,4,101,USA,75.78114188461245,76.99736846540372,59.316179143202476,69.25100862044388,70.35319944682698,59.96455073421714,69.30757411611546,6.917725786595966,28.557470106690573,55.989958694574455,1.0,2.300542363605473,20.67268965707339,9.146915940496768,83.73789497065434,63.253774141245344,86.04643655114467,36.95641966039261,71.58235461751946,95.63802576782712,90.31994505042348,35.98478209725613,85.40624108122324,5.0609644424642255,31.25925362667769,17.480198646710647,50.50840487755136,53.185121557385685,65.88150455292742,66.39018662627882,28.017660032449186,81.43027151090689,25.158187457547797,98.9965433323888,78.35350300402342
226627,2,17,19,8,12,15,11,105,USA,15.211608590230156,23.002631534593064,1.0,69.25100862044388,6.169520740884394,30.433837038828756,64.6329415818742,67.45616643435892,52.45351877055924,60.225336049293276,73.45557273577765,77.94852195433975,10.799514522117988,96.72922815285358,71.79054250810225,50.83735048134031,86.04643655114467,82.5422801540393,87.07656476530121,14.517122006183115,79.22231631654597,84.09339570621592,85.40624108122324,41.86477327317664,86.90681568138461,94.47557225921162,26.016015886155145,93.03225210487653,64.06235791054291,91.4785362151789,35.33576144754812,54.073822790188274,78.02643791803109,66.9308230275501,51.87270511600451
35318,1,32,58,3,16,1,4,101,Finland,36.2472869970386,70.4714220996438,68.9285864716831,7.542847206751148,40.348835575312364,50.53116852032986,21.7240780700497,50.808806724323006,58.08466025929653,16.41836990916883,75.28209110360444,54.24481320760782,40.31097559507873,71.7487486783483,26.542765947193516,20.62737789529018,23.59305727208681,16.752530593318255,23.934694948060837,64.78278589337833,53.04877238159048,65.662671312513,65.67904193769476,88.47492695334438,30.46290046715066,66.72472775425962,52.57787559748709,54.18252200787731,19.965341972887984,15.10389698892294,21.10851187360717,20.597804832851892,60.2364043211619,30.49117442662336,16.380896680795246
204457,2,13,53,23,4,25,6,104,Australia,33.42310129563086,57.708912917791565,28.773707088354342,36.99571155383836,26.569667184096602,49.99999999999858,30.69242588388164,69.60365368304599,64.53469706952234,68.46322926279544,50.593135699815036,82.09122407614211,45.5566739162652,71.52971542119849,53.15027876889582,71.1524166859918,58.854938377407905,49.99999999999858,77.19398147516756,32.953691042920525,26.016015886155145,61.40485267302421,64.70990500369106,30.63218018601941,52.73637541912245,47.65939602551936,86.98840586106246,58.46198478449537,54.73877103055514,44.15565888771181,54.686835292814635,42.977345193462895,69.83155565887887,66.9308230275501,61.15337443158933
90483,2,39,13,40,11,15,0,102,USA,67.83131678580486,7.233315213337107,66.57026742309836,25.710640422264248,94.37835650084708,87.33959614283856,83.6093633598631,85.99263405999045,93.2872842997682,18.42776043837648,59.82779962352896,92.14274646283457,98.74639590052823,84.36304352175205,96.77219461380707,88.55650798049987,79.5429030640945,84.34337495220132,99.0,88.15258071082917,66.23505277541807,55.196235194102144,47.596179817294626,58.701033451356636,85.58941731904213,42.17855658104003,29.328766576388233,59.55017917542108,1.0,2.1550420242131025,17.11734969494421,9.038096759454817,1.0,1.774113606830312,1.0
242805,2,19,17,45,19,1,11,106,USA,12.382760911786676,62.7658086140799,40.6838208567944,1.0,3.6415008991581033,59.96455073421714,21.90870165318364,22.231533074520087,9.454964255860347,38.93485830207197,68.01434649002357,20.35879786660678,8.10044689153574,44.463922165544204,5.553862735025689,5.648760238916267,1.0,28.66808138882041,1.0,21.3027614855734,45.430036846224084,79.26419127960321,99.09027077608494,59.28595610939959,26.259510286198037,98.04914646712541,40.39427439640821,63.652467915599175,43.374342047362404,26.941078206479716,15.053531811709632,75.22616924738367,69.83155565887887,61.58199982530522,37.933206440742254
50995,2,37,39,39,19,12,5,101,USA,44.30101977490665,61.91892508169872,24.31408163404953,36.380627243456786,55.830976460441036,51.01676241556953,43.8453517351694,32.76924519868169,26.128983665461305,25.45996442274705,33.7921982229756,64.72479717011902,43.158876559428165,34.16187001140264,29.04588386996008,10.870300553545434,43.73447948589535,39.49062956608225,38.04138284016847,51.824706498066064,30.852352642443492,34.34568935666255,61.91892508169872,22.701518884824225,35.1258481984101,42.17855658104003,60.55156695181773,12.97238277253956,85.55977331014822,73.33319121504621,77.63595327780763,70.28119891898956,90.75306645260173,73.06999613385693,87.05895219246986
73815,1,22,11,37,22,10,8,101,USA,73.96021344663552,94.2497690484131,86.36991465860137,68.70258339069414,45.69101423380141,29.81782479991668,59.61189674467573,1.0,1.0,40.92026450019563,3.1396047715357156,1.0,2.7658619974431673,9.951262556788066,9.454964255860347,10.870300553545434,23.59305727208681,7.341158704576031,1.0,60.2364043211619,33.024071419858416,25.220737858651887,20.866239721879907,6.879750348352232,8.743747773108822,56.687055095672974,62.7658086140799,54.18252200787731,99.47369796543762,87.42678902469072,98.52527446695672,98.04110390691176,98.84315228214336,77.33488278773791,99.0
219918,2,27,58,2,22,9,7,105,USA,69.07417815518039,92.76668478665965,77.8280525063858,30.92981159264579,16.304651131737984,83.66082146415988,62.685739247457434,89.23888538147537,63.20312309096943,41.24825991472602,88.11866088490251,88.64046967681088,89.26937941052824,97.66510267924343,7.100159221690674,10.870300553545434,17.11734969494421,1.8771889975362797,2.8566674935086525,38.2372666632848,45.87796928698316,98.96163781209714,83.25237944960452,86.12872371318815,53.01436083935573,92.3405498933381,99.28463248557068,97.18606340924941,42.769737780757055,55.91895338249731,17.11734969494421,70.28119891898956,93.41517453375116,14.207986596123675,17.855609388338962
96824,2,17,26,3,15,20,1,102,USA,86.32567408980833,62.7658086140799,86.57070419627405,83.30333675728741,94.9177941025722,64.83340781780561,59.82779962352896,17.562517545157647,58.55236278061574,7.648959173274079,6.042297071122974,73.53125052946376,13.81572005327331,18.93461870143412,82.17095238376044,74.90872601174459,66.35762173414804,88.84463139580612,65.64711765724587,88.49285544556074,55.58203895537741,66.12377065086628,88.73208054235283,41.86477327317664,73.74048971379887,47.65939602551936,30.63992438136114,78.16576113284259,39.62889595653024,48.64867122355571,50.78214475861802,11.039189487614777,29.316092305772713,89.55586279109923,51.87270511600451
121293,1,33,8,32,12,15,6,102,Canada,64.0107868215058,70.4714220996438,28.17955672026264,42.58820505516337,97.16847401524115,91.55657756489688,18.145762469524954,87.82785551467782,93.46684484996422,63.53406225256617,95.9083538786092,93.58662019346582,86.9295000701353,33.69777385863253,55.789602284413206,28.267673322213682,19.907040067253604,65.88150455292742,97.59410191481129,41.60700518705539,77.08551834849004,45.05353300767098,33.429732576898715,99.52784010077323,46.66577108930471,61.76273333671213,14.79180849177061,15.530101051614082,39.22532099431328,60.60359954468936,65.09172431362839,14.930461868833419,69.21080137353118,21.84035593194926,24.240696134801567
266984,2,18,33,14,12,21,3,108,South Korea,90.69217234000394,81.26342017218394,71.22629291164247,83.30333675728741,80.19514273855225,69.5661629611684,89.20048547787871,76.79078762978202,58.55236278061574,89.26937941052824,56.50795454375839,43.91268057637768,71.58235461751946,83.23803042156646,15.650470586328225,1.0,1.0,82.5422801540393,82.38953820086851,25.019524699686087,17.51142959544154,3.169441517971876,2.2963252312841576,36.162632748775025,2.0222274770733293,17.480198646710647,1.0,42.58820505516337,77.89132587760332,95.96914904414416,91.19146308714903,64.98860679804358,56.4544420238056,50.55606614092534,65.67904193769476
604,2,31,41,20,15,1,1,101,USA,65.31176746648902,47.596179817294626,60.5424373119057,25.710640422264248,66.19844583264802,56.08731942361942,92.91508350555785,15.399601452388225,38.03089399597786,12.252212217087475,16.61144435151772,8.513015135789828,13.024359851372537,67.68583273799294,32.17380449247631,62.61750720984338,39.60153246430622,58.61780956927589,5.317763438902432,8.427652382206134,56.175137629626704,50.984615629757,66.54624894983101,28.20459265453337,46.98563916064137,62.94967134706582,29.328766576388233,65.03935511670318,16.597775609720713,3.735362355170551,20.33982698209911,44.33191778008268,8.682797163853309,35.09415280946621,43.8453517351694
189177,1,30,2,50,23,3,0,104,USA,42.797828385883236,28.5405116565955,82.47693013887124,95.58814230780956,20.561530401874762,16.304651131737984,25.510158467538673,17.565421900258627,33.4297325768986,10.075946317748162,39.636916846050894,23.643949523418712,14.2706461653477,43.19382167571155,47.99233545404695,45.17371817583938,27.471562450578233,37.77526335357368,29.2312123443686,73.48346135784982,77.08551834849004,72.92407924715394,82.15417819623713,27.409635915245588,68.50084497134463,56.687055095672974,88.78225472418683,59.37039484136545,59.3304695481994,56.21355262825239,46.17660171452587,51.45242388555505,60.2364043211619,81.35350509583145,51.923296568158094
135046,2,17,49,29,23,23,9,102,USA,55.698980225090224,37.234191385917086,28.773707088354342,4.1425430837941235,75.42677453203078,64.83340781780561,98.3283245138773,6.321578576313797,23.124395931777997,7.648959173274079,1.0,16.339178535837107,17.11734969494421,39.89486403050779,23.001371483981927,26.575607003584423,15.648820633267945,14.16905281531848,59.48073062366848,41.3590478943986,35.44845706311651,22.581053125291874,2.2963252312841576,1.0,41.82043671123682,38.38945363702777,65.52574711047504,58.46198478449537,61.29976780711871,48.64867122355571,28.017660032449186,75.22616924738367,81.80022031836984,76.99047717112194,56.53893235643574
284361,1,28,49,16,18,14,3,109,USA,61.414726611286994,70.4714220996438,58.85493837740813,27.39466858187575,76.7161700353987,39.96934393210995,68.07622402073508,86.22534941325966,80.9158733380425,63.53406225256617,89.39717246292184,87.16186232831421,80.53865605787837,67.22611925578326,51.33862310361616,91.29658428621372,27.471562450578233,56.62565795263481,40.56094673416658,28.20459265453337,53.04877238159048,91.64763948633686,88.89737441320062,75.54997385039337,93.69665425731546,80.43433057250775,72.45946413723033,64.46531457556091,19.965341972887984,30.050868353950648,46.17660171452587,7.84411282770229,9.911413245848223,59.21514729374104,16.380896680795246
172837,2,22,24,1,22,25,7,103,USA,91.01072941348525,83.25237944960452,66.57026742309836,88.64046967681088,88.24351183291469,75.32807768554233,71.63636970116852,2.388398749701963,44.29159025946308,7.144839700381453,1.0,20.791244461849743,43.158876559428165,1.0,92.0347249965447,49.56063603396092,68.43962164102402,93.52770109924222,38.04138284016847,99.0,91.03705908413644,1.0,57.1914253817464,1.0,53.01436083935573,10.799514522117988,1.0,17.11734969494421,64.78766991412851,17.470860014697195,84.11426570792503,90.96190324054191,22.510403978694114,99.08232312195366,25.80553116473422
88721,2,18,9,9,13,29,11,101,USA,90.69217234000394,88.78225472418683,71.22629291164247,87.28581834787838,92.01962974840148,49.99999999999858,82.11338376053402,2.873459066623397,3.3657144731954673,5.441180697799297,50.593135699815036,6.514746596124311,2.2232093037990808,22.756772076691846,49.08490303257088,93.07869517425445,51.16041356852554,4.069749353999896,1.0,78.69723851442359,90.31994505042348,99.0,99.55909735842909,64.95948197352692,96.08214088654938,99.57185713785975,90.31994505042348,99.54914615913515,50.948985847558845,44.15565888771181,15.053531811709632,35.72345774980255,74.02502740042638,97.60574978768477,61.15337443158933
209961,1,19,2,2,16,23,10,104,USA,50.253300758935325,57.30350820568515,58.60425385782702,49.47664252260131,46.11100570929818,32.307703355288595,56.6550785662057,1.0,1.0,29.74146806834574,1.0,1.0,13.188630176919133,1.0,68.72579499754693,46.00010268162191,62.670216542141645,59.565192814904435,22.266214105837975,96.10945031112965,76.31086354020897,1.0,7.967776761659081,1.0,1.0,1.0,25.43915001064272,1.0,98.1869075450661,93.19640585885679,99.66707178528566,81.67317048033544,33.91083352006473,97.60574978768477,99.0
73351,2,41,26,59,11,5,8,101,USA,52.256813721130186,42.80857461825059,91.4048634828622,47.70466906821406,66.19844583264802,66.01067157866157,8.134210253605232,55.12717955246546,50.63550054933802,57.92493916101165,78.09129834681323,20.791244461849743,47.4283312062351,67.68583273799294,72.58720034524305,82.19946571129663,79.5429030640945,58.61780956927589,32.25972665545132,38.2372666632848,91.03705908413644,82.22665393007685,79.42646223603026,52.496530987935046,75.94333318302654,94.99002850697514,55.302777255909916,59.55017917542108,22.044487307329376,17.470860014697195,14.104550358581292,40.585778717067456,30.986852474538694,39.82652432314637,34.571415401094725
143314,1,31,7,19,1,18,11,102,USA,67.83413355411341,60.18072278051625,38.067298615952495,97.57176437470537,20.561530401874762,75.896469460812,63.892946217285214,29.422284253520246,39.4575626880914,63.53406225256617,27.999307699752535,59.50871942031665,14.2706461653477,13.171612727054935,20.776366025029716,13.85480603215845,19.907040067253604,47.15427409876639,69.674603705643,16.400122364874676,19.5298787259662,42.464941137708195,33.429732576898715,48.88792965914092,68.50084497134463,46.3923581404963,32.30086506298957,43.73447948589535,99.0,98.92759189402409,99.63152100225352,99.0,97.6332149299792,91.51438874914072,99.41468443269127
288178,1,37,22,59,9,29,5,109,UK,58.78898860539044,11.325256012873183,73.70462543469392,63.652467915599175,61.76273333671202,45.2259618242183,76.0272500337062,97.70654766693576,96.31194226343769,63.53406225256617,98.04461905111657,87.16186232831421,94.45424987920364,93.39157811109567,89.43277086223088,85.51395057332343,93.25032688720819,82.51494454378076,99.05677446863729,41.60700518705539,63.080058676461306,96.13472423895735,99.59849265294349,84.56716102782389,82.88265030505272,84.44731220264532,42.291087082205365,93.18925463440826,12.999734544277203,34.23160425600963,15.09685281157391,7.84411282770229,24.042900881524474,35.09415280946621,12.887763580526325
83223,1,25,45,59,6,24,10,101,New Zealand,80.7724777263968,75.31460959442984,63.961477249015104,47.87586579427381,95.01170584151157,91.55657756489688,42.12105509488873,83.67835015560195,96.31194226343769,27.89944823044962,45.709546168848874,90.61178652490548,92.25739618974785,83.99766180589484,99.63300004471489,93.70362584385214,97.0995258424665,99.17618813377487,84.67710944081546,91.22179970998468,88.7050654558816,32.35956529500493,82.15417819623713,6.879750348352232,68.50084497134463,17.920341442966446,11.217745275809932,48.953336685814406,3.4543017739622,2.7946545841539177,7.643847637544525,17.681323668604676,1.0,39.82652432314637,6.975382297096161
298201,2,17,54,58,13,4,11,109,USA,13.300094165453658,67.6991349370075,23.23512349102603,1.0,17.11734969494421,30.433837038828756,40.17220037646791,36.93582622187421,3.3657144731954673,72.40894963476512,44.67079951304356,12.660403857158286,36.79687690902773,71.52971542119849,13.438079854269773,16.158046790869236,39.62383943814069,2.461532887041855,22.80601852482937,45.66479924381599,10.313414471076555,75.09561146057843,55.28135202338723,70.44701254587068,41.82043671123682,86.01734838160507,83.27341643809916,63.652467915599175,70.33237939477914,70.60326489133035,62.39709853642091,57.75674281970055,91.40012988256251,45.002837651201844,74.31609562768182
149741,2,18,20,43,16,18,1,103,Canada,46.41731903598611,76.99736846540372,53.12000614551897,69.25100862044388,65.03935511670318,35.16659218219144,3.2140818418625656,63.06417377812289,93.32160981279628,34.78467417757349,78.58858792556782,54.063262499480516,63.20312309096943,39.89486403050779,93.5375872693694,95.13226897091977,98.92801486256485,79.00918395050098,87.07656476530121,62.88780464148539,70.30114211772138,48.043672167639386,69.25788961302214,64.95948197352692,68.74074637331933,33.87469800503456,35.44845706311651,22.733263538806,58.50392338457141,70.60326489133035,73.39148854164074,19.16249926646887,25.158187457547797,99.46773126332607,56.53893235643574
315617,1,18,43,15,17,7,8,110,USA,1.0,1.0,1.0,12.18133681601131,24.93622284681038,15.224039783829369,9.408356357376675,72.2624088071342,72.73352751819738,70.25853193165136,67.1714764496063,79.05269259105376,91.38663287631312,11.119567381016623,87.57967724859623,75.93679350049774,91.81407667247765,81.37448238395427,81.89134079507176,75.6456630134129,67.21963358910307,53.68298588732165,70.51059471376072,62.10760514616891,31.530690686149,78.30797746527924,69.10030500257426,4.610299190963303,14.101077450574905,20.05599443630564,15.492574848767873,17.11734969494421,29.407928035052407,23.966802620214708,32.81043085041472
98698,1,15,53,43,21,4,2,102,USA,73.4536867199547,92.04776774279742,73.07624464740519,83.28485890970524,29.94808702969675,42.010938364274864,65.34351954581427,28.40372126968714,13.81572005327331,47.689773852054714,72.74322579062357,23.643949523418712,10.233315122673844,50.494282940076005,12.278781627976883,1.0,6.866545220718976,5.9865258881513626,46.19023280498891,46.04939074325358,47.494685031003655,68.53057150641087,21.255166203304185,67.20549961186697,73.40738137626522,89.77479615703214,44.49629171536981,79.83354698615312,91.20527462144923,97.22106987591201,95.71355429093592,68.1837682854158,93.02461770290074,23.966802620214708,89.29121192075786
292702,1,46,19,56,11,23,8,109,USA,32.417728632777425,3.019669333842657,48.4301341302492,78.16576113284259,30.02594327788131,39.96934393210995,42.12105509488873,96.93919667935336,89.8940151667648,92.59912769456457,89.39717246292184,74.50142217039121,94.45424987920364,87.50184206961114,87.21013862788948,93.70362584385214,90.7742340882254,89.2767172098396,40.56094673416658,41.60700518705539,88.7050654558816,79.66260474378544,74.31609562768182,65.3435195458141,82.88265030505272,76.10995412150169,81.26342017218394,38.57759101883818,12.367579483515215,42.903871202689004,18.011841369873252,5.9282486571625554,12.993014428773478,17.875995259367897,28.527221823082982
146239,1,21,11,32,0,24,0,103,Australia,25.0940400135444,33.56443166115514,23.542947406190677,18.363391319755294,61.76273333671202,45.2259618242183,25.510158467538673,57.71388256228914,12.562519840547253,86.90681568138461,22.60077033503822,64.67544802501914,86.9295000701353,33.69777385863253,39.14519931178552,24.3543369865842,39.95646936187677,16.752530593318255,52.371791064982006,84.99941429810258,37.907163869258454,47.65425523944333,29.059420566627125,54.44332608373185,46.66577108930471,51.547120780486466,99.67380953495001,1.7779210136593235,67.3260311456894,34.23160425600963,65.09172431362839,78.80054278806642,50.93650051561667,88.48499779615781,56.71470844881128
181311,2,25,13,29,0,30,9,103,USA,41.669108846333586,42.80857461825059,24.31408163404953,97.32139648326427,16.304651131737984,61.101068989654436,21.709330571400272,43.21166675331921,44.29159025946308,5.057819312966302,53.29311963406161,88.64046967681088,51.71482449908609,48.53763055243792,73.59422740636819,88.55650798049987,60.398467535691054,95.77705107163649,16.654099179040458,60.87159425496816,56.175137629626704,24.052531336295004,75.34008785972469,8.962940915860088,75.94333318302654,7.659450106658554,3.5467133857440984,42.68003802225007,92.91439275808523,95.50891987977968,97.52572732097963,80.1804787722698,30.986852474538694,99.6282007572529,79.86341080358977
255890,2,22,27,46,11,26,9,107,USA,20.83731279140534,10.037438942349667,29.92105452901481,59.13772006023231,66.19844583264802,35.93764208945407,3.5713024619715696,80.52256485734847,74.99408138629997,87.17481078845185,78.09129834681323,88.64046967681088,60.225336049293276,43.67753549670533,88.59759370670099,82.19946571129663,93.72983996355435,49.03819143458776,73.28474665502551,73.74048971379887,91.03705908413644,85.41314717203397,86.77776916771938,98.49637425348033,80.98379288575211,72.76718201217892,39.44843304817931,53.95060925674363,9.291263312617417,21.14522395556716,14.104550358581292,2.1665623226142685,3.947459569359083,68.60058485381398,21.709330571400272
30926,2,31,7,14,23,18,3,101,USA,40.36070320489125,42.80857461825059,14.318868199443983,16.239754440940516,45.2259618242183,83.66082146415988,53.319429804707454,73.38796827866616,69.241915284083,73.79784262959129,46.70688036593572,47.70466906821406,64.3925588198357,87.83320591397387,9.686954498081462,2.323733413068638,11.138515019251571,5.518383821948504,49.99999999999858,38.2372666632848,35.73896974224084,59.37446596097516,38.0810749182985,70.65410972728665,40.99644796096635,81.65516168436488,34.30761847227842,70.35319944682698,13.747000525356498,10.946747345357721,6.5624904528720975,26.28545322050678,80.63446295056406,1.774113606830312,25.80553116473422
4943,1,53,51,56,22,11,1,101,USA,2.284141532990546,65.40796685857111,15.142455099184048,1.0,16.292451020166226,29.81782479991668,8.962940915860088,99.09295000099792,93.46684484996422,86.90681568138461,89.39717246292184,90.61178652490548,98.8476866952484,90.64706074455307,36.97243108924903,36.531263140029694,1.0,37.77526335357368,52.371791064982006,41.60700518705539,98.27719708682389,82.78191819481094,65.67904193769476,65.3435195458141,52.223645153743746,91.34138000293683,99.0,15.530101051614082,1.0,1.0,2.5527077541662067,4.2642639367628306,9.911413245848223,26.059328894242867,6.975382297096161
211022,1,16,48,12,10,21,11,104,USA,55.31030002168791,57.30350820568515,38.402503035148015,74.63236042239402,62.664152664995186,56.99678035513409,34.65648045418277,67.7441744854815,35.57062646454057,78.41464627708172,67.1714764496063,59.50871942031665,53.556183128907946,74.24701051971755,77.12105671829761,92.15079630607045,73.87736666989514,77.41332779742356,39.89486403050768,41.68691580242188,84.40401259632893,79.74546683505628,47.65939602551936,88.94283652011359,82.46458131618783,69.14764735755358,69.10030500257426,65.11427827745615,10.492784870808634,28.04992374818403,18.801049858689595,14.230858476096529,25.08133201404297,11.15984711503495,17.99751393482981
117175,2,37,38,54,14,13,5,102,USA,15.605748247716036,1.0,54.36555360329919,25.710640422264248,29.81782479991668,22.051478045657404,53.319429804707454,95.66656241004716,80.3671613682983,80.90407859348738,88.11866088490251,80.15066620083473,97.61205212583025,84.36304352175205,50.89809893137357,32.33683325556629,60.398467535691054,58.61780956927589,56.018839058953176,17.82700499716219,84.06143549742728,46.766679265890104,1.0,90.28154724750141,64.87415180158689,92.3405498933381,55.302777255909916,37.13891197395856,1.0,17.470860014697195,1.0,14.018270540290615,14.973082087715454,1.0,14.282856410831698
171996,2,14,51,8,20,15,7,103,USA,34.68823253350803,32.30086506298957,34.61916573918188,6.717827368524226,65.03935511670318,35.16659218219144,69.30757411611546,70.66336237710476,80.9504293154099,47.4283312062351,33.104268824151234,82.09122407614211,86.18427994672345,53.694512358255906,97.06496661413485,85.0883262902704,98.00320675353225,95.93025064599658,99.0,54.33520075618111,79.22231631654597,31.338346396078265,50.48092431787023,15.78631677448837,73.74048971379887,29.489405286236234,13.725430869959183,42.58820505516337,15.322890559181502,12.51925154915159,35.33576144754812,16.266918122059394,17.47546846224384,56.10310053102842,17.11734969494421
39739,2,29,27,19,18,12,4,101,USA,18.679817546362983,20.573537763966584,24.31408163404953,25.710640422264248,50.53116852032986,2.9706885863831474,58.035300002071665,39.67729426625186,44.29159025946308,41.24825991472602,46.70688036593572,16.239754440940516,38.93485830207197,67.68583273799294,45.29104639904784,49.56063603396092,60.398467535691054,14.245908175891344,49.99999999999858,56.37210185571547,51.03149623323941,19.338302160044748,16.747620550392412,8.962940915860088,46.98563916064137,62.94967134706582,34.30761847227842,12.97238277253956,50.483537963805134,33.40694941671984,23.74815518018326,73.71454677949026,68.12570526155298,77.33488278773791,30.105722373059507
224232,2,19,42,8,15,31,9,105,Netherlands,5.431320402931021,1.0,18.091093533910794,31.77158528160487,6.169520740884394,35.16659218219144,59.82779962352896,56.29904489696986,52.45351877055924,55.989958694574455,68.01434649002357,33.98932842133539,63.20312309096943,53.694512358255906,63.17851639771209,67.25861939826268,62.64068640317316,79.00918395050098,46.82434645388838,45.66479924381599,50.50840487755136,48.043672167639386,77.82092340640315,47.66706510853851,47.263624580874534,21.255166203304185,65.52574711047504,32.29361888896099,22.914481651507117,31.065236237279777,50.78214475861802,16.266918122059394,25.158187457547797,50.55606614092534,17.11734969494421
188956,1,28,23,42,16,31,11,103,USA,40.15759657279534,33.56443166115514,53.66061046757994,18.363391319755294,51.07837601973398,55.830976460441036,50.87869737842715,81.89134079507176,64.18263323986054,92.59912769456457,39.636916846050894,69.69101146171175,80.53865605787837,80.17625967302877,63.45941745888547,74.87692820914225,77.90615917089269,74.61390353739301,52.371791064982006,28.20459265453337,42.903871202689004,28.729818987827286,24.859259813697662,22.535590448916935,41.14506162258914,66.72472775425962,23.002631534593064,38.57759101883818,31.292288097321403,56.21355262825239,31.28674622915665,26.858617186241332,20.095747650381668,49.51248786451873,32.99807104191294
266607,2,19,35,20,14,16,3,108,USA,17.219963200762805,1.0,18.091093533910794,31.77158528160487,53.95060925674363,25.882551149099697,49.99999999999858,80.61593261626206,75.81695156631247,79.81194919210759,78.58858792556782,38.89893101034255,79.32731034292351,79.56525799826431,74.52419832809181,74.90872601174459,83.18027635575788,67.24885676861538,77.19398147516756,41.3590478943986,65.52574711047504,56.586831655089156,69.25788961302214,53.49797160417478,58.17956328876022,66.12530199496246,30.63992438136114,47.87586579427381,15.322890559181502,26.941078206479716,35.33576144754812,6.685058310766635,17.47546846224384,23.966802620214708,42.532852754387704
152343,2,23,43,53,6,5,2,103,Australia,62.75273974392064,79.42646223603026,48.12729488399276,64.72479717011902,94.37835650084708,56.08731942361942,8.134210253605232,65.643046315258,69.241915284083,33.13730422869742,95.46494093275498,75.29940096995824,83.21243289066717,17.11734969494421,99.66935122106042,98.62100556219502,99.0,39.49062956608225,56.018839058953176,99.0,97.96641038608618,98.96163781209714,99.67481937251898,93.78554924013008,96.00666942150986,77.35318352774686,75.43413507948515,70.35319944682698,18.86528799783011,37.79301445376893,3.019669333842714,29.71880108100757,44.78883368500453,21.84035593194926,34.571415401094725
86780,1,26,18,16,20,14,11,101,USA,75.14074018629947,60.18072278051625,68.9285864716831,68.70258339069414,20.561530401874762,91.55657756489688,79.73389095000289,64.48491567104492,89.8940151667648,36.46593774743093,85.18869867852766,54.24481320760782,20.847780014460227,87.50184206961114,1.0,32.33683325556629,7.6989239167481855,1.0,1.0,28.20459265453337,1.999932433705908,97.94030583587016,33.429732576898715,94.77909849696766,96.21941950767757,98.11132681325103,96.78591815813411,86.73819538201224,51.10345090612287,47.33197466719491,21.10851187360717,75.7080910490638,77.5637764425644,30.49117442662336,51.923296568158094
130810,2,15,43,40,9,27,8,102,Taiwan,37.24726025607629,27.54053586276666,46.87999385447824,74.22680595634887,6.169520740884394,40.03544926577973,59.82779962352896,43.70095510302724,40.23918650456716,55.989958694574455,62.34008261658903,29.2312123443686,41.14506162258914,44.463922165544204,45.02498081067944,59.164320907627484,28.593976969392457,41.253357029240476,65.64711765724587,14.517122006183115,83.27341643809916,97.17609708747955,96.36147742788762,80.57794121246536,82.88265030505272,74.72943511559401,93.22069447116962,93.03225210487653,54.73877103055514,44.15565888771181,46.873144753778206,46.66577108930471,69.83155565887887,66.9308230275501,65.67904193769476
224348,2,17,19,1,19,1,10,105,USA,2.731688067843578,14.79180849177061,1.0,42.36174007540245,31.747142483319834,2.9155433490531237,30.69242588388164,23.209212370215027,23.124395931777997,51.71482449908609,56.50795454375839,29.2312123443686,13.81572005327331,15.368546958100552,72.7106356995958,59.164320907627484,86.04643655114467,41.253357029240476,71.58235461751946,82.20785588117974,55.58203895537741,40.753515167059845,19.00967208037636,41.86477327317664,58.17956328876022,66.12530199496246,65.52574711047504,14.33903948472684,83.24746940667842,70.60326489133035,66.15957653940058,71.91948341704608,88.5226331939582,95.52741118509812,78.35350300402342
137315,2,15,27,50,16,8,10,102,UK,63.5241917605552,42.291087082205365,53.12000614551897,87.28581834787838,42.68003802225007,64.83340781780561,59.82779962352896,56.29904489696986,58.55236278061574,30.736721929339495,68.01434649002357,73.53125052946376,41.14506162258914,62.81128849233477,31.208133303036135,50.83735048134031,39.62383943814069,28.66808138882041,53.17565354610883,32.953691042920525,13.725430869959183,69.57255396735388,36.21588033259451,75.67701117574552,68.74074637331933,33.87469800503456,79.22231631654597,89.95808132590957,67.67971329067859,70.60326489133035,80.0890261841572,89.43795809684354,51.84839431971352,45.002837651201844,37.933206440742254
41018,1,18,58,7,2,16,4,101,USA,12.762487428074735,1.0,28.76555506693211,34.03205562984181,57.20631330942837,11.701684562204036,34.65648045418277,49.75540367085159,41.772148309260274,70.25853193165136,37.45479722966138,11.404612333522465,53.556183128907946,78.50597053818706,43.15141791111546,67.87501701242121,58.75637895863116,18.625517616042572,22.266214105837975,29.07001713775793,67.21963358910307,67.3362604544526,82.5198013532862,17.11734969494421,82.46458131618783,73.84643900984258,69.10030500257426,38.059457108195716,34.058926066630676,45.84458055273865,12.433999980826059,41.526618308606714,48.07670343183918,23.966802620214708,66.11822851590068
306038,1,25,37,27,12,13,2,110,France,96.91525090957623,94.2497690484131,68.9285864716831,68.70258339069414,92.27885279287841,91.55657756489688,86.45666036915668,8.803293697682449,58.08466025929653,23.85571826394252,1.0,1.0,17.445521498293687,33.69777385863253,61.29105102038267,62.61750720984338,65.99871618056824,65.88150455292742,40.56094673416658,81.41475722390544,23.78808931319972,5.222796433690533,10.49991745079825,1.0,30.46290046715066,4.903278732153709,23.002631534593064,48.953336685814406,63.814096660936116,34.23160425600963,96.04631989948655,81.7480775831524,1.0,94.13055647783642,37.61317345856344
264749,2,22,27,2,21,16,2,108,USA,30.1860031641215,52.403820182702646,14.318868199443983,53.441633783084455,39.96934393210995,40.894584213473934,21.709330571400272,45.58642466126116,69.241915284083,53.76502334688104,59.82779962352896,59.13772006023231,23.061104035291663,29.589779021082336,49.77546507255187,62.61750720984338,31.560378358973026,72.34611144766149,38.04138284016847,38.2372666632848,56.175137629626704,21.652703151403728,16.747620550392412,52.496530987935046,59.00355203903064,1.0,60.55156695181773,37.13891197395856,90.11700273134932,84.60948438918092,89.71574307109427,90.96190324054191,40.094517212998085,77.33488278773791,97.12389438060234
166115,1,34,57,13,15,18,5,103,USA,60.1051359694892,94.2497690484131,53.66061046757994,68.70258339069414,76.7161700353987,66.19844583264802,1.0,46.19023280498891,39.4575626880914,36.46593774743093,45.709546168848874,90.61178652490548,61.349416119693956,9.951262556788066,67.718919034203,70.92998286223917,31.512001956115284,51.8976637847569,52.371791064982006,60.2364043211619,98.27719708682389,91.64763948633686,70.07894547098226,75.54997385039337,90.59164364262006,80.43433057250775,99.36197777571101,48.953336685814406,70.7519046233055,84.23552337241927,27.76615118607495,75.7080910490638,64.78278589337833,85.08412333851334,61.450021863645304
138218,1,43,5,42,12,13,10,102,USA,1.0,38.76343628455788,1.0,7.542847206751148,1.0,1.0,1.0,25.2598557410509,1.0,45.44302405066958,63.944078383121166,1.0,40.31097559507873,80.17625967302877,1.0,3.890549688866855,3.5441884953657734,1.0,1.0,9.911413245848223,53.04877238159048,54.16723352054123,29.059420566627125,43.344921433791285,25.42533077083897,80.43433057250775,99.36197777571101,19.60253669358994,40.127033024696004,6.646425442125121,27.76615118607495,9.994604431249229,99.52784010077323,54.38260045296113,66.08916647993237
172681,2,19,28,0,19,23,7,103,UK,99.33889174657861,85.20819150822626,86.57070419627405,96.3006166334876,75.42677453203078,92.5639835257391,98.3283245138773,75.79975471109776,75.81695156631247,76.20132219233813,56.50795454375839,89.36356227047679,71.58235461751946,39.89486403050779,82.96107014792324,59.164320907627484,66.35762173414804,91.55277914081012,97.16186319777216,74.9804753003109,60.60359954468936,44.384953820740975,22.99667203151691,30.63218018601941,73.74048971379887,25.27056488440266,21.62407111251096,97.57176437470537,48.1023362152402,53.15156358542765,93.36374642288627,84.29098216856346,3.621488419063425,39.50535605806317,13.649579136660321
72870,2,32,29,5,19,31,7,101,USA,60.16098206310011,83.25237944960452,60.5424373119057,16.239754440940516,61.07139808454821,56.08731942361942,58.035300002071665,46.77751575816734,44.29159025946308,41.24825991472602,33.7921982229756,16.239754440940516,51.71482449908609,87.83320591397387,15.835964663175076,17.11734969494421,23.9951441220185,14.245908175891344,8.490408007008512,47.263624580874534,40.7639845402021,48.171688809474915,47.596179817294626,17.601766613999473,46.98563916064137,42.17855658104003,70.67123342360873,65.03935511670318,30.64249185999057,21.14522395556716,11.325256012873183,22.97917678602758,87.70991929816626,54.38260045296113,30.105722373059507
187415,2,17,15,33,9,11,11,103,USA,41.14506162258914,27.54053586276666,65.3808342608151,64.06235791054291,31.747142483319834,35.16659218219144,45.06434861754923,55.157851850383736,75.81695156631247,60.225336049293276,56.50795454375839,43.91268057637768,24.450026149603673,67.23807905407995,58.20274260666406,67.25861939826268,51.16041356852554,82.5422801540393,46.82434645388838,28.91298435439026,55.58203895537741,48.043672167639386,77.82092340640315,25.344952235595855,63.53406225256617,42.99668277844631,35.44845706311651,42.58820505516337,39.62889595653024,35.331007974480485,54.686835292814635,35.72345774980255,56.4544420238056,28.925397546363968,51.87270511600451
203457,2,15,12,1,23,7,6,104,USA,37.24726025607629,85.20819150822626,46.87999385447824,1.0,59.55017917542108,69.5661629611684,35.36705841812295,91.15048552760663,85.63451242578503,94.14497980466729,62.34008261658903,64.06235791054274,89.20048547787871,83.23803042156646,29.32458390597742,42.48922806090303,32.17954261031346,45.61140169131329,34.352882342751116,37.1121953585116,13.725430869959183,2.7407601957092567,1.0,8.059019570939455,1.0,17.480198646710647,95.64331458828849,1.0,35.93764208945419,26.941078206479716,86.07981064123248,54.073822790188274,42.62918553286505,11.15984711503495,13.649579136660321
144794,2,25,49,16,13,2,0,103,Sweden,85.75667542318718,83.25237944960452,72.36136535016311,80.15066620083473,66.19844583264802,61.101068989654436,83.6093633598631,57.49825599633937,74.99408138629997,7.144839700381453,40.17220037646791,84.6203993462982,91.86904674501659,38.87170207648552,92.0347249965447,74.87692820914225,79.5429030640945,76.59096398990584,97.14333250648781,84.9464681882871,80.01509013648229,62.12803491908494,38.0810749182985,70.65410972728665,46.98563916064137,72.76718201217892,24.565864920511927,92.01962974840148,19.64404130428437,1.0,17.11734969494421,59.414221282929645,18.605107809955825,73.06999613385693,11.02956043416009
174458,2,30,6,30,13,9,8,103,USA,46.94743986023093,75.34008785972469,77.8280525063858,64.72479717011902,34.81530240400832,40.894584213473934,8.134210253605232,96.15983199287962,80.3671613682983,94.55163964211795,66.20780177702142,88.64046967681088,97.61205212583025,76.50027093359677,30.079416898810877,20.62737789529018,8.552307569892605,53.844028635023164,56.018839058953176,47.263624580874534,45.87796928698316,75.21206109473832,1.0,81.41475722390544,75.94333318302654,67.94879774837898,99.28463248557068,80.19514273855225,96.48379200490444,84.60948438918092,66.6913920797009,97.83343767738234,98.73037638467201,99.08232312195366,71.63636970116852
104765,2,30,35,50,5,4,3,102,USA,7.038510427648248,4.849929977967491,54.36555360329919,30.92981159264579,16.304651131737984,22.051478045657404,5.635294664448608,79.54868014044939,44.29159025946308,77.4421785863118,59.82779962352896,41.99495664515888,89.26937941052824,90.94023274545907,37.545361696160626,28.267673322213682,39.60153246430622,63.31946390461832,43.98116094104404,25.45049056170572,51.03149623323941,33.00886114124933,16.747620550392412,46.256957089828006,46.98563916064137,37.050328652931285,29.328766576388233,65.03935511670318,46.617514977138285,55.91895338249731,62.811288492334825,40.585778717067456,54.26599085816497,35.09415280946621,39.164121453558494
236706,2,18,17,15,23,4,8,106,USA,4.819354285533834,14.79180849177061,5.903111370984689,13.476621430397245,31.747142483319834,4.926259687908782,30.69242588388164,34.725113656176006,13.489921776969908,86.3743755446095,22.40974990335252,24.67192231445489,58.854938377407905,15.368546958100552,39.994671875296945,59.164320907627484,83.18027635575788,14.16905281531848,12.923435234695575,25.019524699686087,50.50840487755136,92.16707841964785,97.98833478135418,85.07826600534418,68.74074637331933,74.72943511559401,90.31994505042348,63.652467915599175,24.55350073197451,26.941078206479716,18.03168615767558,22.221421111983574,56.4544420238056,39.50535605806317,37.933206440742254
235156,2,20,48,33,19,12,6,106,USA,74.6185870107418,67.6991349370075,90.6625911128209,26.74848719592285,88.55650798049987,95.0737403120877,21.90870165318364,99.66854170115516,99.40126536806883,68.46322926279544,87.62929142411929,97.02931141361341,99.0,94.79923350236857,98.78105562808469,85.0883262902704,98.92801486256485,99.44109324253793,99.34182912325059,62.88780464148539,83.27341643809916,46.82216652462898,64.70990500369106,59.28595610939959,82.88265030505272,74.72943511559401,1.0,18.363391319755294,1.0,1.0,1.0,1.0,1.0,4.965311134695554,1.0
111983,2,31,16,26,19,11,4,102,UK,67.83131678580486,66.54624894983101,72.36136535016311,80.15066620083473,9.068460239733724,61.101068989654436,83.6093633598631,24.08651686623992,20.67268965707339,15.219684361003004,21.90870165318364,25.710640422264248,19.490233876291597,84.36304352175205,15.835964663175076,17.11734969494421,56.26552051410175,49.03819143458776,26.715253344971444,5.974300634468989,4.673099437369714,31.68436572490242,52.403820182702646,40.06999034374928,1.0,57.8214434189569,8.753511897216725,88.55650798049987,91.28466848575158,98.57033298501506,80.97280035630354,88.5842256885278,99.66302100536552,10.878069661841323,90.17368850612843
217086,1,23,28,22,14,18,4,105,USA,53.47608645835726,79.88105043362498,19.180033328925163,42.58820505516337,45.69101423380141,45.2259618242183,76.0272500337062,3.666594227529046,12.562519840547253,5.102178680518591,33.70576361322108,1.0,1.0,67.22611925578326,1.0,1.0,5.43365127939073,1.0,1.0,16.400122364874676,1.0,34.8357917082036,51.87270511600451,43.344921433791285,5.750230951583532,71.5236105989706,88.78225472418683,1.0,81.8058759907251,60.60359954468936,61.389447325112315,91.74400698167744,95.93501744805155,49.51248786451873,79.02888421023272
98555,1,21,31,56,6,4,2,102,India,15.296481638426854,3.019669333842657,48.4301341302492,53.185121557385685,30.02594327788131,12.47330482372206,25.510158467538673,74.12755151229999,39.4575626880914,79.98271330943305,63.944078383121166,64.67544802501914,86.9295000701353,57.77181115832951,45.765145174362544,24.3543369865842,31.512001956115284,74.61390353739301,80.05715289906334,69.21080137353118,11.969716158754522,1.0,3.329479665443344,6.879750348352232,5.750230951583532,17.920341442966446,42.291087082205365,1.7779210136593235,56.60376217596507,69.12364029909389,75.63332256004708,58.67589879495944,55.608646060651324,14.207986596123675,51.923296568158094
260930,2,20,10,24,9,15,0,108,Thailand,15.211608590230156,1.0,28.773707088354342,9.848895463132322,42.68003802225007,25.882551149099697,64.6329415818742,57.43724019145628,58.55236278061574,47.4283312062351,38.816119411727584,29.2312123443686,67.45616643435892,83.23803042156646,28.39449260468919,71.1524166859918,18.633839119656102,17.457719845957683,5.444812706922107,21.3027614855734,74.88244503141595,72.92407924715411,64.70990500369106,64.95948197352692,58.17956328876022,70.51059471376072,70.30114211772138,68.70258339069414,7.865844072954445,15.74762055341634,1.0,13.553030566519794,21.19945721193062,39.50535605806317,37.933206440742254
145783,1,68,28,53,20,10,0,103,USA,27.477524384954393,11.325256012873183,53.66061046757994,58.46198478449537,71.9500762518129,12.47330482372206,18.145762469524954,76.15196988575985,45.63444639669791,72.10055176954745,85.18869867852766,64.67544802501914,83.85324876846573,57.77181115832951,11.582758052378125,8.194386905717607,5.43365127939073,61.29976780711877,64.06235791054291,7.192308219868849,8.762443248801645,46.35277685339031,33.429732576898715,54.44332608373185,16.266918122059394,46.3923581404963,99.36197777571101,19.60253669358994,83.23620093265754,84.23552337241927,65.09172431362839,84.53344341718957,91.22179970998468,68.60058485381398,61.450021863645304
278240,2,17,23,11,11,28,0,109,USA,37.24726025607629,47.42212440251018,46.87999385447824,58.71997976386746,26.569667184096602,78.44189817358415,3.2140818418625656,49.425996940228515,34.29014070741786,89.26937941052824,1.0,82.09122407614211,63.20312309096943,22.756772076691846,88.7716542021617,88.0302838412423,76.88702824078518,63.04358033960449,94.55518729307437,93.59987873933267,60.60359954468936,7.029982361003988,31.639846490353705,15.78631677448837,13.093184318612003,33.87469800503456,1.0,22.733263538806,83.96829367581086,88.68818169815381,98.0878566426369,42.977345193462895,33.637604863282434,99.63785082300456,85.68113180055286
154641,1,18,37,9,16,21,2,103,USA,99.22492518419847,85.24142108866056,94.734671788117,95.90088843111846,90.25150381446599,93.62486758591967,77.46440955108017,27.29597326525206,72.73352751819738,25.56560193899287,26.176894918892657,74.50142217039121,16.43571209969147,8.10044689153574,63.78140572109345,50.444855885907884,27.556236074571927,77.41332779742356,90.78367717117158,75.6456630134129,47.494685031003655,47.33197466719491,52.34060397447763,46.284843661040384,52.69495166842427,19.9849098635147,25.43915001064272,91.46644177191081,80.69633355623967,84.28738319745946,95.71355429093592,56.942775957652316,52.88414344558328,85.78653499209838,49.43510774796488
177805,2,46,47,46,12,5,9,103,USA,37.76320934582037,24.65991214027227,54.36555360329919,53.441633783084455,55.830976460441036,26.468749470533226,43.8453517351694,62.189113818074475,38.03089399597786,33.13730422869742,83.38855564847916,53.441633783084455,72.40894963476512,72.19114017691345,45.29104639904784,58.313084197575165,47.90708649651623,53.844028635023164,43.98116094104404,33.840423460596384,40.7639845402021,63.49223593242601,24.65991214027227,81.41475722390544,64.87415180158689,77.35318352774686,79.92709893534379,26.569667184096602,41.81308801902122,42.27146376772623,38.763436284558,36.88851327944508,44.78883368500453,54.38260045296113,53.319429804707454
188715,1,26,59,49,23,27,11,103,USA,41.47495175415992,54.846168774782996,63.961477249015104,1.0,71.9500762518129,75.896469460812,25.510158467538673,14.104550358581406,39.4575626880914,23.85571826394252,9.084881827350756,33.2971634767795,24.450026149603673,9.951262556788066,82.27597600979277,66.8333246469353,87.97121727048989,61.29976780711877,58.269695887561284,88.28075826138559,72.61901380720087,39.89486403050768,51.87270511600451,65.3435195458141,52.223645153743746,26.61357931938892,57.708912917791565,11.829477806808967,21.484417328430965,11.969716158754522,49.99999999999858,23.662653344441537,12.993014428773478,39.82652432314637,28.527221823082982
214360,1,20,42,46,1,7,2,105,USA,37.70301083369441,17.932249948225092,58.60425385782702,39.08901951515952,24.93622284681038,32.307703355288595,73.58796746462082,52.20073438972577,78.26933715180166,38.53778649358617,61.37045033015977,33.2971634767795,40.269335632185744,65.10699556121563,55.608646060651324,63.6332320645019,62.670216542141645,54.802631573815574,33.74743130294135,37.38249279015383,67.21963358910307,53.68298588732165,78.74483379669266,41.01418900333107,63.333561068866004,64.26103025775632,13.416927768190646,54.3751261218614,28.10268843012912,9.994604431249257,67.65818245209357,30.373205774212465,33.91083352006473,39.50535605806317,22.625616852424997
256393,2,56,16,32,10,2,10,107,USA,1.0,7.233315213337107,10.10598483323173,1.0,25.0308986798388,17.908775923854762,1.9807224414555975,85.12845697231535,50.63550054933802,89.9307629908659,83.38855564847916,80.15066620083473,91.86904674501659,43.67753549670533,44.17401957186058,53.95060925674363,47.90708649651623,58.61780956927589,73.28474665502551,33.840423460596384,13.678416211778597,24.052531336295004,7.233315213337107,70.65410972728665,3.9933305784866775,47.38424542522603,79.92709893534379,9.301460576598942,68.45559574912659,55.91895338249731,62.811288492334825,77.02082321396949,54.26599085816497,77.33488278773791,58.035300002071665
151673,1,20,9,45,16,28,1,103,India,92.30020666885434,88.86148498074533,94.734671788117,34.03205562984181,90.25150381446599,87.62360535106382,77.46440955108017,59.48717502630194,78.26933715180166,25.56560193899287,72.74322579062357,54.24481320760782,49.11031994197003,69.76618448027108,22.701518884824225,1.0,1.0,45.1973684261817,76.65001635485646,54.82628182415766,87.96288850524809,9.139987713136179,42.99668277844631,62.10760514616891,1.0,19.9849098635147,13.416927768190646,22.914481651507117,35.07735856143398,28.04992374818403,63.565929724145064,37.73513589160882,29.407928035052407,45.002837651201844,27.58490170220736
255741,2,21,53,31,19,24,9,107,USA,40.36070320489125,38.0810749182985,60.5424373119057,88.64046967681088,20.508511603777947,26.468749470533226,34.571415401094725,27.25495182495638,31.945871788203334,9.551783999317706,40.17220037646791,53.441633783084455,47.4283312062351,29.589779021082336,95.41691155597346,93.70362584385214,85.99765760816524,87.77079270679633,56.018839058953176,91.03705908413667,87.75190106309344,43.96458124478801,47.596179817294626,17.601766613999473,85.58941731904213,57.8214434189569,5.8801748414628605,70.35319944682698,49.51646203619191,84.60948438918092,54.846168774782996,29.71880108100757,44.78883368500453,14.207986596123675,75.85958331893107
62795,2,34,8,32,23,13,6,101,USA,57.543242869027836,71.03332665341549,91.4048634828622,20.791244461849743,80.35947022086873,35.93764208945407,30.105722373059507,77.5531130315029,50.63550054933802,94.55163964211795,46.70688036593572,59.13772006023231,76.20132219233813,67.68583273799294,79.38519475590067,78.64360704103217,99.65427914810834,30.29568662558205,43.98116094104404,69.59000458286471,71.05247102613345,95.98521155440608,71.03332665341549,90.28154724750141,80.98379288575211,89.20048547787871,84.09613743118166,88.55650798049987,78.76603322327935,69.1661111306675,77.63595327780763,93.09521266559159,44.78883368500453,77.33488278773791,62.685739247457434
122216,2,30,54,54,2,22,6,102,Australia,66.57689870436599,75.34008785972469,41.91533974070052,64.72479717011902,66.19844583264802,70.76878765562856,43.8453517351694,37.34671392712494,31.945871788203334,66.06762283826549,66.20780177702142,25.710640422264248,34.78467417757349,21.025779143228192,41.948427437952034,40.8204093289915,43.73447948589535,49.03819143458776,21.487023866808073,51.824706498066064,56.175137629626704,30.373205774212465,28.966673346581445,76.22732636636681,29.452900831051807,37.050328652931285,20.072901064652967,37.13891197395856,35.21233008586836,14.059962345009183,50.808806724323006,44.33191778008268,14.973082087715454,68.60058485381398,48.576617450646324
273627,2,21,2,21,21,4,10,108,USA,16.60769013057609,24.65991214027227,1.0,64.72479717011902,12.47330482372206,17.908775923854762,53.319429804707454,6.966800263759168,31.945871788203334,1.9493102434503982,46.70688036593572,36.380627243456786,5.441180697799297,10.256330377787322,20.24566107649926,36.531263140029694,11.138515019251571,39.49062956608225,1.0,51.824706498066064,51.03149623323941,77.63595327780763,33.453751050166034,70.65410972728665,70.54709916894535,57.8214434189569,87.88726300699477,88.55650798049987,84.85335152946777,84.60948438918092,77.63595327780763,83.17396400423456,49.525487831820726,68.60058485381398,95.24464839547647
122185,2,15,20,19,23,21,6,102,USA,80.2516840319571,85.20819150822626,86.57070419627405,64.06235791054291,65.03935511670318,69.5661629611684,54.935651382447816,58.57189268800664,58.55236278061574,30.736721929339495,68.01434649002357,64.06235791054274,24.450026149603673,92.4495495106745,54.16463444250638,34.3314735878171,69.9848920385781,32.751143231381775,53.17565354610883,67.04630895707658,60.60359954468936,95.2468242595038,96.36147742788762,85.07826600534418,78.47416633678381,78.74483379669266,93.22069447116962,73.55834364977648,35.93764208945419,15.74762055341634,28.017660032449186,57.75674281970055,88.5226331939582,28.925397546363968,24.859259813697662
136934,2,18,53,41,8,6,10,102,South Afric,33.42310129563086,47.42212440251018,9.33740888717611,13.476621430397245,65.03935511670318,64.83340781780561,35.36705841812295,97.12654093337324,96.15818163064591,83.21243289066717,78.58858792556782,97.02931141361341,96.21941950767757,71.52971542119849,90.69171383761022,71.1524166859918,83.18027635575788,71.33191861117649,82.38953820086851,88.49285544556074,95.64331458828849,67.28307332190337,94.2497690484131,47.66706510853851,82.88265030505272,86.01734838160507,26.016015886155145,18.363391319755294,20.526002638217875,31.065236237279777,50.78214475861802,22.221421111983574,21.19945721193062,50.55606614092534,5.3028783114198745
333317,1,18,33,11,16,1,4,111,USA,94.2805520962296,72.29494873939228,77.51836932816263,44.25442868298546,99.67072318697114,93.62486758591967,87.73004283799435,86.2386055405459,91.89955310846108,56.91289499716851,49.39681158829484,93.58662019346582,62.34008261658903,94.95017036800039,42.12105509488873,24.838748627111585,11.64927475277716,77.41332779742356,65.039355116703,54.82628182415766,47.494685031003655,38.5265098022748,38.38945363702777,17.11734969494421,31.530690686149,54.122030713014226,21.13987954689776,91.46644177191081,28.10268843012912,32.326088516707244,42.309529269011875,26.844462737322914,33.91083352006473,72.08762914155761,4.09567426156363
29182,2,40,48,56,12,14,3,101,USA,50.92951243368651,47.596179817294626,72.36136535016311,59.13772006023231,39.96934393210995,79.64120213339004,14.282856410831698,85.12845697231535,69.241915284083,80.90407859348738,83.38855564847916,92.14274646283457,79.81194919210759,48.53763055243792,31.122227016365883,20.62737789529018,11.138515019251571,25.93062308515377,56.018839058953176,69.59000458286471,51.03149623323941,97.95293640525972,61.91892508169872,96.55305110436132,93.17991654500008,99.4785434297687,91.24648810278018,59.55017917542108,52.41687527482202,51.36864963094524,8.80329369768259,80.1804787722698,93.41517453375116,63.96838866723374,17.855609388338962
272946,1,30,29,30,15,27,9,108,USA,49.4648378682312,33.56443166115514,48.4301341302492,47.87586579427381,56.4544420238056,45.2259618242183,63.892946217285214,67.78265424416804,70.07894547098209,59.079735499801416,75.28209110360444,33.2971634767795,69.4387851150434,71.7487486783483,52.45351877055907,53.95060925674363,48.68203031647215,47.15427409876639,69.674603705643,41.60700518705539,53.04877238159048,68.13059800447365,47.19168211406509,54.44332608373185,73.58796746462082,46.3923581404963,94.62054579848518,48.953336685814406,17.760547544328432,11.969716158754522,12.383733081535269,37.06068052157116,24.042900881524474,30.49117442662336,32.99807104191294
51921,2,24,27,10,11,14,5,101,USA,79.60069175858041,86.77776916771938,10.10598483323173,80.15066620083473,91.55657756489688,61.101068989654436,75.85958331893107,4.643369268631972,15.669449792360979,5.057819312966302,21.90870165318364,16.239754440940516,13.024359851372537,17.11734969494421,52.02032500607646,58.313084197575165,56.26552051410175,53.844028635023164,49.99999999999858,77.70620629091718,10.225203842964703,26.529765381992576,24.65991214027227,28.20459265453337,59.00355203903064,18.344838315632046,29.328766576388233,53.95060925674363,74.61731435353943,69.1661111306675,74.12755151230016,88.5842256885278,22.510403978694114,85.08412333851334,67.23225874558347
66906,1,21,23,8,7,25,6,101,Ireland,79.68512546153556,54.846168774782996,78.23795352732941,78.16576113284259,66.94677104914928,50.53116852032986,83.22054561069058,62.25020804081413,70.07894547098209,36.46593774743093,85.18869867852766,11.404612333522465,80.53865605787837,71.7487486783483,51.33862310361616,58.313084197575165,70.12165053195866,1.0,23.934694948060837,77.5637764425644,81.28692149370818,93.09007177530259,91.76591663041097,54.44332608373185,96.21941950767757,80.43433057250775,76.99736846540372,78.67594907520959,66.4554153776512,77.08551834849004,57.62660968811787,69.15744480784218,64.78278589337833,35.09415280946621,70.59207196494458
289366,1,20,37,2,23,4,7,109,USA,13.647219871312444,1.0,28.76555506693211,8.859497450823937,93.41133221080338,42.010938364274864,43.344921433791455,87.09622379751102,97.58075266622325,94.13677739204138,43.382320882034605,69.69101146171175,82.19086429698166,60.31294690391934,95.26684259996523,41.583891888387654,99.24494121918724,88.41524423700196,98.75950003467119,96.10945031112965,76.31086354020897,1.8239508332922156,21.255166203304185,1.0,26.592618623731795,19.9849098635147,4.701982673214687,7.301470312646643,7.344252272961427,13.043711380136159,22.331027267183856,41.526618308606714,1.0,15.022086408344563,6.749673112788514
139820,2,17,7,57,14,21,10,102,USA,18.258346686625117,1.0,23.23512349102603,87.28581834787838,17.11734969494421,44.99504097618501,14.16905281531848,99.0,89.78597966804489,99.41188476020932,78.58858792556782,89.36356227047679,99.0,99.64540712382814,48.06846441941963,74.90872601174459,55.02122998860722,93.92483677307791,91.1626011391437,1.0,10.313414471076555,67.28307332190337,27.220086945751973,85.07826600534418,86.90681568138461,42.99668277844631,50.50840487755136,82.4708482798892,28.79653607930709,82.18204355948444,39.12840574502866,25.42533077083897,42.62918553286505,1.0,29.059420566627125
83155,1,27,54,22,21,23,10,101,Malaysia,99.57098579107947,96.58529297009034,97.44911960504214,93.03225210487653,97.16847401524115,91.55657756489688,55.263629249518715,87.82785551467782,85.68113180055275,67.88573980876623,63.944078383121166,87.16186232831421,83.85324876846573,83.99766180589484,72.85722058736661,58.313084197575165,35.683822142085546,74.61390353739301,75.0312598445779,93.78554924013008,58.10228715703602,55.46536009609389,13.649579136660321,65.3435195458141,82.88265030505272,51.547120780486466,27.54053586276666,86.73819538201224,41.03177063736115,15.10389698892294,92.35615236245212,65.73375433988832,37.023634211068725,10.878069661841323,20.178564309796258
169952,1,19,21,35,6,25,6,103,Russian Fed,34.04447559046221,22.202985535358806,43.40796818255575,34.03205562984181,67.97952772928915,42.010938364274864,30.46290046715066,21.960183617735964,35.57062646454057,47.689773852054714,16.19559232062153,5.368564900396208,23.678321390588252,55.42754164975008,65.7783208265493,83.22475351117635,77.35818626598257,68.80982296798709,58.854938377407905,37.38249279015383,37.5868434385456,34.838911893208206,74.72943511559401,35.83531319762784,13.529248624911673,48.968503766757806,49.49875553694591,14.256562486093657,72.47619571226187,68.54137944829739,79.10572652846167,78.52393988137999,29.407928035052407,66.9308230275501,71.38921400774188
303385,2,19,29,29,14,14,1,110,Latvia,72.24547894793574,42.291087082205365,76.76487650897081,90.81894281558982,37.13891197395856,74.11744885089718,64.6329415818742,13.30909946597734,9.454964255860347,55.989958694574455,27.610421178598017,1.0,2.2232093037990808,62.81128849233477,10.701543801563474,22.914481651507117,32.17954261031346,11.155368604190585,5.444812706922107,41.3590478943986,2.7946545841539177,60.207991004079815,6.227228561319436,70.44701254587068,41.82043671123682,78.74483379669266,90.31994505042348,58.46198478449537,41.49607661542575,78.53212677802628,21.19945721193062,81.43027151090689,33.637604863282434,1.0,61.15337443158933
251482,1,28,17,52,20,19,7,107,USA,27.477524384954393,60.18072278051625,33.038220660422525,58.46198478449537,35.108318953570915,20.508511603777947,14.805765312576852,51.96386700368748,39.4575626880914,72.10055176954745,45.709546168848874,43.64141819818519,36.18273462646164,67.22611925578326,55.789602284413206,45.17371817583938,70.12165053195866,65.88150455292742,18.98397532185942,46.256957089828006,72.61901380720087,45.05353300767098,70.07894547098226,48.88792965914092,57.75674281970055,31.333377765149464,37.234191385917086,33.53431189536067,62.03145947103508,69.12364029909389,31.28674622915665,58.67589879495944,93.78554924013008,49.51248786451873,51.923296568158094
321838,2,25,2,24,16,1,11,110,USA,1.0,1.0,72.36136535016311,30.92981159264579,20.508511603777947,1.0,5.635294664448608,62.189113818074475,56.97016483628056,49.58131153933135,46.70688036593572,80.15066620083473,64.3925588198357,53.41024752405781,71.5695708970278,53.95060925674363,88.86148498074533,14.245908175891344,26.715253344971444,88.15258071082917,96.19374149497719,88.34967563291616,61.91892508169872,90.28154724750141,93.17991654500008,98.6106658859087,87.88726300699477,9.301460576598942,61.98255834797078,73.33319121504621,11.325256012873183,51.892618981663475,99.48344021986497,39.82652432314637,75.85958331893107
218729,1,36,0,56,20,6,6,105,Canada,75.14074018629947,60.18072278051625,58.85493837740813,93.03225210487653,25.158187457547825,66.19844583264802,83.22054561069058,21.295712658856075,8.595136517134506,20.017286690563964,69.75039977186134,15.113676818130472,17.445521498293687,52.92361192269021,14.689192291877134,24.3543369865842,19.907040067253604,42.433977689944925,18.98397532185942,2.9895442538276598,42.903871202689004,90.8814931201506,78.35350300402342,65.3435195458141,73.58796746462082,61.76273333671213,88.78225472418683,97.61600194665232,79.58292806847248,90.31994505042348,92.35615236245212,62.23415499654976,88.28075826138559,14.207986596123675,79.02888421023272
156025,1,20,56,38,19,31,2,103,USA,94.87987810819982,85.24142108866056,73.07624464740519,93.46210350921172,73.09049750610438,80.09800138568346,90.59164364262006,27.29597326525206,48.09386819209789,14.353978603877408,20.98463817665521,64.67544802501914,53.556183128907946,11.119567381016623,70.65410972728665,79.69335746054037,70.25374326944495,35.752386609459336,33.74743130294135,94.14238126470923,57.493261250278636,57.47376918911107,21.255166203304185,85.27561239450836,63.333561068866004,86.32158378821839,49.49875553694591,22.914481651507117,46.59266563368493,9.994604431249257,91.37410329231693,41.526618308606714,25.08133201404297,76.99047717112194,38.2372666632848
279912,2,18,28,5,14,10,1,109,USA,92.23623393450646,72.45946413723033,71.22629291164247,83.30333675728741,65.03935511670318,89.60055360530589,94.72147410597472,40.29754265921218,80.9504293154099,16.135186567182956,50.593135699815036,48.983237584427684,10.799514522117988,71.52971542119849,37.018448277902735,30.390084313250185,21.800272892309238,45.61140169131329,17.610461799128302,67.04630895707658,60.60359954468936,41.95986542494984,8.86786533280204,80.57794121246536,47.263624580874534,17.480198646710647,70.30114211772138,58.46198478449537,89.2767172098396,88.68818169815381,96.83349055384474,35.72345774980255,88.5226331939582,99.46773126332607,74.31609562768182
36132,2,42,42,39,14,3,4,101,USA,25.381412989254983,42.80857461825059,60.5424373119057,8.513015135789828,61.07139808454821,45.936737500516585,3.5713024619715696,67.90588771553524,26.128983665461305,77.4421785863118,72.33000753722172,53.441633783084455,83.21243289066717,48.53763055243792,36.45759337950136,36.531263140029694,52.09291350348076,30.29568662558205,43.98116094104404,38.2372666632848,40.7639845402021,73.97148887203758,33.453751050166034,81.41475722390544,59.00355203903064,72.76718201217892,84.09613743118166,65.03935511670318,63.857248475927804,29.147485055433123,54.846168774782996,51.892618981663475,58.97185396875591,77.33488278773791,92.91508350555785
78337,1,17,58,31,9,22,9,101,USA,23.653733501456372,36.54375437401734,19.94284710093362,39.08901951515952,77.93512099923532,27.678385686496995,6.879750348352232,81.6394993958528,83.37058464759491,88.82601451243409,72.74322579062357,93.58662019346582,49.11031994197003,45.5566739162652,99.67422697788732,99.56422237074469,99.13373820760216,96.17146372562001,76.65001635485646,89.12969944645124,87.96288850524809,44.79726571695039,61.61054636296922,76.81282413922463,63.333561068866004,69.14764735755358,7.1638769439176,10.536600056763831,15.660925116761263,20.05599443630564,38.098006018754745,6.930956849954356,1.0,81.57742612003744,38.2372666632848
298816,2,42,59,43,16,10,11,109,France,70.30463925686774,52.403820182702646,48.12729488399276,64.72479717011902,88.24351183291469,56.08731942361942,67.23225874558347,29.42870179479013,26.128983665461305,21.85000045652049,21.90870165318364,25.710640422264248,64.3925588198357,43.67753549670533,87.84879593884375,78.64360704103217,88.86148498074533,53.844028635023164,78.51297613318877,95.70424778762697,61.25946572680101,20.484322923237272,75.34008785972469,1.0,53.01436083935573,32.05120225161804,12.112736993001931,17.11734969494421,32.452670086582,37.79301445376893,27.318507249333862,40.585778717067456,22.510403978694114,54.38260045296113,43.8453517351694
277238,2,19,59,10,23,14,0,109,USA,11.49216837143399,32.30086506298957,34.61916573918188,36.99571155383836,17.11734969494421,10.39944639469067,10.799514522117988,98.97317618771842,89.78597966804489,98.74639590052823,87.62929142411929,89.36356227047679,94.2497690484131,83.23803042156646,62.1917691409206,71.1524166859918,51.16041356852554,67.24885676861538,77.19398147516756,32.953691042920525,60.60359954468936,59.00559432491707,60.03770236290336,64.95948197352692,68.74074637331933,74.72943511559401,40.39427439640821,27.39466858187575,30.545479159098193,53.15156358542765,24.53529762125993,25.42533077083897,47.22811985829236,50.55606614092534,29.059420566627125
58040,1,35,1,7,18,2,6,101,USA,72.76363999186668,84.11426570792503,8.249868625147684,78.16576113284259,66.94677104914928,88.24351183291469,63.892946217285214,93.96537401897217,75.68591836594749,86.90681568138461,51.840430352222086,90.61178652490548,99.48847233567824,80.17625967302877,10.853418650595955,36.531263140029694,3.5441884953657734,42.433977689944925,23.934694948060837,9.911413245848223,15.574641162813691,41.17718921370334,1.0,54.44332608373185,68.50084497134463,76.10995412150169,47.42212440251018,82.88265030505272,19.220287869559797,56.21355262825239,12.383733081535269,4.2642639367628306,55.608646060651324,1.0,66.08916647993237
839,1,20,54,26,23,1,1,101,USA,59.07333792744606,46.8616625569893,85.5457731059488,49.47664252260131,57.20631330942837,52.004524179074735,43.344921433791455,87.09622379751102,72.73352751819738,91.66812214218226,31.693301589254332,99.65529838732857,88.62160056241169,45.5566739162652,53.5354181112034,46.00010268162191,42.82463416453311,97.8486093466604,90.78367717117158,21.356392958964705,15.59598740366792,11.546089615806096,33.87469800503456,1.0,31.530690686149,15.938564502569761,25.43915001064272,38.059457108195716,96.43857288267486,97.22106987591201,99.50534255089781,99.61615979975613,57.667541259690836,28.925397546363968,81.10647704264375
27400,1,33,43,39,11,10,3,101,UK,16.298596513376253,75.31460959442984,19.180033328925163,47.87586579427381,1.0,6.14410493977671,46.48765477801305,1.0,39.4575626880914,23.85571826394252,1.0,28.357182624091593,1.0,1.0,51.33862310361616,17.11734969494421,90.7742340882254,74.61390353739301,34.79835408249858,50.93650051561667,28.301933389501215,43.7573217524037,3.329479665443344,1.0,73.58796746462082,99.21795678194655,52.57787559748709,64.46531457556091,80.33386524846037,96.89361746781822,15.09685281157391,99.67236513062483,46.256957089828006,73.06999613385693,82.88265030505272
92104,2,18,13,56,21,23,0,102,UK,67.33088911956207,42.291087082205365,46.87999385447824,78.930623981037,80.19514273855225,78.44189817358415,40.17220037646791,27.24801532452628,58.55236278061574,10.186151472267312,1.0,92.39851927298366,54.44332608373179,12.09412374001377,69.92562595202457,67.25861939826268,58.854938377407905,88.84463139580612,77.19398147516756,71.08701564560687,21.62407111251096,14.819007406082704,27.220086945751973,5.0609644424642255,26.259510286198037,17.480198646710647,30.63992438136114,42.58820505516337,30.545479159098193,22.99146730217373,69.83155565887887,39.32378978437407,8.067620121993713,66.9308230275501,20.866239721879907
262351,1,35,12,38,0,6,1,108,Pakistan,16.298596513376253,38.76343628455788,28.17955672026264,53.185121557385685,16.292451020166226,9.068460239733724,25.510158467538673,65.59196064442403,70.07894547098209,76.14428173605461,63.944078383121166,38.409904521478666,44.50222636145577,76.07937539063823,43.5455579761915,58.313084197575165,48.68203031647215,74.61390353739301,34.79835408249858,28.20459265453337,23.78808931319972,70.55319544967148,47.19168211406509,43.344921433791285,96.21941950767757,66.72472775425962,32.30086506298957,86.73819538201224,47.426117923277445,51.77910640573515,21.10851187360717,44.20134574873799,64.78278589337833,44.64654924803892,70.59207196494458
254176,2,22,21,52,2,1,9,107,USA,41.669108846333586,61.91892508169872,91.4048634828622,92.14274646283457,29.81782479991668,1.0,21.709330571400272,25.1295517498813,7.391972611249315,45.40024373105052,53.29311963406161,53.441633783084455,2.127456191033147,53.41024752405781,69.50454375992024,53.95060925674363,47.90708649651623,53.844028635023164,49.99999999999858,69.59000458286471,97.96641038608618,76.43388345219194,38.0810749182985,64.78278589337833,89.68114552481791,97.09728070807125,20.072901064652967,84.5933664326293,76.30498513107261,90.76405995088896,20.33982698209911,73.71454677949026,80.63446295056406,54.38260045296113,97.12389438060234
48729,1,29,20,3,17,5,5,101,USA,20.534815840469236,60.18072278051625,19.180033328925163,32.29361888896099,12.407428221726605,16.304651131737984,46.48765477801305,8.133332499278225,1.0,40.92026450019563,17.593372748471154,3.149557071884857,28.224864339480575,16.742576542171378,63.45941745888547,74.87692820914225,57.44425564700225,61.29976780711877,64.06235791054291,60.2364043211619,37.907163869258454,20.76690674664428,3.329479665443344,10.093777116369637,16.266918122059394,41.27219492504753,81.26342017218394,43.73447948589535,84.62259890219718,84.23552337241927,87.61626691846152,84.53344341718957,60.2364043211619,49.51248786451873,89.66055077540534
157688,2,19,6,36,9,12,3,103,Slovenia,64.80290424399561,52.57787559748709,65.3808342608151,26.74848719592285,70.35319944682698,64.83340781780561,78.09129834681312,18.465253038361,34.29014070741786,38.93485830207197,17.57742842669819,12.660403857158286,10.799514522117988,49.0756605725677,16.41638838019267,1.0,12.866069764899407,41.253357029240476,34.352882342751116,71.08701564560687,13.725430869959183,34.81006046918327,2.2963252312841576,30.63218018601941,26.259510286198037,52.34060397447763,79.22231631654597,58.46198478449537,73.77299422698269,53.15156358542765,54.686835292814635,99.6748331107093,61.01069607724554,50.55606614092534,70.07894547098226
41628,2,17,43,28,12,17,4,101,USA,67.33088911956207,47.42212440251018,81.90890646608625,78.930623981037,42.68003802225007,30.433837038828756,85.83094718467828,43.70095510302724,52.45351877055924,43.158876559428165,56.50795454375839,38.89893101034255,28.417645382477644,58.284910629285946,58.20274260666406,63.253774141245344,73.5016449847086,45.61140169131329,46.82434645388838,49.99999999999858,50.50840487755136,48.043672167639386,55.28135202338723,8.059019570939455,63.53406225256617,82.5198013532862,26.016015886155145,53.185121557385685,79.47399736177886,91.4785362151789,66.15957653940058,81.43027151090689,88.5226331939582,34.12556235771552,74.31609562768182
125908,1,29,23,3,6,22,7,102,Belgium,34.960644883293924,15.084048449017757,23.542947406190677,53.185121557385685,16.292451020166226,34.81530240400832,89.41168157878826,55.42115643732558,12.562519840547253,45.44302405066958,80.45593114895769,43.64141819818519,57.18008180471179,80.17625967302877,1.0,5.857618735287204,61.76273333671202,4.968678807918806,1.0,1.0,1.0,63.15579977474232,5.3028783114198745,84.56716102782389,8.743747773108822,61.76273333671213,91.93618207072097,97.61600194665232,81.8058759907251,98.27719708682389,75.63332256004708,65.73375433988832,88.28075826138559,26.059328894242867,82.88265030505272
312362,2,24,28,36,9,4,6,110,Romania,61.46053037047943,92.76668478665965,24.31408163404953,25.710640422264248,34.81530240400832,45.936737500516585,92.91508350555785,19.092537080780062,44.29159025946308,18.42776043837648,16.61144435151772,1.0,30.736721929339495,67.68583273799294,2.677396998158187,1.0,20.457096935902428,10.954729552571052,12.295540239747453,25.45049056170572,10.225203842964703,2.657481090462312,16.747620550392412,40.06999034374928,1.0,47.38424542522603,12.112736993001931,6.169520740884394,60.09157733583032,77.31892438549448,62.811288492334825,40.585778717067456,63.60458836831259,21.84035593194926,83.6093633598631
112866,1,36,24,42,17,16,4,102,USA,80.7724777263968,91.35510392462345,78.23795352732941,78.16576113284259,56.4544420238056,91.55657756489688,25.510158467538673,64.48491567104492,64.18263323986054,27.89944823044962,80.45593114895769,64.67544802501914,77.01311750261641,52.92361192269021,92.11243213152295,91.29658428621372,84.87183008061447,82.51494454378076,40.56094673416658,81.41475722390544,96.66053255329552,41.17718921370334,78.35350300402342,75.54997385039337,52.223645153743746,4.903278732153709,11.217745275809932,54.18252200787731,11.748255132801773,15.10389698892294,27.76615118607495,12.362471450670682,2.9895442538276598,44.64654924803892,20.178564309796258
63960,2,17,56,16,12,17,6,101,USA,66.07208454887291,76.99736846540372,90.6625911128209,26.74848719592285,84.5933664326293,64.83340781780561,21.90870165318364,85.04376536305949,85.63451242578503,76.20132219233813,83.3382186311095,82.09122407614211,63.20312309096943,71.52971542119849,56.18830886320245,59.164320907627484,51.16041356852554,54.388598308683754,40.51926937632845,28.91298435439026,90.31994505042348,69.57255396735388,45.676489579080624,89.10644890369588,73.74048971379887,89.20048547787871,40.39427439640821,37.376126900058125,7.341158704576031,31.065236237279777,12.286541527247522,8.743747773108822,25.158187457547797,1.0,29.059420566627125
58695,2,28,25,47,10,4,6,101,USA,24.21885811538465,42.80857461825059,41.91533974070052,1.0,61.07139808454821,17.908775923854762,43.8453517351694,7.614691337444157,26.128983665461305,41.24825991472602,7.821504501229896,1.0,23.061104035291663,7.387219948164201,96.34666770617582,91.29658428621372,98.48752314157696,80.6034086023285,21.487023866808073,99.0,71.05247102613345,33.00886114124933,38.0810749182985,1.0,85.58941731904213,1.0,60.55156695181773,75.42677453203078,55.30995761556966,25.048837768764088,87.03652229280976,51.892618981663475,40.094517212998085,73.06999613385693,43.8453517351694
247461,2,27,58,37,5,8,2,107,USA,75.08560987423277,71.03332665341549,41.91533974070052,30.92981159264579,61.07139808454821,83.66082146415988,92.91508350555785,1.0,1.0,1.0,1.0,1.0,1.0,1.0,16.686096784568974,1.0,52.09291350348076,1.0,26.715253344971444,97.41852532010091,2.673062899277184,48.171688809474915,28.966673346581445,34.02330933641292,10.31885447517891,72.76718201217892,87.88726300699477,53.95060925674363,92.38782233878806,84.60948438918092,66.6913920797009,93.09521266559159,90.75306645260173,85.08412333851334,87.05895219246986
200034,2,19,39,31,15,30,3,104,USA,46.41731903598611,67.6991349370075,65.3808342608151,1.0,65.03935511670318,74.11744885089718,49.99999999999858,71.71298772319187,85.63451242578503,7.648959173274079,94.53506955940702,89.36356227047679,58.854938377407905,71.52971542119849,45.02498081067944,16.158046790869236,10.306438846305383,54.388598308683754,97.16186319777216,54.33520075618111,70.30114211772138,38.3564971802312,22.99667203151691,53.49797160417478,52.73637541912245,61.61054636296922,65.52574711047504,4.878981883811036,1.0,1.0,9.752262657503962,4.881473988353065,25.158187457547797,1.0,3.329479665443344
151481,2,51,45,5,12,27,1,103,Canada,39.05845551951177,79.42646223603026,82.88265030505261,36.380627243456786,6.14410493977671,14.087982640138051,48.576617450646324,31.645893040625168,2.0362323566985197,57.92493916101165,40.17220037646791,53.441633783084455,55.989958694574455,13.513620199922286,13.389145465184072,13.85480603215845,23.9951441220185,3.453357380102119,16.654099179040458,56.37210185571547,30.852352642443492,31.68436572490242,28.966673346581445,22.701518884824225,24.056666816970278,42.17855658104003,70.67123342360873,37.13891197395856,75.46562973545633,42.27146376772623,34.84997484138398,96.5505293341688,95.65775474633347,59.21514729374104,71.63636970116852
171493,1,17,3,32,17,10,7,103,Canada,35.25559590125272,26.762908542514083,58.60425385782702,29.13517763775053,15.84780352374321,32.307703355288595,73.58796746462082,43.655914399210815,60.728061954840825,38.53778649358617,61.37045033015977,23.643949523418712,44.67079951304356,50.494282940076005,53.5354181112034,71.98677542110562,66.51034893630327,8.585289161933531,27.840394651610865,71.73232667778342,62.41315656145173,97.33367658458292,78.74483379669266,76.81282413922463,90.05332961420049,78.30797746527924,89.28100523245439,99.41673164692168,36.10197929485662,55.07623775225022,26.05410933084437,60.755110706404594,48.07670343183918,34.12556235771552,9.994604431249229
173375,2,21,5,36,11,1,8,103,Portugal,76.24141630310271,57.1914253817464,60.5424373119057,47.70466906821406,66.19844583264802,79.64120213339004,87.05895219246986,79.54868014044939,38.03089399597786,87.17481078845185,46.70688036593572,70.13473438320716,72.40894963476512,90.94023274545907,53.14163356651176,53.95060925674363,68.43962164102402,58.61780956927589,38.04138284016847,56.37210185571547,30.852352642443492,21.652703151403728,13.22223083227749,52.496530987935046,40.99644796096635,27.23281798781821,39.44843304817931,21.671423710050647,44.69004238442744,64.85190053121335,34.84997484138398,48.10738101833368,58.97185396875591,30.49117442662336,43.8453517351694
190097,2,18,23,57,13,14,0,104,USA,1.0,1.0,1.0,9.848895463132322,75.42677453203078,1.0,21.90870165318364,89.74862098298343,93.32160981279628,76.20132219233813,91.38663287631312,73.53125052946376,67.45616643435892,83.23803042156646,89.4285017073571,93.07869517425445,91.11356755894622,58.746642970756454,77.19398147516756,74.9804753003109,83.27341643809916,76.16055538599448,91.69327997565881,59.28595610939959,73.74048971379887,89.20048547787871,40.39427439640821,42.58820505516337,37.77526335357368,48.64867122355571,62.39709853642091,16.266918122059394,29.316092305772713,76.99047717112194,33.429732576898715
226553,1,17,55,34,14,14,11,105,USA,31.651068336552783,31.560378358973026,33.50591881826929,20.028241776119472,46.11100570929818,27.678385686496995,65.34351954581427,68.89000863165478,23.898017006741725,70.25853193165136,55.419208390362996,83.29083516369599,85.5457731059488,45.5566739162652,95.26684259996523,79.69335746054037,98.45896760865685,73.21175121452501,81.89134079507176,96.10945031112965,80.50488183684661,51.143838855669856,52.34060397447763,41.01418900333107,63.333561068866004,73.84643900984258,59.47192606071229,14.256562486093657,43.41098862817881,64.1514006211413,29.941898306264306,9.116809721847062,67.00192895808408,76.99047717112194,43.80047150705559
204304,1,17,46,34,11,22,6,104,USA,19.41870476075593,1.0,19.94284710093362,6.007587643171647,46.11100570929818,87.62360535106382,30.46290046715066,99.0,97.58075266622325,99.0,98.6846009030711,97.89506570647995,99.0,99.67462143472699,24.49539311493581,21.04095673999433,35.01538529484975,22.58667220257354,76.65001635485646,11.443492019496944,32.780366410893976,51.143838855669856,42.99668277844631,41.01418900333107,68.4693093138481,86.32158378821839,25.43915001064272,38.059457108195716,4.709953588540273,23.948036756942713,15.492574848767873,6.930956849954356,48.07670343183918,2.7568964400769715,1.0
208572,1,24,56,7,16,1,10,104,USA,96.41627819856024,75.31460959442984,89.86526647580195,14.33903948472684,92.27885279287841,91.55657756489688,99.0,91.4674761140094,98.34162882046974,59.079735499801416,57.946348166777,90.61178652490548,96.30317990276797,76.07937539063823,47.99233545404695,13.85480603215845,57.44425564700225,61.29976780711877,34.79835408249858,93.78554924013008,23.78808931319972,26.375694242845015,29.059420566627125,27.409635915245588,3.351347693632576,76.10995412150169,72.45946413723033,8.552307569892605,1.0,1.0,2.5527077541662067,4.2642639367628306,32.54383356563801,1.0,9.739235341717233
193537,2,25,52,34,17,24,1,104,USA,26.560248486689005,71.03332665341549,24.31408163404953,8.513015135789828,55.830976460441036,17.908775923854762,30.105722373059507,44.397603800530305,31.945871788203334,33.13730422869742,78.09129834681323,92.14274646283457,30.736721929339495,21.025779143228192,68.45816553132528,74.87692820914225,64.46531457556108,76.59096398990584,38.04138284016847,47.263624580874534,71.05247102613345,64.84671107983638,89.9625610576469,64.78278589337833,59.00355203903064,52.615754574771245,39.44843304817931,42.68003802225007,60.09157733583032,55.91895338249731,42.743613439347484,63.11148672055191,68.12570526155298,81.35350509583145,39.164121453558494
69338,1,33,21,36,8,2,7,101,India,56.14047461676449,15.084048449017757,86.36991465860137,58.46198478449537,71.9500762518129,61.07139808454821,33.58339906695974,99.17453330197986,85.68113180055275,99.6444639680102,98.04461905111657,74.50142217039121,99.48847233567824,99.64275513094503,71.84876806160958,62.61750720984338,84.87183008061447,65.88150455292742,69.674603705643,55.608646060651324,53.04877238159048,74.0881334027045,65.67904193769476,84.56716102782389,82.88265030505272,46.3923581404963,37.234191385917086,78.67594907520959,23.831246036348006,34.23160425600963,27.76615118607495,30.168444341118146,28.20459265453337,21.84035593194926,32.99807104191294
172251,2,18,36,30,1,19,7,103,USA,38.539469629517725,85.20819150822626,9.33740888717611,1.0,26.569667184096602,86.22881786419691,49.99999999999858,44.84214814961348,58.55236278061574,13.024359851372537,44.67079951304356,59.105415786523,24.450026149603673,86.63338107695051,1.0,1.0,10.306438846305383,20.99081604949606,8.837398860853057,6.400121260663951,1.0,9.853554697057774,1.0,25.344952235595855,1.0,61.61054636296922,40.39427439640821,22.733263538806,33.21661988493392,57.63140255323418,24.53529762125993,32.194701977513006,65.48158958671098,7.786941691750158,51.87270511600451
228536,1,57,13,13,16,7,1,106,Canada,52.1400963820322,75.31460959442984,73.70462543469392,86.41961753091277,12.407428221726605,9.068460239733724,55.263629249518715,67.78265424416804,75.68591836594749,83.58163009082807,80.45593114895769,15.113676818130472,40.31097559507873,83.99766180589484,1.9087487598961275,24.3543369865842,3.5441884953657734,7.341158704576031,6.958337346731412,1.0,42.903871202689004,97.5446143349526,74.31609562768182,70.5644345908944,86.96632865979723,84.44731220264532,99.26893892869771,86.73819538201224,80.33386524846037,47.33197466719491,94.34254431075192,62.23415499654976,88.28075826138559,39.82652432314637,94.93180673518896
272824,2,25,27,43,0,27,9,108,USA,1.0,1.0,14.318868199443983,70.13473438320716,39.96934393210995,1.0,21.709330571400272,55.12717955246546,56.97016483628056,29.2312123443686,95.46494093275498,70.13473438320716,55.989958694574455,25.197168825149134,93.25686235996943,97.39639012845555,95.68148758840823,49.03819143458776,67.74027334454553,84.9464681882871,84.06143549742728,98.96163781209714,98.49434368092739,90.28154724750141,96.00666942150986,81.65516168436488,84.09613743118166,70.35319944682698,83.40222439027616,90.76405995088896,70.4714220996438,93.09521266559159,49.525487831820726,17.875995259367897,99.36791336755778
169216,1,34,47,27,17,17,6,103,USA,22.777503227733206,84.11426570792503,19.180033328925163,86.41961753091277,1.0,34.81530240400832,11.734640245817701,45.03878478822713,12.562519840547253,99.6444639680102,22.60077033503822,38.409904521478666,44.50222636145577,24.769386228452646,7.515346726796608,1.0,7.6989239167481855,28.79653607930709,29.2312123443686,55.608646060651324,8.762443248801645,7.188608242623928,1.8221475069687187,32.54383356563801,35.72345774980255,1.0,52.57787559748709,15.530101051614082,99.0,99.0,96.04631989948655,98.9080454357719,91.22179970998468,96.29176126262075,99.0
55678,2,13,12,51,19,25,5,101,USA,1.0,1.0,5.903111370984689,6.717827368524226,26.569667184096602,44.99504097618501,26.19180591511258,65.27488634382121,52.45351877055924,83.21243289066717,62.34008261658903,54.063262499480516,63.20312309096943,44.463922165544204,27.472695189935166,7.834533999019911,32.17954261031346,36.95641966039261,82.38953820086851,32.953691042920525,26.016015886155145,9.108850648539601,22.99667203151691,15.78631677448837,6.434313090642604,42.99668277844631,26.016015886155145,4.878981883811036,66.78338011506327,62.055254706882295,86.07981064123248,64.98860679804358,85.31080770811991,15.022086408344563,61.15337443158933
250412,2,17,6,52,11,20,5,107,USA,24.914390125764243,47.42212440251018,3.2140818418625656,53.28300011763815,48.305582994432655,64.83340781780561,1.0,38.05085706831778,64.53469706952234,38.93485830207197,17.57742842669819,64.06235791054274,28.417645382477644,39.89486403050779,75.41691033253403,93.07869517425445,80.12018947505294,67.24885676861538,22.80601852482937,41.3590478943986,86.98840586106246,72.92407924715411,50.48092431787023,59.28595610939959,68.74074637331933,89.20048547787871,50.50840487755136,73.55834364977648,13.27157339255723,15.74762055341634,12.286541527247522,28.75587535527049,17.47546846224384,50.55606614092534,17.11734969494421
290891,2,25,42,53,16,29,7,109,Germany,39.05845551951177,47.596179817294626,24.31408163404953,41.99495664515888,20.508511603777947,35.93764208945407,79.86341080358977,38.50902824656691,38.03089399597786,12.252212217087475,59.82779962352896,59.13772006023231,34.78467417757349,63.026088336460134,29.04588386996008,36.531263140029694,20.457096935902428,21.773925274910596,49.99999999999858,25.45049056170572,66.23505277541807,72.71316945068054,33.453751050166034,81.41475722390544,64.87415180158689,72.76718201217892,94.11982515853401,37.13891197395856,59.14079229240048,69.1661111306675,23.74815518018326,63.11148672055191,72.49671585319584,49.51248786451873,71.63636970116852
331305,1,19,5,19,21,5,3,111,USA,18.405319880038746,41.661395976928816,19.94284710093362,1.9201191433458717,20.21548134609074,27.678385686496995,65.34351954581427,32.94804921093882,60.728061954840825,14.353978603877408,26.176894918892657,59.50871942031665,40.269335632185744,35.84241749170508,80.58069702126636,83.22475351117635,70.25374326944495,88.41524423700196,46.19023280498891,63.46873685996724,80.50488183684661,44.79726571695039,82.5198013532862,35.83531319762784,41.943384449373866,54.122030713014226,25.43915001064272,32.80222031111842,28.10268843012912,13.043711380136159,50.857525840515905,30.373205774212465,13.5601040623105,76.99047717112194,27.58490170220736
107902,1,16,27,11,4,21,3,102,Australia,56.56869534647825,41.661395976928816,89.03637313295235,59.88492177432994,11.895130375973594,52.004524179074735,65.34351954581427,50.97833260220369,35.57062646454057,47.689773852054714,61.37045033015977,38.409904521478666,57.97667528380009,60.31294690391934,51.456669658147746,46.00010268162191,66.51034893630327,59.565192814904435,52.54107759706261,50.43936396603607,28.1326749801718,38.5265098022748,78.74483379669266,21.389234492588685,36.66643893113121,28.947528973863513,21.13987954689776,65.11427827745615,57.222805237171144,76.84829742141653,59.38280421729479,64.50905892624388,33.91083352006473,28.925397546363968,60.65892388614958
133768,1,24,3,36,2,16,9,102,USA,87.74138479493661,70.4714220996438,89.86526647580195,73.55834364977648,66.94677104914928,55.830976460441036,89.41168157878826,29.422284253520246,51.87270511600434,23.85571826394252,22.60077033503822,19.2114517347637,57.18008180471179,33.69777385863253,44.65415108872236,70.92998286223917,74.100982744271,4.968678807918806,18.98397532185942,46.256957089828006,63.080058676461306,76.3694759768282,74.31609562768182,54.44332608373185,63.20312309096943,80.43433057250775,47.42212440251018,82.88265030505272,35.65433162575607,30.050868353950648,24.36667743994991,33.57488279193916,37.023634211068725,59.21514729374104,56.71470844881128
180207,2,17,51,41,10,22,9,103,Anguilla,1.9157836888882116,23.002631534593064,1.0,42.36174007540245,53.95060925674363,1.0,10.799514522117988,8.182238780470414,1.0,34.78467417757349,3.4351090716735797,38.89893101034255,63.20312309096943,1.0,72.7106356995958,59.164320907627484,93.27283370785187,58.746642970756454,65.64711765724587,99.33761549856104,1.0,1.0,1.0,25.344952235595855,6.434313090642604,1.0,79.22231631654597,7.542847206751148,99.01422117212849,91.4785362151789,99.39917624488169,99.6748331107093,33.637604863282434,98.9965433323888,99.02329346947283
269859,1,18,25,59,23,18,5,108,USA,21.501384910264363,46.8616625569893,33.50591881826929,15.921465128015797,35.18913289854396,1.967525762914235,61.038941293581615,1.0,1.0,11.173985487562703,1.0,1.0,3.4351090716735797,22.32598403303976,25.40812049398778,32.96395269530268,50.79971971025083,1.0,27.840394651610865,54.82628182415766,28.1326749801718,64.91753336498903,47.65939602551936,41.01418900333107,36.66643893113121,64.26103025775632,92.28730726405854,70.26508838753557,91.20527462144923,64.1514006211413,95.71355429093592,84.63890055985053,67.00192895808408,76.99047717112194,95.42391757198754
101488,2,16,45,25,12,20,2,102,USA,46.41731903598611,67.6991349370075,53.12000614551897,78.930623981037,53.95060925674363,10.39944639469067,30.69242588388164,71.71298772319187,64.53469706952234,76.20132219233813,38.816119411727584,68.88674933652726,82.88265030505272,53.694512358255906,99.60958516798962,95.13226897091977,98.00320675353225,98.7189325273389,91.1626011391437,98.53634355420627,70.30114211772138,26.856379569949326,55.28135202338723,11.657982565176184,58.17956328876022,42.99668277844631,17.51142959544154,18.363391319755294,65.88150455292742,62.055254706882295,62.39709853642091,84.29098216856346,38.087158236754135,76.99047717112194,56.53893235643574
260883,2,21,14,12,20,14,0,108,USA,28.963387129747275,20.573537763966584,24.31408163404953,16.239754440940516,80.35947022086873,14.087982640138051,62.685739247457434,88.46011826017582,69.241915284083,80.90407859348738,78.09129834681323,70.13473438320716,79.81194919210759,90.94023274545907,92.0347249965447,97.39639012845555,79.5429030640945,63.31946390461832,83.34590082095656,84.9464681882871,75.662292729603,78.81726790499488,75.34008785972469,64.78278589337833,64.87415180158689,85.62147587131506,84.09613743118166,31.747142483319834,1.0,2.1550420242131025,11.325256012873183,6.9047873344051,6.101515552794581,26.059328894242867,5.635294664448608
328443,2,18,34,34,11,28,1,111,USA,76.9265725792942,72.45946413723033,71.22629291164247,64.06235791054291,70.35319944682698,64.83340781780561,69.30757411611546,44.84214814961348,75.81695156631247,51.71482449908609,50.593135699815036,29.2312123443686,36.79687690902773,39.89486403050779,82.96107014792324,63.253774141245344,83.18027635575788,67.24885676861538,71.58235461751946,88.49285544556074,74.88244503141595,63.77933526110843,45.676489579080624,30.63218018601941,82.88265030505272,74.72943511559401,35.44845706311651,82.4708482798892,7.865844072954445,12.51925154915159,1.0,39.32378978437407,10.873983023952547,45.002837651201844,10.49991745079825
32231,1,16,36,58,1,24,3,101,USA,18.405319880038746,81.23921667726131,19.94284710093362,6.007587643171647,1.0,66.74538267752837,15.432838972172902,65.42390864034218,13.81572005327331,56.91289499716851,87.29220356230667,15.113676818130472,49.11031994197003,99.0,1.0,1.0,1.0,1.0,2.6242539865913415,17.800534288700106,1.0,2.582539604281621,10.799514522117988,76.81282413922463,1.0,28.947528973863513,69.10030500257426,1.0,74.38058010044358,23.948036756942713,67.65818245209357,99.18713026962064,93.02461770290074,28.925397546363968,38.2372666632848
184672,1,15,5,49,1,21,10,103,USA,83.94539128325437,52.09291350348076,63.571847377224856,99.03816969373008,51.6679506587941,61.925522292421476,90.59164364262006,14.286381775716194,13.81572005327331,17.83629031343594,49.39681158829484,15.113676818130472,19.94284710093362,31.15277637369209,70.65410972728665,86.49926786234823,35.01538529484975,88.41524423700196,12.4862614482511,94.14238126470923,52.505314968993446,52.41411506771834,29.489405286236234,67.20549961186697,58.05661555062329,28.947528973863513,73.67177934677,54.3751261218614,68.55691022365716,45.84458055273865,88.71309683207005,78.52393988137999,7.495455514514461,56.10310053102842,95.42391757198754
311216,1,51,27,56,14,5,5,110,USA,98.81569582447992,79.88105043362498,92.91134497975429,78.16576113284259,89.02639377864637,91.55657756489688,92.0550555929741,88.59879334615641,96.31194226343769,40.92026450019563,95.9083538786092,93.58662019346582,77.01311750261641,71.7487486783483,49.10753124262885,36.531263140029694,31.512001956115284,74.61390353739301,58.269695887561284,60.2364043211619,37.907163869258454,63.15579977474232,51.87270511600451,80.238196328105,63.20312309096943,46.3923581404963,37.234191385917086,74.16973230320127,54.775405076022366,51.77910640573515,65.09172431362839,55.07623775225022,32.54383356563801,77.33488278773791,37.61317345856344
141104,1,15,19,20,23,30,10,102,USA,48.98685550916042,88.86148498074533,77.51836932816263,54.704020423288796,67.97952772928915,37.10034335235076,1.0,49.75540367085159,54.44332608373202,78.41464627708172,55.419208390362996,54.24481320760782,19.94284710093362,40.658217719685524,91.52596900087156,96.39423247124898,95.79065569603574,88.41524423700196,8.465409395080087,79.3726221047068,93.87840651776185,76.5407321831184,57.003317221551015,67.20549961186697,78.09129834681312,48.968503766757806,69.10030500257426,88.0302838412423,46.59266563368493,20.05599443630564,88.71309683207005,30.373205774212465,25.08133201404297,85.78653499209838,32.81043085041472
116874,1,21,17,47,12,11,5,102,UK,9.828517975677329,60.18072278051625,23.542947406190677,58.46198478449537,3.621488419063425,3.7542264838543957,8.962940915860088,48.49807485961452,12.562519840547253,96.78591815813411,85.18869867852766,5.368564900396208,14.2706461653477,76.07937539063823,17.203542759018035,36.531263140029694,27.471562450578233,1.0,4.1425430837941235,60.2364043211619,37.907163869258454,90.08645733965454,47.19168211406509,84.56716102782389,78.40254957459194,80.43433057250775,99.67380953495001,64.46531457556091,84.62259890219718,84.23552337241927,84.90314718842296,78.80054278806642,77.5637764425644,63.96838866723374,74.91866798595385
84740,1,15,11,50,13,3,11,101,USA,22.569216556330986,72.29494873939228,43.40796818255575,69.90073238460064,57.20631330942837,1.0,1.0,71.1497847222688,78.26933715180166,94.13677739204138,72.74322579062357,54.24481320760782,53.556183128907946,31.15277637369209,99.42297347763929,97.90863147424102,97.29986147704915,99.00484064223792,76.65001635485646,96.10945031112965,80.50488183684661,57.47376918911107,17.480198646710647,51.59328961075215,86.47075137508511,59.236015459794885,59.47192606071229,59.797915543157785,58.276711156171814,64.1514006211413,93.71705502640737,20.195682365934147,29.407928035052407,85.78653499209838,38.2372666632848
191754,2,18,54,17,22,13,1,104,USA,10.629160100020528,57.708912917791565,9.33740888717611,42.36174007540245,1.7823386851823528,1.0,40.17220037646791,1.0,3.3657144731954673,5.441180697799297,27.610421178598017,1.0,3.780580492318947,22.756772076691846,16.41638838019267,13.115617267684058,1.0,41.253357029240476,5.444812706922107,41.3590478943986,70.30114211772138,20.534058641772106,2.2963252312841576,25.344952235595855,47.263624580874534,25.27056488440266,74.88244503141595,14.33903948472684,45.2612289694419,31.065236237279777,80.0890261841572,42.977345193462895,47.22811985829236,61.58199982530522,24.859259813697662
44388,1,31,41,50,19,24,4,101,USA,58.78898860539044,79.88105043362498,63.961477249015104,37.376126900058125,61.76273333671202,91.55657756489688,8.962940915860088,82.79337597240726,89.8940151667648,96.78591815813411,89.39717246292184,64.67544802501914,32.1448990198478,71.7487486783483,26.542765947193516,13.85480603215845,16.444064482690663,78.68758818548724,10.420623092910688,16.400122364874676,72.61901380720087,87.53599401349629,65.67904193769476,98.65518298932966,73.58796746462082,98.11132681325103,62.7658086140799,38.57759101883818,6.797942102317592,6.646425442125121,3.9536801005100273,30.168444341118146,73.48346135784982,1.0,6.975382297096161
111818,1,34,59,48,19,10,4,102,USA,65.29553093668954,19.243841141222532,89.86526647580195,86.41961753091277,6.015468011871036,66.19844583264802,83.22054561069058,67.78265424416804,12.562519840547253,72.10055176954745,98.04461905111657,23.643949523418712,40.31097559507873,99.52784010077323,4.737501861871692,20.62737789529018,19.907040067253604,4.968678807918806,34.79835408249858,1.0,23.78808931319972,99.64991170976748,61.15337443158933,99.60765246078483,86.96632865979723,88.09947126256975,94.62054579848518,99.0,97.62868473075207,99.0,75.63332256004708,78.80054278806642,99.17350952235233,26.059328894242867,99.0
9913,2,41,49,0,18,22,1,101,USA,35.19709575600143,4.849929977967491,48.12729488399276,47.70466906821406,20.508511603777947,61.101068989654436,71.63636970116852,79.54868014044939,56.97016483628056,62.034618989035664,72.33000753722172,88.64046967681088,68.46322926279544,80.57148528841765,14.186979273334174,8.194386905717607,14.002342391831263,72.34611144766149,73.28474665502551,8.427652382206134,1.0,59.37446596097516,47.596179817294626,76.22732636636681,29.452900831051807,62.94967134706582,65.69238152771845,53.95060925674363,86.25299947464043,81.08909424315777,84.11426570792503,83.17396400423456,76.67913134796015,94.13055647783642,48.576617450646324
143142,1,23,20,49,16,16,11,102,Canada,89.5000825491984,79.88105043362498,68.9285864716831,98.92913074556043,51.07837601973398,75.896469460812,76.0272500337062,32.65283474222545,39.4575626880914,10.075946317748162,75.28209110360444,33.2971634767795,14.2706461653477,71.7487486783483,68.76478672424895,74.87692820914225,70.12165053195866,82.51494454378076,10.420623092910688,41.60700518705539,88.7050654558816,28.729818987827286,3.329479665443344,65.3435195458141,68.50084497134463,76.10995412150169,1.0,43.73447948589535,67.3260311456894,80.77786188366656,87.61626691846152,58.67589879495944,24.042900881524474,30.49117442662336,86.43989593768629
291600,2,18,7,44,14,6,8,109,USA,41.14506162258914,62.7658086140799,40.6838208567944,74.22680595634887,6.169520740884394,30.433837038828756,54.935651382447816,68.5344066868521,40.23918650456716,91.86904674501659,38.816119411727584,73.53125052946376,67.45616643435892,49.0756605725677,62.1917691409206,63.253774141245344,35.863114210481,82.5422801540393,34.352882342751116,54.33520075618111,79.22231631654597,26.856379569949326,6.227228561319436,53.49797160417478,47.263624580874534,29.489405286236234,30.63992438136114,47.87586579427381,79.47399736177886,91.4785362151789,73.39148854164074,64.98860679804358,51.84839431971352,92.82346852083447,74.31609562768182
114044,1,17,18,55,18,22,4,102,USA,48.98685550916042,41.661395976928816,68.4116241520884,74.63236042239402,11.895130375973594,90.83746284151164,12.26995716200264,99.0,48.09386819209789,99.0,87.29220356230667,99.65529838732857,99.0,99.37009696661096,7.192308219868849,1.0,1.0,73.21175121452501,99.0,4.252920993192731,1.0,13.27750583130512,1.0,51.59328961075215,21.90870165318364,8.962940915860145,59.47192606071229,27.7341865131485,91.82365056326512,97.22106987591201,93.71705502640737,99.18713026962064,90.26076465827953,1.0,60.65892388614958
245755,1,24,12,13,22,12,1,107,Panama,79.68512546153556,65.40796685857111,11.481853327685542,73.55834364977648,85.3108077081198,84.49314686490402,89.41168157878826,66.69139207970102,80.9158733380425,49.99999999999858,57.946348166777,74.50142217039121,86.9295000701353,20.62241428251221,90.13409891106937,82.19946571129663,77.90615917089269,94.59131117331833,88.81595604155018,69.21080137353118,67.93474740485391,43.7573217524037,65.67904193769476,48.88792965914092,52.223645153743746,71.5236105989706,5.379454201511749,38.57759101883818,35.65433162575607,47.33197466719491,53.823398285471114,33.57488279193916,32.54383356563801,44.64654924803892,20.178564309796258
328412,1,22,9,25,6,28,1,111,Russian Fed,46.790959717020144,49.46078375067634,15.142455099184048,42.58820505516337,25.158187457547825,71.15813214473707,79.73389095000289,1.0,5.302878311419761,1.0,1.0,5.368564900396208,6.384274908266107,1.0,7.515346726796608,3.890549688866855,16.444064482690663,7.341158704576031,14.454226894048105,46.256957089828006,23.78808931319972,17.623172961975456,33.429732576898715,17.983638162857602,5.750230951583532,71.5236105989706,85.20819150822626,1.0,50.183921557856365,26.016015886155145,42.373390311879234,81.7480775831524,64.78278589337833,30.49117442662336,47.11585655441377
55079,2,18,57,5,22,20,5,101,Saudi Arabi,1.0,1.0,1.0,1.0,21.671423710050647,1.0,14.16905281531848,8.182238780470414,34.29014070741786,16.135186567182956,1.0,12.660403857158286,20.67268965707339,26.799440190550882,56.18830886320245,42.48922806090303,62.64068640317316,67.24885676861538,28.417645382477644,67.04630895707658,50.50840487755136,2.3447617909243093,4.023358416570673,5.0609644424642255,6.434313090642604,47.65939602551936,10.313414471076555,4.878981883811036,3.757033199153298,12.51925154915159,15.053531811709632,11.039189487614777,8.067620121993713,23.966802620214708,5.3028783114198745
139135,2,17,4,22,1,18,10,102,USA,28.47814346475522,37.234191385917086,34.61916573918188,74.22680595634887,42.68003802225007,25.882551149099697,7.821504501229896,77.76846692547701,70.31730040788568,79.81194919210759,78.58858792556782,54.063262499480516,71.58235461751946,67.23807905407995,54.16463444250638,59.164320907627484,35.863114210481,58.746642970756454,59.48073062366848,41.3590478943986,70.30114211772138,84.09339570621592,64.70990500369106,75.67701117574552,73.74048971379887,66.12530199496246,86.98840586106246,82.4708482798892,35.93764208945419,44.15565888771181,28.017660032449186,64.98860679804358,33.637604863282434,23.966802620214708,47.19168211406509
297132,1,19,54,31,14,22,10,109,USA,81.99458354121919,81.23921667726131,77.51836932816263,29.13517763775053,51.6679506587941,80.09800138568346,95.28414707501008,20.93822827167969,18.61184945230545,1.0,61.37045033015977,33.2971634767795,23.678321390588252,60.31294690391934,1.0,1.0,1.0,2.151390653336037,8.465409395080087,37.38249279015383,1.0,43.53409043515359,1.0,92.16196389768993,4.278205004128083,82.48283497451916,99.6744251127543,10.536600056763831,93.00008890993274,90.57410162984377,55.137203674949376,99.61615979975613,79.8214356902007,2.7568964400769715,99.0
158621,2,27,27,48,13,20,3,103,Netherlands,24.21885811538465,7.233315213337107,41.91533974070052,70.13473438320716,9.068460239733724,10.636437729519969,75.85958331893107,15.399601452388225,1.0,41.24825991472602,21.90870165318364,53.441633783084455,55.989958694574455,1.0,80.30373266323295,70.92998286223917,76.00485587797846,76.59096398990584,43.98116094104404,65.28896729696976,91.03705908413644,49.578001819627275,92.76668478665965,58.701033451356636,24.056666816970278,57.8214434189569,24.565864920511927,26.569667184096602,61.038941293581615,46.8080809597364,31.027056149688406,55.668082219914254,44.78883368500453,85.08412333851334,90.17368850612843
273534,2,19,50,43,16,3,10,108,USA,47.743186278867086,27.54053586276666,1.0,74.22680595634887,75.42677453203078,59.96455073421714,73.80819408488429,76.79078762978202,85.63451242578503,68.46322926279544,33.104268824151234,94.96954883236674,58.854938377407905,67.23807905407995,54.16463444250638,50.83735048134031,62.64068640317316,82.5422801540393,71.58235461751946,28.91298435439026,21.62407111251096,25.766528098552413,31.639846490353705,11.657982565176184,52.73637541912245,38.38945363702777,4.800686793161333,68.70258339069414,73.77299422698269,85.57837300622441,83.1835362374826,46.66577108930471,29.316092305772713,89.55586279109923,85.68113180055286
332946,2,20,39,24,9,27,3,111,USA,22.620238869462952,14.79180849177061,59.316179143202476,69.25100862044388,17.11734969494421,21.55810182641281,17.88661623946294,48.278263343606795,64.53469706952234,51.71482449908609,68.01434649002357,33.98932842133539,54.44332608373179,26.799440190550882,52.134749074816796,34.3314735878171,47.29334144891749,20.99081604949606,12.923435234695575,93.59987873933267,86.98840586106246,81.25069600859786,69.25788961302214,53.49797160417478,82.88265030505272,86.01734838160507,83.27341643809916,53.185121557385685,63.145702651018894,82.18204355948444,18.03168615767558,42.977345193462895,88.5226331939582,89.55586279109923,61.15337443158933
164104,2,14,49,49,12,31,4,103,USA,53.05256013976634,47.42212440251018,23.23512349102603,47.810544909075986,59.55017917542108,89.60055360530589,35.36705841812295,94.2497690484131,85.63451242578503,79.81194919210759,73.45557273577765,92.39851927298366,94.2497690484131,79.56525799826431,36.035639670424416,50.83735048134031,47.29334144891749,17.457719845957683,46.82434645388838,41.3590478943986,35.44845706311651,48.043672167639386,45.676489579080624,89.10644890369588,63.53406225256617,38.38945363702777,26.016015886155145,32.29361888896099,13.94251618300487,31.065236237279777,15.053531811709632,11.039189487614777,51.84839431971352,39.50535605806317,5.3028783114198745
244633,2,19,48,2,21,22,0,107,UK,29.695360743129214,67.6991349370075,65.3808342608151,26.74848719592285,21.671423710050647,25.882551149099697,17.88661623946294,20.318415535443876,40.23918650456716,5.441180697799297,44.67079951304356,29.2312123443686,24.450026149603673,39.89486403050779,51.1184240765495,55.01669969009657,58.854938377407905,45.61140169131329,12.923435234695575,54.33520075618111,70.30114211772138,54.15383610184341,55.28135202338723,53.49797160417478,52.73637541912245,38.38945363702777,74.88244503141595,42.58820505516337,29.66762060521779,31.065236237279777,24.53529762125993,11.039189487614777,65.48158958671098,76.99047717112194,29.059420566627125
74351,2,21,4,10,1,20,8,101,USA,11.845142514417375,7.233315213337107,10.10598483323173,16.239754440940516,6.14410493977671,26.468749470533226,79.86341080358977,8.9866184332856,1.0,18.42776043837648,27.66999246277524,25.710640422264248,34.78467417757349,13.513620199922286,19.332934092860626,17.11734969494421,23.9951441220185,44.24036830069821,49.99999999999858,25.45049056170572,13.678416211778597,41.179729089046816,33.453751050166034,46.256957089828006,35.1258481984101,14.378524128681903,94.11982515853401,37.13891197395856,88.25024609414902,84.60948438918092,74.12755151230016,88.5842256885278,84.3242218657266,49.51248786451873,95.24464839547647
202088,2,26,43,34,17,15,5,104,Canada,42.9828288882137,42.80857461825059,54.36555360329919,30.92981159264579,66.19844583264802,56.08731942361942,25.80553116473422,56.31434375436572,69.241915284083,37.15180008304583,72.33000753722172,70.13473438320716,30.736721929339495,63.026088336460134,72.58720034524305,49.56063603396092,76.00485587797846,58.61780956927589,67.74027334454553,84.9464681882871,56.175137629626704,49.578001819627275,38.0810749182985,46.256957089828006,80.98379288575211,5.009971493021538,87.88726300699477,48.305582994432655,38.96105870641554,29.147485055433123,80.97280035630354,59.414221282929645,22.510403978694114,30.49117442662336,21.709330571400272
12058,1,18,48,15,13,27,1,101,USA,18.405319880038746,4.773994014270755,19.94284710093362,39.08901951515952,57.20631330942837,1.967525762914235,65.34351954581427,20.93822827167969,35.57062646454057,52.31022614794256,5.038329650532759,28.357182624091593,40.269335632185744,14.525865828672977,73.48346135784976,89.48518672399871,42.82463416453311,73.21175121452501,39.89486403050768,59.1795906710056,91.13614225019523,41.01979665938319,57.003317221551015,21.389234492588685,36.66643893113121,43.82486237037028,49.49875553694591,54.3751261218614,82.38657002488117,72.78553401282983,98.55360443767665,45.36397585546422,67.00192895808408,89.55586279109923,60.65892388614958
126419,2,19,8,50,22,26,7,102,USA,15.211608590230156,1.0,28.773707088354342,42.36174007540245,42.68003802225007,25.882551149099697,26.19180591511258,54.01420609753404,46.32138626874536,64.3925588198357,38.816119411727584,59.105415786523,54.44332608373179,49.0756605725677,70.8620796868185,67.25861939826268,83.18027635575788,41.253357029240476,77.19398147516756,62.88780464148539,60.60359954468936,59.00559432491707,64.70990500369106,64.95948197352692,47.263624580874534,47.65939602551936,60.60359954468936,53.185121557385685,47.154274098766564,53.15156358542765,46.873144753778206,46.66577108930471,47.22811985829236,61.58199982530522,47.19168211406509
214136,2,20,22,43,14,2,2,105,USA,90.69217234000394,85.20819150822626,81.90890646608625,47.810544909075986,70.35319944682698,95.0737403120877,85.83094718467828,82.43748245483914,98.2124738922015,5.441180697799297,38.816119411727584,97.02931141361341,96.21941950767757,89.71574307109427,20.442341740747082,16.158046790869236,4.174789106715124,54.388598308683754,82.38953820086851,4.36197423216953,45.430036846224084,57.798321565324215,15.299157425058581,11.657982565176184,82.88265030505272,42.99668277844631,79.22231631654597,95.58814230780956,1.0,1.0,1.0,39.32378978437407,2.0528534047376468,1.0,1.0
114731,1,17,7,45,13,26,4,102,Canada,87.58472557510277,67.45616643435892,77.51836932816263,54.704020423288796,90.25150381446599,84.02866242798461,81.1347120021669,28.40372126968714,48.09386819209789,29.74146806834574,43.382320882034605,43.64141819818519,27.610421178598017,22.32598403303976,88.96503421172144,86.49926786234823,83.79928255838342,85.05514464138969,76.65001635485646,79.3726221047068,71.8673250198251,47.33197466719491,82.5198013532862,72.12523512955323,68.4693093138481,6.132518188783962,10.08398108004559,59.797915543157785,40.25362878569723,41.258983812307235,26.05410933084437,49.22635620042763,20.971115789764326,89.55586279109923,32.81043085041472
225229,2,39,8,18,8,12,10,105,USA,17.63266108200014,33.453751050166034,10.10598483323173,47.70466906821406,1.0,31.1132506634697,79.86341080358977,1.0,1.0,5.057819312966302,21.90870165318364,1.0,5.441180697799297,7.387219948164201,1.9853789892510463,5.857618735287204,8.552307569892605,17.865663527580637,1.0,42.72307250299582,2.673062899277184,21.652703151403728,2.927353568968698,1.0,40.99644796096635,47.38424542522603,29.328766576388233,88.55650798049987,99.67226303543077,97.26716548478191,70.4714220996438,99.0,87.70991929816626,94.13055647783642,99.0
265952,2,19,15,35,15,5,3,108,USA,1.0,42.291087082205365,1.0,42.36174007540245,17.11734969494421,1.0,14.16905281531848,85.04376536305949,52.45351877055924,99.67470996112456,33.104268824151234,77.94852195433975,98.8901688239149,39.89486403050779,28.39449260468919,26.575607003584423,15.648820633267945,28.66808138882041,71.58235461751946,37.1121953585116,40.39427439640821,68.43288740399521,31.639846490353705,47.66706510853851,58.17956328876022,70.51059471376072,98.92759189402409,37.376126900058125,79.47399736177886,88.68818169815381,62.39709853642091,50.37071458413487,97.67097823174231,50.55606614092534,88.89737441320062
70725,2,22,9,46,11,15,7,101,USA,44.30101977490665,33.453751050166034,72.36136535016311,12.124301089074606,25.0308986798388,45.936737500516585,87.05895219246986,59.8538702911282,56.97016483628056,49.58131153933135,53.29311963406161,64.72479717011902,64.3925588198357,53.41024752405781,65.26968896715852,66.8333246469353,35.53468542443608,53.844028635023164,94.68223656109421,25.45049056170572,91.03705908413644,68.84175466057837,33.453751050166034,52.496530987935046,75.94333318302654,57.8214434189569,44.69722274408724,98.75950003467142,22.044487307329376,14.059962345009183,17.11734969494421,16.82603599576234,68.12570526155298,30.49117442662336,39.164121453558494
112586,1,19,25,3,21,14,4,102,UK,50.253300758935325,46.8616625569893,53.55618312890812,54.704020423288796,57.20631330942837,23.257757659384367,65.34351954581427,28.40372126968714,29.581762687260635,43.08710500282825,31.693301589254332,11.404612333522465,49.11031994197003,40.658217719685524,90.28154724750141,97.90863147424102,98.45896760865685,73.21175121452501,39.89486403050768,86.1451939678384,57.493261250278636,61.22527547044467,82.5198013532862,67.20549961186697,73.40738137626522,59.236015459794885,49.49875553694591,10.536600056763831,78.95240758070531,64.1514006211413,93.71705502640737,53.09290701174194,29.407928035052407,98.9965433323888,76.40694272791006
1042,2,31,24,7,14,2,1,101,Finland,89.3708398999762,83.25237944960452,48.12729488399276,95.05909897483161,71.15813214473707,79.64120213339004,79.86341080358977,2.030116182693007,20.67268965707339,9.551783999317706,4.535059067241605,36.380627243456786,13.024359851372537,1.0,95.41691155597346,66.8333246469353,97.27619531197854,80.6034086023285,43.98116094104404,99.67349385417879,91.03705908413644,37.05233351832487,42.80857461825059,22.701518884824225,46.98563916064137,14.378524128681903,49.99999999999858,75.42677453203078,88.88743161705031,60.42477581553817,97.52572732097963,88.5842256885278,35.48102721108222,97.95626338386808,83.6093633598631
178915,2,16,38,14,19,11,9,103,UK,76.9265725792942,85.20819150822626,53.12000614551897,17.54187933309808,80.19514273855225,64.83340781780561,94.72147410597472,1.0,23.124395931777997,1.0,17.57742842669819,24.67192231445489,3.780580492318947,18.93461870143412,47.05274536720049,16.158046790869236,58.854938377407905,20.99081604949606,34.352882342751116,97.2933305083734,45.430036846224084,29.074168654481383,6.227228561319436,8.059019570939455,36.46593774743093,29.489405286236234,86.98840586106246,53.185121557385685,54.73877103055514,31.065236237279777,50.78214475861802,61.40112178490722,51.84839431971352,92.82346852083447,47.19168211406509
277260,2,25,10,44,13,15,0,109,USA,91.78592354433022,71.03332665341549,87.43748015944948,92.14274646283457,84.49314686490402,93.48525340387232,48.576617450646324,89.23888538147537,89.6062228543542,66.06762283826549,88.11866088490251,84.6203993462982,83.21243289066717,72.19114017691345,95.8947367768485,88.55650798049987,97.27619531197854,80.6034086023285,73.28474665502551,81.45293791536483,87.75190106309344,68.84175466057837,79.42646223603026,70.65410972728665,75.94333318302654,67.94879774837898,24.565864920511927,53.95060925674363,5.15363802548481,25.048837768764088,20.33982698209911,3.4494706658276755,1.0,39.82652432314637,14.282856410831698
296030,1,18,36,1,14,11,10,109,USA,51.51959964643771,41.661395976928816,68.4116241520884,49.47664252260131,46.11100570929818,1.0,98.39096100453526,1.0,9.602088838966921,2.1885368211965925,1.0,19.2114517347637,40.269335632185744,1.0,48.335299623500646,24.838748627111585,66.51034893630327,49.99999999999858,39.89486403050768,89.12969944645124,12.037111494748785,11.546089615806096,10.799514522117988,9.712717615729161,21.90870165318364,2.033589613910209,96.90713480562715,4.610299190963303,98.92667072812264,64.1514006211413,99.0,99.18713026962064,43.28529155118588,99.0,76.40694272791006
199198,2,44,33,11,22,21,3,104,USA,53.58268096401116,52.403820182702646,41.91533974070052,88.64046967681088,55.830976460441036,40.894584213473934,34.571415401094725,85.99263405999045,63.20312309096943,84.15710265842984,66.20780177702142,30.92981159264579,79.81194919210759,99.61912265989758,11.849344273167873,70.92998286223917,17.11734969494421,1.8771889975362797,38.04138284016847,8.427652382206134,10.225203842964703,70.14729967836013,42.80857461825059,52.496530987935046,59.00355203903064,85.62147587131506,91.24648810278018,37.13891197395856,76.30498513107261,90.76405995088896,58.854938377407905,94.96460451351959,40.094517212998085,44.64654924803892,75.85958331893107
122350,1,22,36,57,2,23,6,102,USA,76.30435748423997,79.88105043362498,78.23795352732941,47.87586579427381,66.94677104914928,12.47330482372206,97.80975799672922,35.959909624845466,22.171947493611015,45.44302405066958,17.593372748471154,38.409904521478666,40.31097559507873,67.22611925578326,62.378035374928515,58.313084197575165,84.87183008061447,13.27157339255723,23.934694948060837,97.6332149299792,53.04877238159048,55.46536009609389,78.35350300402342,27.409635915245588,46.66577108930471,71.5236105989706,37.234191385917086,54.18252200787731,43.76133550397299,30.050868353950648,24.36667743994991,23.662653344441537,77.5637764425644,77.33488278773791,51.923296568158094
319423,2,28,58,54,1,30,9,110,USA,46.94743986023093,71.03332665341549,72.36136535016311,36.380627243456786,20.508511603777947,17.908775923854762,71.63636970116852,61.02434518925406,89.6062228543542,1.9493102434503982,66.20780177702142,75.29940096995824,64.3925588198357,80.57148528841765,34.30122259976932,49.56063603396092,11.138515019251571,90.8455915333858,43.98116094104404,8.427652382206134,40.7639845402021,59.37446596097516,83.25237944960452,58.701033451356636,75.94333318302654,52.615754574771245,12.112736993001931,53.95060925674363,5.15363802548481,14.059962345009183,8.80329369768259,22.97917678602758,8.682797163853309,35.09415280946621,1.0
67573,1,25,21,45,19,26,6,101,USA,72.76363999186668,49.46078375067634,53.66061046757994,47.87586579427381,66.94677104914928,66.19844583264802,92.0550555929741,68.86519140511643,85.68113180055275,20.017286690563964,80.45593114895769,64.67544802501914,52.964175030515435,87.50184206961114,38.056114105768984,49.56063603396092,48.68203031647215,56.62565795263481,40.56094673416658,32.54383356563801,19.5298787259662,55.46536009609389,29.059420566627125,32.54383356563801,68.50084497134463,84.44731220264532,37.234191385917086,69.4156405997457,26.25321003760584,26.016015886155145,27.76615118607495,44.20134574873799,46.256957089828006,21.84035593194926,20.178564309796258
289571,2,23,25,30,21,10,7,109,USA,64.03676662779884,66.54624894983101,48.12729488399276,41.99495664515888,80.35947022086873,31.1132506634697,79.86341080358977,49.16405435112665,20.67268965707339,25.45996442274705,72.33000753722172,36.380627243456786,43.158876559428165,93.64238429658258,7.713572662086477,13.85480603215845,17.11734969494421,1.0,21.487023866808073,33.840423460596384,35.73896974224084,91.82942170262857,42.80857461825059,90.28154724750141,35.1258481984101,92.3405498933381,99.0,80.19514273855225,54.346954409002365,69.1661111306675,20.33982698209911,77.02082321396949,93.41517453375116,7.927984176145856,53.319429804707454
324972,1,46,50,0,13,23,0,111,China,61.414726611286994,3.019669333842657,68.9285864716831,78.16576113284259,81.1885734906025,66.19844583264802,55.263629249518715,97.33751573000495,80.9158733380425,59.079735499801416,69.75039977186134,97.89506570647995,97.77679069619751,99.64275513094503,80.50106903960307,91.29658428621372,61.76273333671202,61.29976780711877,84.67710944081546,46.256957089828006,85.1758837078429,60.616367792114204,85.68113180055286,75.54997385039337,78.40254957459194,26.61357931938892,32.30086506298957,38.57759101883818,20.720145174680965,26.016015886155145,34.90827568636843,23.662653344441537,41.60700518705539,7.927984176145856,28.527221823082982
128216,1,24,27,53,10,9,8,102,USA,99.57098579107947,75.31460959442984,92.91134497975429,89.95808132590957,66.94677104914928,91.55657756489688,99.26604590433521,68.86519140511643,70.07894547098209,27.89944823044962,80.45593114895769,69.69101146171175,69.4387851150434,71.7487486783483,42.43986603950128,45.17371817583938,53.073836758051584,33.216619884933806,58.269695887561284,12.993014428773478,72.61901380720087,81.76278994088227,82.15417819623713,70.5644345908944,73.58796746462082,41.27219492504753,37.234191385917086,99.55682733966546,68.19126810078166,69.12364029909389,42.373390311879234,58.67589879495944,91.22179970998468,73.06999613385693,51.923296568158094
305702,1,60,55,1,12,7,2,110,USA,65.29553093668954,28.5405116565955,23.542947406190677,47.87586579427381,98.69267840476323,84.49314686490402,59.61189674467573,81.89134079507176,93.46684484996422,36.46593774743093,75.28209110360444,83.29083516369599,83.85324876846573,71.7487486783483,72.85722058736661,74.87692820914225,61.76273333671202,86.05748381699186,69.674603705643,20.095747650381668,85.1758837078429,90.8814931201506,94.2497690484131,80.238196328105,96.21941950767757,88.09947126256975,27.54053586276666,74.16973230320127,1.0,1.0,1.0,7.84411282770229,2.9895442538276598,26.059328894242867,4.636274779390959
229333,2,74,14,9,7,17,1,106,USA,66.57689870436599,79.42646223603026,72.36136535016311,47.70466906821406,71.15813214473707,83.66082146415988,14.282856410831698,98.74855674049854,89.6062228543542,69.99751071601315,95.46494093275498,95.05909897483161,99.44341442676227,87.83320591397387,22.113728484197622,20.62737789529018,11.138515019251571,30.29568662558205,43.98116094104404,11.243697957803903,80.01509013648229,95.38875234960653,79.42646223603026,86.12872371318815,85.58941731904213,92.3405498933381,55.302777255909916,94.9177941025722,12.40143831567255,25.048837768764088,3.019669333842714,3.4494706658276755,58.97185396875591,35.09415280946621,25.80553116473422
91828,1,23,26,44,15,22,0,102,USA,52.1400963820322,94.2497690484131,11.481853327685542,32.29361888896099,51.07837601973398,71.15813214473707,46.48765477801305,78.1237047984855,85.68113180055275,67.88573980876623,75.28209110360444,83.29083516369599,73.30402866692373,43.19382167571155,80.50106903960307,62.61750720984338,65.99871618056824,92.134155927042,64.06235791054291,97.6332149299792,33.024071419858416,26.375694242845015,88.89737441320062,48.88792965914092,30.46290046715066,2.8476359760487355,27.54053586276666,11.829477806808967,23.04024790577202,18.510816413584024,49.99999999999858,17.681323668604676,24.042900881524474,59.21514729374104,9.739235341717233
120275,2,26,28,47,0,8,6,102,Singapore,1.0,38.0810749182985,1.0,8.513015135789828,9.068460239733724,1.0,48.576617450646324,1.0,1.0,15.219684361003004,2.125121370446294,1.0,23.061104035291663,13.513620199922286,33.23363959699367,45.17371817583938,64.46531457556108,21.773925274910596,21.487023866808073,33.840423460596384,35.73896974224084,9.328451751646412,10.037438942349667,12.993014428773478,6.8200834549964355,32.05120225161804,55.302777255909916,17.11734969494421,64.78766991412851,46.8080809597364,46.766679265890104,63.11148672055191,72.49671585319584,54.38260045296113,87.05895219246986
98542,2,29,53,26,3,4,2,102,New Zealand,37.76320934582037,52.403820182702646,29.92105452901481,20.791244461849743,66.19844583264802,70.76878765562856,14.282856410831698,87.65907828126547,98.3101684487608,37.15180008304583,78.09129834681323,84.6203993462982,94.14497980466729,72.19114017691345,97.88525390503764,85.51395057332343,95.68148758840823,80.6034086023285,91.50959199298825,95.70424778762697,80.01509013648229,75.21206109473832,95.15007002202924,52.496530987935046,64.87415180158689,81.65516168436488,29.328766576388233,59.55017917542108,1.0,2.1550420242131025,6.5624904528720975,11.41577431146905,1.0,10.878069661841323,1.0
278094,2,17,18,58,13,27,0,109,USA,16.20410265008948,32.30086506298957,40.6838208567944,26.74848719592285,21.671423710050647,4.926259687908782,40.17220037646791,38.05085706831778,34.29014070741786,60.225336049293276,68.01434649002357,43.91268057637768,32.54383356563801,15.368546958100552,60.204905942650214,50.83735048134031,76.88702824078518,63.04358033960449,34.352882342751116,41.3590478943986,70.30114211772138,68.43288740399521,50.48092431787023,70.44701254587068,47.263624580874534,86.01734838160507,70.30114211772138,47.87586579427381,35.93764208945419,66.39018662627882,28.017660032449186,22.221421111983574,51.84839431971352,50.55606614092534,37.933206440742254
297041,2,18,43,25,19,20,10,109,USA,46.41731903598611,62.7658086140799,40.6838208567944,31.77158528160487,65.03935511670318,13.771182135799876,73.80819408488429,48.278263343606795,58.55236278061574,47.4283312062351,44.67079951304356,48.983237584427684,49.99999999999858,44.463922165544204,59.205547433731795,71.1524166859918,69.9848920385781,24.737787779321025,34.352882342751116,62.88780464148539,70.30114211772138,57.798321565324215,45.676489579080624,41.86477327317664,68.74074637331933,66.12530199496246,60.60359954468936,47.87586579427381,26.227005773014127,35.331007974480485,21.19945721193062,28.75587535527049,42.62918553286505,23.966802620214708,51.87270511600451
100784,1,14,0,53,11,16,2,102,Australia,83.94539128325437,81.23921667726131,81.69065865934795,69.90073238460064,73.09049750610438,66.74538267752837,69.53709953284641,34.10917052819016,23.898017006741725,25.56560193899287,67.1714764496063,38.409904521478666,57.97667528380009,22.32598403303976,60.74625296338172,28.82365187556678,73.87736666989514,64.24761339053771,52.54107759706261,67.66316674443084,57.493261250278636,66.13166784723387,61.61054636296922,35.83531319762784,58.05661555062329,48.968503766757806,78.02095385526434,79.83354698615312,93.00008890993274,76.84829742141653,79.10572652846167,92.2265643642063,90.26076465827953,85.78653499209838,76.40694272791006
111222,1,55,18,25,6,8,4,102,Australia,27.477524384954393,19.243841141222532,53.66061046757994,14.33903948472684,35.108318953570915,34.81530240400832,55.263629249518715,71.00186778562642,70.07894547098209,49.99999999999858,57.946348166777,64.67544802501914,83.85324876846573,62.553226842568904,60.19896459797957,53.95060925674363,70.12165053195866,74.61390353739301,40.56094673416658,28.20459265453337,72.61901380720087,71.74550057943685,91.76591663041097,59.94916971135797,52.223645153743746,76.10995412150169,42.291087082205365,54.18252200787731,7.795776865804058,11.969716158754522,5.657455689244756,5.9282486571625554,12.993014428773478,54.38260045296113,16.380896680795246
202550,2,33,2,34,17,22,5,104,UK,36.47580823944185,20.573537763966584,19.084126661954485,30.92981159264579,39.96934393210995,56.08731942361942,75.85958331893107,65.643046315258,50.63550054933802,66.06762283826549,78.09129834681323,53.441633783084455,76.20132219233813,38.87170207648552,53.14163356651176,58.313084197575165,47.90708649651623,39.49062956608225,67.74027334454553,60.87159425496816,40.7639845402021,75.21206109473832,75.34008785972469,46.256957089828006,75.94333318302654,47.38424542522603,91.24648810278018,53.95060925674363,65.7130411782324,51.36864963094524,58.854938377407905,66.74032908262433,58.97185396875591,85.08412333851334,53.319429804707454
65975,1,41,17,23,23,22,6,101,USA,62.716897804165285,54.846168774782996,63.961477249015104,95.58814230780956,40.348835575312364,50.53116852032986,37.80945197566672,80.97280035630354,75.68591836594749,76.14428173605461,80.45593114895769,79.05269259105376,52.964175030515435,80.17625967302877,67.718919034203,70.92998286223917,35.683822142085546,82.51494454378076,46.4438168710891,41.60700518705539,91.82712720281188,52.86655318460737,78.35350300402342,48.88792965914092,78.40254957459194,22.12609129554656,37.234191385917086,43.73447948589535,41.03177063736115,47.33197466719491,75.63332256004708,51.45242388555505,20.095747650381668,26.059328894242867,28.527221823082982
187704,2,17,12,34,0,14,11,103,USA,7.469840816260671,23.002631534593064,1.0,69.25100862044388,1.0,35.16659218219144,26.19180591511258,97.12654093337324,46.32138626874536,99.0,83.3382186311095,89.36356227047679,89.20048547787871,86.63338107695051,4.62058822799662,13.115617267684058,12.866069764899407,14.16905281531848,46.82434645388838,1.0,13.725430869959183,34.81006046918327,22.99667203151691,64.95948197352692,6.434313090642604,78.74483379669266,40.39427439640821,27.39466858187575,98.83039257476173,97.6035405158982,95.25160469618959,91.68751759193776,96.00986929477745,72.08762914155761,99.59849265294349
279947,2,20,10,34,20,10,1,109,USA,13.300094165453658,3.2140818418625656,18.091093533910794,21.98554323401359,26.569667184096602,49.99999999999858,30.69242588388164,82.43748245483914,52.45351877055924,76.20132219233813,78.58858792556782,64.06235791054274,82.88265030505272,83.23803042156646,40.99474994514782,38.373334834597244,47.29334144891749,41.253357029240476,40.51926937632845,32.953691042920525,60.60359954468936,61.40485267302421,40.90811813974602,64.95948197352692,58.17956328876022,89.20048547787871,45.430036846224084,42.58820505516337,34.11849544706982,62.055254706882295,28.017660032449186,16.266918122059394,51.84839431971352,19.311718575472838,70.07894547098226
59006,2,19,1,58,10,5,6,101,Philippines,71.03661287024966,88.78225472418683,81.90890646608625,78.930623981037,42.68003802225007,78.44189817358415,14.16905281531848,73.7798081881059,80.9504293154099,89.26937941052824,62.34008261658903,73.53125052946376,58.854938377407905,35.40405306078168,91.29732103010758,74.90872601174459,86.04643655114467,99.44109324253793,59.48073062366848,88.49285544556074,65.52574711047504,33.643641356437456,55.28135202338723,47.66706510853851,73.74048971379887,7.967776761659081,21.62407111251096,37.376126900058125,77.08551834849004,82.18204355948444,83.1835362374826,54.073822790188274,33.637604863282434,99.63785082300456,74.31609562768182
167481,2,16,40,39,16,1,6,103,UK,2.731688067843578,8.063817929275558,1.0,4.1425430837941235,1.0,86.22881786419691,30.69242588388164,91.15048552760663,80.9504293154099,97.61205212583025,17.57742842669819,94.96954883236674,94.2497690484131,71.52971542119849,11.361686138395669,1.0,18.633839119656102,75.2622122206759,91.1626011391437,6.400121260663951,1.0,1.0,1.0,1.0,1.0,10.799514522117988,4.800686793161333,1.0,61.29976780711871,85.57837300622441,95.25160469618959,84.29098216856346,21.19945721193062,7.786941691750158,37.933206440742254
302555,1,25,32,23,5,4,1,110,Norway,73.96021344663552,28.5405116565955,58.85493837740813,22.733263538806,97.16847401524115,88.24351183291469,79.73389095000289,18.474125870092195,39.4575626880914,1.0,80.45593114895769,23.643949523418712,4.392887950635867,52.92361192269021,65.60337400410845,74.87692820914225,70.12165053195866,7.341158704576031,46.4438168710891,81.41475722390544,85.1758837078429,76.3694759768282,70.07894547098226,80.238196328105,63.20312309096943,91.34138000293683,76.99736846540372,19.60253669358994,36.54113986193403,30.050868353950648,9.892669062583508,9.994604431249229,84.99941429810258,73.06999613385693,56.71470844881128
53297,2,54,37,23,7,17,5,101,USA,20.83731279140534,42.80857461825059,60.5424373119057,59.13772006023231,9.068460239733724,61.101068989654436,1.0,85.12845697231535,63.20312309096943,94.55163964211795,78.09129834681323,75.29940096995824,51.71482449908609,84.36304352175205,9.686954498081462,5.857618735287204,27.705051260604677,63.31946390461832,26.715253344971444,17.82700499716219,1.0,13.978683649365962,24.65991214027227,12.993014428773478,14.410582680954661,14.378524128681903,79.92709893534379,9.301460576598942,88.88743161705031,87.84587842470967,97.52572732097963,85.98172945970623,30.986852474538694,99.55215657014026,48.576617450646324
33856,1,26,26,48,19,27,3,101,USA,1.0,1.0,1.0,58.46198478449537,45.69101423380141,1.0,29.473450015379456,87.03652229280965,51.87270511600434,67.88573980876623,85.18869867852766,93.58662019346582,97.77679069619751,52.92361192269021,85.63451242578503,66.8333246469353,90.7742340882254,70.33237939477914,97.59410191481129,88.28075826138559,33.024071419858416,34.8357917082036,33.429732576898715,54.44332608373185,30.46290046715066,7.487798406242291,76.99736846540372,43.73447948589535,52.02264407858047,51.77910640573515,78.89148812638973,47.82170921200657,20.095747650381668,54.38260045296113,51.923296568158094
203562,1,20,17,22,16,9,6,104,USA,71.1633185058468,72.29494873939228,53.55618312890812,97.77679069619751,57.20631330942837,87.62360535106382,12.26995716200264,89.53281188827782,87.94480997625533,56.91289499716851,87.29220356230667,79.05269259105376,82.19086429698166,86.18427994672345,57.67310615142742,46.00010268162191,31.23053179269928,54.802631573815574,86.63338107695051,41.68691580242188,84.40401259632893,53.68298588732165,66.12530199496246,9.712717615729161,68.4693093138481,78.30797746527924,34.68644351987399,59.797915543157785,24.31082836210541,45.84458055273865,50.857525840515905,20.195682365934147,29.407928035052407,39.50535605806317,4.09567426156363
169880,1,27,57,30,14,24,6,103,USA,17.324350097673886,19.243841141222532,33.038220660422525,37.376126900058125,61.76273333671202,6.14410493977671,21.7240780700497,22.266214105837975,12.562519840547253,20.017286690563964,17.593372748471154,38.409904521478666,40.31097559507873,43.19382167571155,36.97243108924903,40.8204093289915,31.512001956115284,42.433977689944925,14.454226894048105,69.21080137353118,42.903871202689004,37.34968608702212,42.532852754387704,54.44332608373185,41.14506162258914,51.547120780486466,72.45946413723033,1.7779210136593235,57.51505521690808,38.5265098022748,49.99999999999858,78.80054278806642,73.48346135784982,35.09415280946621,51.923296568158094
109241,1,14,3,6,17,27,3,102,USA,91.58174176711418,92.04776774279742,58.60425385782702,87.10244813778695,93.41133221080338,75.87698953756819,69.53709953284641,7.293299159459508,35.57062646454057,1.0,31.693301589254332,38.409904521478666,16.43571209969147,8.10044689153574,17.6017666139995,2.3594900124509195,20.63144947707113,31.190177032009785,8.465409395080087,29.07001713775793,71.8673250198251,46.063473687709006,42.99668277844631,56.885539292462795,52.69495166842427,38.740534273195976,21.13987954689776,75.19121993617478,83.21046521548669,59.65116442468491,75.45647859765882,49.22635620042763,93.02461770290074,85.78653499209838,89.29121192075786
13445,1,23,39,28,12,2,2,101,Denmark,54.809833445474396,33.56443166115514,63.961477249015104,10.714195593724298,51.07837601973398,50.53116852032986,94.35622876510081,59.99171505067375,45.63444639669791,27.89944823044962,80.45593114895769,43.64141819818519,52.964175030515435,90.64706074455307,1.9087487598961275,13.85480603215845,10.309452760825593,1.0,46.4438168710891,12.993014428773478,6.000161967967543,90.8814931201506,70.07894547098226,91.89955310846108,73.58796746462082,76.10995412150169,72.45946413723033,90.19094369537027,48.34497491992602,77.08551834849004,18.011841369873252,51.45242388555505,91.22179970998468,10.878069661841323,47.11585655441377
83322,1,22,21,22,0,25,10,101,USA,44.125363741346746,70.4714220996438,78.23795352732941,99.54914615913515,1.8374810467418143,12.47330482372206,14.805765312576852,6.266716796231194,12.562519840547253,10.075946317748162,63.944078383121166,11.404612333522465,8.712627306090496,4.729362029302351,39.14519931178552,36.531263140029694,44.299389968876426,56.62565795263481,14.454226894048105,55.608646060651324,42.903871202689004,83.77933948550105,47.19168211406509,97.0516221226593,90.59164364262006,4.903278732153709,99.36197777571101,82.88265030505272,98.40389153098522,90.31994505042348,92.35615236245212,87.13938827304457,97.6332149299792,96.29176126262075,92.50454448548237
185123,2,18,50,50,12,24,10,103,Canada,37.24726025607629,11.217745275809932,71.22629291164247,26.74848719592285,75.42677453203078,30.433837038828756,45.06434861754923,76.79078762978202,70.31730040788568,55.989958694574455,78.58858792556782,59.105415786523,75.54997385039349,79.56525799826431,82.17095238376044,85.0883262902704,86.04643655114467,63.04358033960449,59.48073062366848,62.88780464148539,83.27341643809916,88.42181349405791,73.64158585816887,92.59095325683506,90.48753652855896,94.47557225921162,60.60359954468936,47.87586579427381,2.714430379263405,12.51925154915159,12.286541527247522,2.1130323143696472,10.873983023952547,7.786941691750158,24.859259813697662
269627,2,44,55,4,2,11,5,108,China,5.685767248907965,20.573537763966584,60.5424373119057,41.99495664515888,29.81782479991668,1.0,5.635294664448608,97.83041669329612,69.241915284083,94.55163964211795,95.46494093275498,70.13473438320716,99.67470996112456,80.57148528841765,37.545361696160626,78.64360704103217,14.002342391831263,25.93062308515377,73.28474665502551,8.427652382206134,66.23505277541807,35.69384770455139,47.596179817294626,70.65410972728665,53.01436083935573,57.8214434189569,39.44843304817931,1.0,35.21233008586836,55.91895338249731,66.6913920797009,16.82603599576234,49.525487831820726,10.878069661841323,43.8453517351694
198279,2,27,40,0,0,13,3,104,Malaysia,3.394972836704426,13.22223083227749,10.10598483323173,36.380627243456786,12.47330482372206,1.0,48.576617450646324,1.0,1.0,21.85000045652049,1.0,1.0,1.0,38.87170207648552,44.17401957186058,66.8333246469353,93.72983996355435,1.8771889975362797,1.0,77.70620629091718,56.175137629626704,7.6950619087282774,42.80857461825059,1.0,14.410582680954661,37.050328652931285,24.565864920511927,6.169520740884394,96.84468413205752,87.84587842470967,70.4714220996438,55.668082219914254,99.66302100536552,99.55215657014026,99.37747445535263
80314,2,17,44,48,11,5,10,101,USA,63.5241917605552,76.99736846540372,65.3808342608151,69.25100862044388,65.03935511670318,35.16659218219144,45.06434861754923,32.54383356563801,70.31730040788568,64.3925588198357,22.40974990335252,29.2312123443686,17.11734969494421,26.799440190550882,76.2997378420655,71.1524166859918,69.9848920385781,82.5422801540393,34.352882342751116,74.9804753003109,74.88244503141595,60.207991004079815,50.48092431787023,59.28595610939959,63.53406225256617,70.51059471376072,70.30114211772138,27.39466858187575,60.37110404346686,62.055254706882295,42.9813826315102,61.40112178490722,33.637604863282434,92.82346852083447,70.07894547098226
40583,1,23,56,24,1,15,4,101,USA,5.428954957330262,8.023942742092885,3.278312869826877,18.363391319755294,8.962940915860145,16.304651131737984,59.61189674467573,69.93844782983876,39.4575626880914,98.22920181167797,75.28209110360444,5.368564900396208,57.18008180471179,90.64706074455307,6.333480114643791,36.531263140029694,16.444064482690663,1.0,10.420623092910688,16.400122364874676,19.5298787259662,74.0881334027045,51.87270511600451,75.54997385039337,41.14506162258914,91.34138000293683,85.20819150822626,43.73447948589535,37.43209426642454,47.33197466719491,38.61055267488479,51.45242388555505,55.608646060651324,7.927984176145856,42.33245874030621
32377,1,16,56,50,12,24,3,101,USA,64.0135400967871,67.45616643435892,58.60425385782702,59.88492177432994,40.597419457146316,42.010938364274864,81.1347120021669,10.158410429339739,13.81572005327331,52.31022614794256,1.0,54.24481320760782,44.67079951304356,1.0,72.54930143537888,46.00010268162191,70.25374326944495,77.41332779742356,81.89134079507176,82.88265030505272,42.50673874971841,5.0886929651009325,57.003317221551015,1.0,4.278205004128083,6.132518188783962,13.416927768190646,38.059457108195716,98.70686964835681,87.59257177827021,93.71705502640737,92.2265643642063,67.00192895808408,95.52741118509812,99.45523691340077
198284,2,17,9,33,1,13,3,104,Australia,80.2516840319571,88.78225472418683,59.316179143202476,78.930623981037,9.301460576598942,78.44189817358415,94.72147410597472,1.0,1.0,1.0,1.0,9.369813365583099,13.81572005327331,1.0,14.898527423199539,1.0,15.648820633267945,41.253357029240476,34.352882342751116,82.20785588117974,1.0,1.0,1.0,1.0,1.0,7.967776761659081,4.800686793161333,1.0,99.52784010077323,85.57837300622441,95.25160469618959,99.0,56.4544420238056,98.9965433323888,99.0
32226,2,26,45,45,1,24,3,101,USA,26.560248486689005,1.0,54.36555360329919,75.29940096995824,6.14410493977671,31.1132506634697,67.23225874558347,22.04284529347251,15.669449792360979,57.92493916101165,16.61144435151772,1.0,34.78467417757349,48.53763055243792,47.531012923146136,40.8204093289915,72.29494873939228,49.03819143458776,32.25972665545132,60.87159425496816,26.153560990154347,60.755110706404594,20.573537763966584,46.256957089828006,70.54709916894535,47.38424542522603,75.43413507948515,84.5933664326293,77.13505472270435,69.1661111306675,66.6913920797009,70.28119891898956,68.12570526155298,81.35350509583145,75.85958331893107
24753,2,22,24,57,9,3,3,101,USA,66.57689870436599,42.80857461825059,54.36555360329919,53.441633783084455,55.830976460441036,93.48525340387232,58.035300002071665,94.59357019652077,93.2872842997682,77.4421785863118,53.29311963406161,88.64046967681088,96.0687808460741,87.83320591397387,67.40322383623425,58.313084197575165,76.00485587797846,76.59096398990584,99.46671902560502,25.45049056170572,21.69202253471761,1.0,20.573537763966584,8.962940915860088,14.410582680954661,14.378524128681903,8.753511897216725,1.7823386851823528,34.28695882176464,33.40694941671984,66.6913920797009,22.97917678602758,54.26599085816497,26.059328894242867,30.105722373059507
77427,2,20,16,39,3,15,9,101,Australia,8.989270586511623,3.2140818418625656,1.0,47.810544909075986,59.55017917542108,30.433837038828756,21.90870165318364,91.15048552760663,99.40126536806883,97.61205212583025,27.610421178598017,94.96954883236674,41.14506162258914,92.4495495106745,91.88509068581254,93.07869517425445,83.18027635575788,98.7189325273389,65.64711765724587,58.64095210559856,83.27341643809916,3.6301468279241647,36.21588033259451,1.0,36.46593774743093,17.480198646710647,4.800686793161333,18.363391319755294,25.386096462603973,62.055254706882295,73.39148854164074,19.16249926646887,1.0,81.57742612003744,10.49991745079825
28899,2,14,22,23,16,13,3,101,UK,7.469840816260671,8.063817929275558,1.0,42.36174007540245,88.55650798049987,2.9155433490531237,21.90870165318364,82.43748245483914,70.31730040788568,91.86904674501659,50.593135699815036,89.36356227047679,94.2497690484131,26.799440190550882,88.09848402529406,93.07869517425445,62.64068640317316,79.00918395050098,99.0,78.69723851442359,45.430036846224084,6.3909706504579304,15.299157425058581,1.0,36.46593774743093,7.967776761659081,45.430036846224084,7.542847206751148,48.1023362152402,62.055254706882295,46.873144753778206,78.40254957459194,1.0,89.55586279109923,37.933206440742254
233885,2,17,26,6,12,23,4,106,USA,19.31840955205132,37.234191385917086,13.42929580372271,6.717827368524226,26.569667184096602,21.55810182641281,69.30757411611546,52.86865268425754,13.489921776969908,68.46322926279544,68.01434649002357,29.2312123443686,71.58235461751946,53.694512358255906,39.994671875296945,42.48922806090303,25.12726961947294,49.99999999999858,46.82434645388838,49.99999999999858,45.430036846224084,38.3564971802312,31.639846490353705,47.66706510853851,36.46593774743093,57.003317221551015,60.60359954468936,18.363391319755294,21.312411814509602,22.99146730217373,12.286541527247522,50.37071458413487,51.84839431971352,15.022086408344563,24.859259813697662
97115,2,26,17,49,10,22,1,102,USA,56.226739093585024,57.1914253817464,72.36136535016311,64.72479717011902,29.81782479991668,61.101068989654436,43.8453517351694,94.59357019652077,74.99408138629997,92.39851927298366,92.17849549876689,64.72479717011902,83.21243289066717,93.64238429658258,23.068049447959936,45.17371817583938,23.9951441220185,17.865663527580637,67.74027334454553,17.82700499716219,21.69202253471761,95.98521155440608,71.03332665341549,93.78554924013008,70.54709916894535,92.3405498933381,91.24648810278018,80.19514273855225,62.9221026813139,64.85190053121335,77.63595327780763,26.28545322050678,90.75306645260173,30.49117442662336,71.63636970116852
61500,2,25,46,13,15,11,6,101,USA,7.763766065490131,42.80857461825059,54.36555360329919,1.0,25.0308986798388,2.9706885863831474,21.709330571400272,13.667381739766483,4.302655353493108,25.45996442274705,53.29311963406161,20.791244461849743,26.81939930077658,13.513620199922286,29.04588386996008,10.870300553545434,64.46531457556108,3.453357380102119,32.25972665545132,69.59000458286471,40.7639845402021,22.84244017795328,7.233315213337107,58.701033451356636,29.452900831051807,32.05120225161804,70.67123342360873,9.301460576598942,86.25299947464043,77.31892438549448,62.811288492334825,85.98172945970623,87.70991929816626,77.33488278773791,83.6093633598631
310742,1,19,15,23,20,25,4,110,USA,32.842722465108125,41.661395976928816,58.60425385782702,15.921465128015797,35.18913289854396,42.010938364274864,38.96105870641554,34.10917052819016,29.581762687260635,21.585353722915272,55.419208390362996,11.404612333522465,40.269335632185744,78.50597053818706,47.295600661466665,46.00010268162191,54.791869057443876,64.24761339053771,71.00186778562642,33.16667535306172,23.689136459787903,26.582289762340935,7.967776761659081,72.12523512955323,26.592618623731795,54.122030713014226,44.49629171536981,10.536600056763831,47.65659475608288,72.78553401282983,46.57216845740123,75.21206109473849,33.91083352006473,7.786941691750158,43.80047150705559
217553,1,33,8,21,2,6,5,105,Germany,89.5000825491984,84.11426570792503,15.142455099184048,68.70258339069414,95.01170584151157,91.55657756489688,92.0550555929741,20.33982698209897,58.08466025929653,5.102178680518591,5.750230951583561,74.50142217039121,36.18273462646164,9.951262556788066,97.90090381146501,70.92998286223917,81.50662616521129,98.15081607196635,99.33601490069418,93.78554924013008,77.08551834849004,1.0,37.933206440742254,1.0,1.0,1.0,1.0,28.6562827261815,50.183921557856365,56.21355262825239,99.63152100225352,37.06068052157116,7.192308219868849,63.96838866723374,12.887763580526325
70829,2,22,22,59,0,16,7,101,USA,40.36070320489125,24.65991214027227,29.92105452901481,84.6203993462982,16.304651131737984,40.894584213473934,67.23225874558347,6.966800263759168,4.302655353493108,49.58131153933135,21.90870165318364,20.791244461849743,26.81939930077658,1.0,11.108396349598792,1.0,20.457096935902428,1.0,2.8566674935086525,81.45293791536483,51.03149623323941,18.215643528416734,1.0,2.989544253827688,10.31885447517891,47.38424542522603,99.67454178116338,17.11734969494421,99.0,95.50891987977968,99.5409754762494,99.54391727273241,99.48344021986497,94.13055647783642,99.37747445535263
54929,2,18,3,38,16,20,5,101,USA,35.96323337219815,76.99736846540372,34.61916573918188,53.28300011763815,12.97238277253956,35.16659218219144,30.69242588388164,47.13134731573945,23.124395931777997,72.40894963476512,44.67079951304356,29.2312123443686,58.854938377407905,49.0756605725677,58.20274260666406,55.01669969009657,55.02122998860722,58.746642970756454,34.352882342751116,54.33520075618111,74.88244503141595,39.55217277555772,55.28135202338723,5.0609644424642255,73.74048971379887,21.255166203304185,26.016015886155145,82.4708482798892,95.0313211920776,82.18204355948444,88.75630204219294,89.43795809684354,81.80022031836984,99.0,82.15417819623713
38542,1,17,46,28,17,9,4,101,USA,76.78202867655068,62.44180605288369,77.51836932816263,69.90073238460064,62.664152664995186,23.257757659384367,97.0516221226593,28.40372126968714,48.09386819209789,34.077385217651084,11.888818308870327,43.64141819818519,31.70743267490576,40.658217719685524,57.67310615142742,54.88643771118808,38.88776370935125,73.21175121452501,39.89486403050768,75.6456630134129,47.494685031003655,34.838911893208206,33.87469800503456,30.802203803933907,47.30504833157312,8.962940915860145,59.47192606071229,65.11427827745615,57.222805237171144,23.948036756942713,79.10572652846167,78.52393988137999,20.971115789764326,45.002837651201844,76.40694272791006
83843,1,19,16,52,23,27,10,101,USA,67.63519204736303,92.04776774279742,73.07624464740519,64.96770596500653,51.6679506587941,90.83746284151164,4.715852924986692,32.94804921093882,95.14235401489066,1.0,91.15623620881456,1.0,5.3248407799938775,89.51662305405421,70.65410972728665,98.97586603742559,62.670216542141645,77.41332779742356,12.4862614482511,17.800534288700106,93.87840651776185,87.42678902469072,86.01734838160507,67.20549961186697,95.72179499586821,78.30797746527924,34.68644351987399,88.0302838412423,1.0,3.1022246212535123,1.8835487900494883,2.1083122362595503,1.0,1.0,2.0975455113369037
220824,1,20,16,3,23,6,8,105,USA,24.754203934278507,41.661395976928816,24.228751316149385,44.25442868298546,40.597419457146316,27.678385686496995,22.535590448916935,63.06990559006482,60.728061954840825,74.43439806100423,72.74322579062357,64.67544802501914,49.11031994197003,35.84241749170508,73.48346135784976,79.69335746054037,86.71349351135382,49.99999999999858,39.89486403050768,41.68691580242188,91.13614225019523,75.43910306455211,74.72943511559401,62.10760514616891,63.333561068866004,78.30797746527924,69.10030500257426,54.3751261218614,66.54898178646721,72.78553401282983,85.76243338907386,30.373205774212465,38.54997813635191,85.78653499209838,60.65892388614958
232122,1,22,35,48,16,9,3,106,USA,49.4648378682312,11.325256012873183,23.542947406190677,78.16576113284259,71.9500762518129,61.07139808454821,55.263629249518715,83.67835015560195,75.68591836594749,92.59912769456457,69.75039977186134,74.50142217039121,73.30402866692373,62.553226842568904,93.32160981279628,88.55650798049987,81.50662616521129,89.2767172098396,69.674603705643,93.78554924013008,72.61901380720087,72.92407924715394,56.53893235643574,65.3435195458141,78.40254957459194,61.76273333671213,57.708912917791565,74.16973230320127,32.1541632943221,69.12364029909389,31.28674622915665,20.597804832851892,32.54383356563801,14.207986596123675,56.71470844881128
18512,1,35,55,5,15,19,2,101,USA,9.016030411483314,15.084048449017757,78.23795352732941,18.363391319755294,16.292451020166226,20.508511603777947,1.0,58.854938377407905,39.4575626880914,79.98271330943305,39.636916846050894,33.2971634767795,83.85324876846573,43.19382167571155,90.13409891106937,74.87692820914225,95.36894202082613,70.33237939477914,75.0312598445779,77.5637764425644,85.1758837078429,11.934721812005705,20.866239721879907,6.879750348352232,12.26995716200264,26.61357931938892,32.30086506298957,43.73447948589535,37.43209426642454,34.23160425600963,65.09172431362839,17.681323668604676,2.9895442538276598,73.06999613385693,66.08916647993237
318201,2,20,3,57,16,12,9,110,USA,37.24726025607629,32.30086506298957,76.76487650897081,47.810544909075986,31.747142483319834,21.55810182641281,45.06434861754923,85.04376536305949,80.9504293154099,68.46322926279544,68.01434649002357,68.88674933652726,89.20048547787871,79.56525799826431,50.10168249037429,59.164320907627484,47.29334144891749,54.388598308683754,82.38953820086851,17.792144118817248,50.50840487755136,82.21719582370815,50.48092431787023,70.44701254587068,82.88265030505272,86.01734838160507,65.52574711047504,82.4708482798892,31.42980383058577,48.64867122355571,42.9813826315102,16.266918122059394,21.19945721193062,76.99047717112194,33.429732576898715
66830,2,22,53,48,0,25,6,101,USA,73.91318539954938,75.34008785972469,54.36555360329919,59.13772006023231,50.53116852032986,35.93764208945407,98.51433266565493,1.0,1.0,5.057819312966302,2.125121370446294,5.474027310624237,16.135186567182956,2.9804961449534773,15.00275558271403,17.11734969494421,31.560378358973026,1.0,1.0,73.74048971379887,40.7639845402021,41.179729089046816,28.966673346581445,52.496530987935046,10.31885447517891,32.05120225161804,84.09613743118166,59.55017917542108,92.38782233878806,69.1661111306675,84.11426570792503,90.96190324054191,84.3242218657266,81.35350509583145,95.24464839547647
109736,2,35,55,21,10,30,3,102,UK,97.69596114547562,75.34008785972469,60.5424373119057,88.64046967681088,99.67285308425994,83.66082146415988,92.91508350555785,40.85089840883546,50.63550054933802,45.40024373105052,33.7921982229756,53.441633783084455,72.40894963476512,7.387219948164201,99.32965033164578,98.62100556219502,99.55682733966546,72.34611144766149,56.018839058953176,99.67349385417879,80.01509013648229,87.40027778817046,89.9625610576469,46.256957089828006,93.17991654500008,57.8214434189569,70.67123342360873,84.5933664326293,67.54732991341501,69.1661111306675,54.846168774782996,59.414221282929645,26.650481798648855,91.51438874914072,79.86341080358977
74472,2,19,28,16,22,20,8,101,USA,35.96323337219815,52.57787559748709,13.42929580372271,74.22680595634887,26.569667184096602,7.436016474257286,73.80819408488429,29.33663762289231,6.052488078137884,86.3743755446095,50.593135699815036,2.300542363605473,5.750230951583532,71.52971542119849,13.438079854269773,38.373334834597244,25.12726961947294,8.447220859186643,28.417645382477644,28.91298435439026,4.800686793161333,37.16714731086796,8.86786533280204,25.344952235595855,63.53406225256617,21.255166203304185,97.54046586676623,27.39466858187575,98.39838211431868,85.57837300622441,91.19146308714903,99.0,85.31080770811991,98.9965433323888,82.15417819623713
152057,1,24,13,59,17,3,2,103,Canada,27.477524384954393,11.325256012873183,89.86526647580195,18.363391319755294,35.108318953570915,3.7542264838543957,59.61189674467573,73.09697535956519,89.8940151667648,86.90681568138461,57.946348166777,79.05269259105376,36.18273462646164,52.92361192269021,96.37851158093315,93.70362584385214,99.53047507700808,78.68758818548724,18.98397532185942,95.93501744805155,91.82712720281188,74.0881334027045,97.91544687171415,97.0516221226593,78.40254957459194,91.34138000293683,1.0,19.60253669358994,2.4876428504291255,18.510816413584024,1.0,7.84411282770229,9.911413245848223,3.3342664290154715,20.178564309796258
40178,2,20,34,37,0,14,4,101,USA,58.330891153663515,57.708912917791565,28.773707088354342,69.25100862044388,53.95060925674363,59.96455073421714,59.82779962352896,66.3694779714034,40.23918650456716,72.40894963476512,83.3382186311095,54.063262499480516,58.854938377407905,58.284910629285946,88.09848402529406,98.16595286112931,88.69781772945885,63.04358033960449,94.55518729307437,54.33520075618111,65.52574711047504,49.266232098310525,55.28135202338723,80.57794121246536,41.82043671123682,33.87469800503456,45.430036846224084,42.58820505516337,58.50392338457141,62.055254706882295,69.83155565887887,42.977345193462895,21.19945721193062,66.9308230275501,88.89737441320062
83041,2,18,12,41,0,23,10,101,USA,1.0,1.0,1.0,31.77158528160487,1.0,74.11744885089718,1.0,99.0,98.2124738922015,98.74639590052823,83.3382186311095,98.53046748171107,99.0,86.63338107695051,98.0288433855842,63.253774141245344,88.69781772945885,99.44109324253793,99.0,78.69723851442359,79.22231631654597,1.0,1.0,53.49797160417478,52.73637541912245,1.0,1.0,1.0,20.526002638217875,53.15156358542765,91.19146308714903,3.351347693632576,1.0,34.12556235771552,10.49991745079825
30197,2,26,33,25,14,17,3,101,USA,14.62767898904525,20.573537763966584,14.318868199443983,36.380627243456786,61.07139808454821,26.468749470533226,5.635294664448608,65.643046315258,50.63550054933802,84.15710265842984,40.17220037646791,64.72479717011902,72.40894963476512,38.87170207648552,73.59422740636819,49.56063603396092,60.398467535691054,76.59096398990584,73.28474665502551,88.15258071082917,51.03149623323941,12.987875674422298,24.65991214027227,8.962940915860088,40.99644796096635,27.23281798781821,39.44843304817931,9.301460576598942,72.89510690153799,60.42477581553817,77.63595327780763,48.10738101833368,80.63446295056406,77.33488278773791,67.23225874558347
156798,2,16,28,35,10,6,3,103,UK,91.47951367184999,88.78225472418683,86.57070419627405,96.3006166334876,31.747142483319834,82.49414361582035,82.11338376053402,1.0,28.557470106690573,38.93485830207197,1.0,9.369813365583099,5.750230951583532,1.0,27.472695189935166,7.834533999019911,28.593976969392457,28.66808138882041,17.610461799128302,78.69723851442359,40.39427439640821,24.69025058078529,2.2963252312841576,8.059019570939455,31.25925362667769,66.12530199496246,55.58203895537741,42.58820505516337,98.62501025203778,95.96914904414416,76.81782783447204,99.6748331107093,78.02643791803109,99.46773126332607,94.2497690484131
319326,1,22,47,3,0,28,9,110,USA,58.78898860539044,23.74815518018309,82.47693013887124,78.16576113284259,66.94677104914928,75.896469460812,14.805765312576852,67.78265424416804,70.07894547098209,49.99999999999858,51.840430352222086,74.50142217039121,65.44478241121891,67.22611925578326,74.84181254244908,85.51395057332343,84.87183008061447,82.51494454378076,29.2312123443686,55.608646060651324,53.04877238159048,2.6242539865913415,17.11734969494421,22.535590448916935,30.46290046715066,2.8476359760487355,1.0,28.6562827261815,40.127033024696004,51.77910640573515,53.823398285471114,37.06068052157116,20.095747650381668,35.09415280946621,56.71470844881128
157983,1,26,53,34,15,14,3,103,USA,79.68512546153556,79.88105043362498,82.47693013887124,42.58820505516337,66.94677104914928,84.49314686490402,59.61189674467573,31.56674089194442,93.46684484996422,5.102178680518591,1.0,59.50871942031665,69.4387851150434,16.742576542171378,60.19896459797957,40.8204093289915,39.95646936187677,86.05748381699186,40.56094673416658,69.21080137353118,63.080058676461306,1.0,24.859259813697662,1.0,25.42533077083897,7.487798406242291,23.002631534593064,1.0,3.812641638187401,9.139987713136179,5.657455689244756,7.84411282770229,9.911413245848223,35.09415280946621,4.636274779390959
216206,2,18,8,42,2,19,3,105,Australia,1.0,1.0,9.33740888717611,4.1425430837941235,37.13891197395856,1.0,54.935651382447816,80.61593261626206,58.55236278061574,89.26937941052824,78.58858792556782,59.105415786523,75.54997385039349,67.23807905407995,59.205547433731795,59.164320907627484,91.11356755894622,8.447220859186643,46.82434645388838,71.08701564560687,55.58203895537741,78.24550422529478,73.64158585816887,70.44701254587068,73.74048971379887,78.74483379669266,74.88244503141595,47.87586579427381,31.42980383058577,26.941078206479716,18.03168615767558,22.221421111983574,69.83155565887887,76.99047717112194,29.059420566627125
328180,2,18,4,10,4,25,1,111,Philippines,45.09372939329262,47.42212440251018,76.76487650897081,58.71997976386746,48.305582994432655,13.771182135799876,45.06434861754923,78.73224755234617,40.23918650456716,68.46322926279544,62.34008261658903,68.88674933652726,94.2497690484131,75.65063070036763,26.559570377995527,42.48922806090303,25.12726961947294,14.16905281531848,65.64711765724587,41.3590478943986,17.51142959544154,74.0165664377023,31.639846490353705,64.95948197352692,73.74048971379887,89.20048547787871,93.22069447116962,37.376126900058125,64.97439451463316,95.96914904414416,15.053531811709632,57.75674281970055,78.02643791803109,45.002837651201844,85.68113180055286
331863,2,16,40,30,9,13,3,111,USA,24.914390125764243,32.30086506298957,46.87999385447824,53.28300011763815,17.11734969494421,13.771182135799876,40.17220037646791,39.171610896042466,28.557470106690573,47.4283312062351,38.816119411727584,54.063262499480516,54.44332608373179,26.799440190550882,41.998198589891786,38.373334834597244,35.863114210481,20.99081604949606,53.17565354610883,67.04630895707658,55.58203895537741,70.70141408219183,85.40624108122324,36.162632748775025,68.74074637331933,70.51059471376072,70.30114211772138,47.87586579427381,60.37110404346686,62.055254706882295,42.9813826315102,54.073822790188274,65.48158958671098,72.08762914155761,70.07894547098226
86668,2,32,34,27,5,14,11,101,South Afric,86.69990583454319,95.15007002202924,87.43748015944948,95.05909897483161,61.07139808454821,70.76878765562856,34.571415401094725,1.0,1.0,18.42776043837648,46.70688036593572,12.124301089074606,5.441180697799297,1.0,58.71657309947739,74.87692820914225,76.00485587797846,10.954729552571052,26.715253344971444,95.70424778762697,30.852352642443492,94.752487281154,95.15007002202924,58.701033451356636,75.94333318302654,67.94879774837898,96.45328661425253,84.5933664326293,98.79162518057012,93.32981256886353,54.846168774782996,99.01850147640857,80.63446295056406,99.6282007572529,98.51433266565493
17180,1,16,0,48,21,15,2,101,USA,30.47024501615843,26.762908542514083,38.402503035148015,59.88492177432994,40.597419457146316,15.224039783829369,43.344921433791455,49.75540367085159,23.898017006741725,65.92261478234616,67.1714764496063,28.357182624091593,57.97667528380009,50.494282940076005,48.335299623500646,46.00010268162191,50.79971971025083,26.78824878547178,52.54107759706261,71.73232667778342,42.50673874971841,72.0444185283763,47.65939602551936,30.802203803933907,52.69495166842427,78.30797746527924,82.10246121464888,91.46644177191081,73.433355928906,72.78553401282983,82.5505107067354,68.1837682854158,67.00192895808408,45.002837651201844,60.65892388614958
287130,2,40,49,54,14,4,5,109,USA,93.9223807657288,92.76668478665965,82.88265030505261,97.32139648326427,66.19844583264802,66.01067157866157,79.86341080358977,27.25495182495638,56.97016483628056,41.24825991472602,66.20780177702142,12.124301089074606,26.81939930077658,13.513620199922286,99.47240821005607,98.62100556219502,99.0,87.77079270679633,49.99999999999858,98.67430310792042,96.19374149497719,86.42110074567972,86.77776916771938,52.496530987935046,93.17991654500008,72.76718201217892,39.44843304817931,92.01962974840148,82.65817066713248,69.1661111306675,77.63595327780763,59.414221282929645,35.48102721108222,99.08232312195366,97.12389438060234
149291,1,23,55,45,18,15,1,103,USA,19.443322487838827,19.243841141222532,53.66061046757994,18.363391319755294,40.348835575312364,39.96934393210995,14.805765312576852,83.67835015560195,58.08466025929653,76.14428173605461,75.28209110360444,69.69101146171175,80.53865605787837,87.50184206961114,67.718919034203,66.8333246469353,65.99871618056824,61.29976780711877,52.371791064982006,60.2364043211619,67.93474740485391,50.26072343207289,65.67904193769476,65.3435195458141,63.20312309096943,56.687055095672974,37.234191385917086,15.530101051614082,9.404867760584978,9.139987713136179,12.383733081535269,9.994604431249229,24.042900881524474,26.059328894242867,24.240696134801567
12693,1,32,52,26,20,28,1,101,USA,60.1051359694892,23.74815518018309,68.9285864716831,68.70258339069414,61.76273333671202,61.07139808454821,55.263629249518715,76.15196988575985,93.46684484996422,32.114260191230755,63.944078383121166,83.29083516369599,86.9295000701353,52.92361192269021,92.11243213152295,66.8333246469353,99.53047507700808,65.88150455292742,80.05715289906334,77.5637764425644,85.1758837078429,75.23686499596874,56.53893235643574,75.54997385039337,78.40254957459194,66.72472775425962,57.708912917791565,69.4156405997457,21.484417328430965,26.016015886155145,34.90827568636843,12.362471450670682,28.20459265453337,39.82652432314637,28.527221823082982
81571,2,18,18,33,20,13,10,101,USA,26.086814600447838,11.217745275809932,28.773707088354342,26.74848719592285,75.42677453203078,25.882551149099697,40.17220037646791,78.73224755234617,75.81695156631247,64.3925588198357,62.34008261658903,77.94852195433975,79.32731034292351,67.23807905407995,94.54312084264166,93.07869517425445,98.92801486256485,91.55277914081012,87.07656476530121,71.08701564560687,55.58203895537741,63.77933526110843,60.03770236290336,80.57794121246536,86.90681568138461,74.72943511559401,26.016015886155145,27.39466858187575,5.86624973608572,12.51925154915159,21.19945721193062,8.743747773108822,2.0528534047376468,23.966802620214708,29.059420566627125
204681,2,25,56,18,14,28,6,104,USA,48.273981947611844,75.34008785972469,41.91533974070052,41.99495664515888,29.81782479991668,70.76878765562856,30.105722373059507,94.59357019652077,93.2872842997682,77.4421785863118,59.82779962352896,88.64046967681088,86.3743755446095,95.89792084771852,22.113728484197622,1.0,11.138515019251571,87.77079270679633,61.958617159828464,42.72307250299582,7.206955668380388,35.69384770455139,1.0,86.12872371318815,40.99644796096635,77.35318352774686,65.69238152771845,12.97238277253956,31.54440425087057,21.14522395556716,62.811288492334825,40.585778717067456,93.41517453375116,3.3342664290154715,5.635294664448608
155892,1,18,17,59,17,30,2,103,USA,38.93784183262085,41.661395976928816,24.228751316149385,49.47664252260131,1.0,80.09800138568346,73.58796746462082,82.5985928401476,35.57062646454057,98.94635992905421,98.6846009030711,38.409904521478666,35.93764208945419,94.95017036800039,22.701518884824225,75.93679350049774,54.791869057443876,1.0,12.4862614482511,1.0,84.40401259632893,99.38060917819155,25.27056488440266,98.59088994220872,97.69472431981262,95.32690056262697,99.0,91.46644177191081,70.53381030946093,90.57410162984377,26.05410933084437,26.844462737322914,98.60742234435702,45.002837651201844,92.64653721661432
77288,2,26,24,10,7,14,9,101,Australia,42.9828288882137,57.1914253817464,19.084126661954485,1.0,34.81530240400832,87.33959614283856,71.63636970116852,72.31400909685436,56.97016483628056,77.4421785863118,33.7921982229756,47.70466906821406,68.46322926279544,90.94023274545907,1.0,1.0,1.0,3.453357380102119,1.0,8.427652382206134,1.0,12.026445830587676,28.966673346581445,2.989544253827688,1.0,47.38424542522603,60.55156695181773,26.569667184096602,22.044487307329376,5.750230951583532,8.80329369768259,26.28545322050678,84.3242218657266,21.84035593194926,43.8453517351694
247523,1,18,25,1,0,10,2,107,Canada,34.04447559046221,92.04776774279742,3.9337027838011664,1.0,40.597419457146316,93.62486758591967,22.535590448916935,99.58511905361877,97.58075266622325,82.1637096865611,49.39681158829484,99.1207024309266,99.0,92.45308757493581,27.26312618316956,1.0,3.2630987182378135,77.41332779742356,81.89134079507176,46.04939074325358,32.780366410893976,11.546089615806096,21.255166203304185,1.0,4.278205004128083,33.764947224578975,64.35189813608548,38.059457108195716,3.0093695406426093,28.04992374818403,1.0,11.557061041145914,48.07670343183918,4.965311134695554,1.0
85163,1,16,23,39,10,6,11,101,USA,80.98895586094159,57.30350820568515,89.03637313295235,79.11094946766809,77.93512099923532,19.09118658735892,93.12024965164437,24.05127368265906,60.728061954840825,21.585353722915272,20.98463817665521,48.9377169468961,27.610421178598017,18.275839093136597,61.76273333671202,59.293134367405116,46.80296378872333,68.80982296798709,52.54107759706261,67.66316674443084,57.493261250278636,77.62616230454773,78.74483379669266,67.20549961186697,68.4693093138481,64.26103025775632,44.49629171536981,88.0302838412423,64.51351132950697,64.1514006211413,82.5505107067354,49.22635620042763,5.068193264807718,89.55586279109923,81.10647704264375
309329,2,20,0,15,9,30,3,110,USA,13.300094165453658,62.7658086140799,46.87999385447824,17.54187933309808,1.0,40.03544926577973,14.16905281531848,59.702457340784974,46.32138626874536,34.78467417757349,83.3382186311095,73.53125052946376,13.81572005327331,92.4495495106745,1.0,19.43314824970622,2.7161613047643414,1.0,1.0,1.0,26.016015886155145,86.75581221387654,1.0,75.67701117574552,93.5656869093541,99.10539284662502,98.86480877159147,82.4708482798892,38.70023219287839,44.15565888771181,35.33576144754812,25.42533077083897,97.67097823174231,15.022086408344563,33.429732576898715
112592,1,32,37,28,21,14,4,102,USA,53.47608645835726,91.35510392462345,15.142455099184048,68.70258339069414,1.0,61.07139808454821,83.22054561069058,19.399112808274964,8.595136517134506,27.89944823044962,75.28209110360444,1.0,1.0,98.80352516407754,1.9087487598961275,10.870300553545434,7.6989239167481855,33.216619884933806,2.0484137323826275,1.0,19.5298787259662,74.0881334027045,1.8221475069687187,65.3435195458141,93.69665425731546,56.687055095672974,94.62054579848518,90.19094369537027,99.65911353979368,99.0,42.373390311879234,99.0,97.6332149299792,96.29176126262075,99.41468443269127
270639,2,20,15,13,14,14,6,108,USA,49.070487566310476,52.57787559748709,65.3808342608151,64.06235791054291,26.569667184096602,17.505856384176695,73.80819408488429,72.75198467547102,64.53469706952234,94.14497980466729,68.01434649002357,54.063262499480516,71.58235461751946,35.40405306078168,67.07210642938304,74.90872601174459,66.35762173414804,45.61140169131329,71.58235461751946,54.33520075618111,65.52574711047504,94.10005965215225,91.69327997565881,80.57794121246536,82.88265030505272,89.20048547787871,93.22069447116962,58.46198478449537,34.11849544706982,57.63140255323418,12.286541527247522,39.32378978437407,21.19945721193062,66.9308230275501,56.53893235643574
83171,2,23,0,48,22,23,10,101,USA,39.05845551951177,1.0,66.57026742309836,30.92981159264579,88.24351183291469,56.08731942361942,39.164121453558494,73.38796827866616,74.99408138629997,25.45996442274705,78.09129834681323,92.14274646283457,86.3743755446095,48.53763055243792,99.46310186414371,88.55650798049987,95.68148758840823,93.52770109924222,97.14333250648781,95.70424778762697,80.01509013648229,31.68436572490242,71.03332665341549,40.06999034374928,70.54709916894535,18.344838315632046,5.8801748414628605,31.747142483319834,9.291263312617417,25.048837768764088,62.811288492334825,5.035395486477029,1.0,7.927984176145856,25.80553116473422
260547,2,21,32,17,9,10,0,108,Japan,31.42152559955909,57.1914253817464,24.31408163404953,41.99495664515888,66.19844583264802,26.468749470533226,14.282856410831698,25.1295517498813,26.128983665461305,29.2312123443686,7.821504501229896,20.791244461849743,60.225336049293276,38.87170207648552,25.014717244568544,2.323733413068638,11.138515019251571,30.29568662558205,12.295540239747453,77.70620629091718,80.01509013648229,1.0,1.0,1.0,1.0,7.659450106658554,79.92709893534379,12.97238277253956,45.65304559099462,77.31892438549448,46.766679265890104,26.28545322050678,58.97185396875591,44.64654924803892,34.571415401094725
105602,2,29,9,11,1,9,3,102,USA,15.605748247716036,57.1914253817464,1.0,30.92981159264579,55.830976460441036,10.636437729519969,21.709330571400272,1.0,2.0362323566985197,33.13730422869742,1.0,12.124301089074606,23.061104035291663,1.0,32.17380449247631,17.11734969494421,31.560378358973026,21.773925274910596,83.34590082095656,47.263624580874534,35.73896974224084,1.0,1.0,2.989544253827688,1.0,14.378524128681903,79.92709893534379,1.0,99.0,99.67456807575786,98.96065720131287,99.66856934083444,93.41517453375116,99.55215657014026,99.37747445535263
128962,2,24,34,45,0,15,8,102,USA,54.90627060670437,28.966673346581445,60.5424373119057,80.15066620083473,34.81530240400832,17.908775923854762,92.91508350555785,30.532174046879902,50.63550054933802,62.034618989035664,46.70688036593572,8.513015135789828,34.78467417757349,17.11734969494421,68.45816553132528,36.531263140029694,76.00485587797846,25.93062308515377,83.34590082095656,77.70620629091718,80.01509013648229,86.42110074567972,95.15007002202924,52.496530987935046,80.98379288575211,57.8214434189569,60.55156695181773,88.55650798049987,84.13405995028256,64.85190053121335,84.11426570792503,80.1804787722698,72.49671585319584,68.60058485381398,90.17368850612843
257470,2,18,26,56,0,17,10,107,USA,24.914390125764243,14.79180849177061,65.3808342608151,47.810544909075986,42.68003802225007,44.99504097618501,3.2140818418625656,87.48571695163446,70.31730040788568,79.81194919210759,73.45557273577765,77.94852195433975,96.21941950767757,62.81128849233477,86.7046905216622,90.7025534667996,88.69781772945885,85.83094718467828,71.58235461751946,58.64095210559856,65.52574711047504,63.77933526110843,64.70990500369106,70.44701254587068,58.17956328876022,74.72943511559401,45.430036846224084,42.58820505516337,2.1173799646535088,1.0,7.472242555693413,13.553030566519794,8.067620121993713,15.022086408344563,17.11734969494421
215877,2,18,39,29,19,9,3,105,USA,6.757407223919472,1.0,40.6838208567944,53.28300011763815,1.0,1.0,73.80819408488429,99.44194887518552,96.15818163064591,64.3925588198357,96.99942804511682,98.53046748171107,99.52784010077323,99.5409754762494,82.17095238376044,88.0302838412423,73.5016449847086,95.93025064599658,91.1626011391437,32.953691042920525,55.58203895537741,77.21073928416274,97.98833478135418,59.28595610939959,68.74074637331933,74.72943511559401,45.430036846224084,53.185121557385685,32.320286709318424,62.055254706882295,58.5656690031538,4.881473988353065,42.62918553286505,39.50535605806317,37.933206440742254
90030,2,32,56,58,16,12,0,102,USA,86.69990583454319,38.0810749182985,60.5424373119057,84.6203993462982,96.6548610807622,66.01067157866157,92.91508350555785,45.58642466126116,50.63550054933802,62.034618989035664,53.29311963406161,88.64046967681088,34.78467417757349,4.9480286306779675,99.32965033164578,93.70362584385214,98.48752314157696,84.34337495220132,56.018839058953176,99.67349385417879,91.03705908413644,29.07638395577041,71.03332665341549,8.962940915860088,35.1258481984101,14.378524128681903,5.8801748414628605,88.55650798049987,71.14096931653722,73.33319121504621,70.4714220996438,59.414221282929645,49.525487831820726,85.08412333851334,62.685739247457434
185342,2,28,25,3,16,25,10,103,Finland,30.1860031641215,16.747620550392412,66.57026742309836,59.13772006023231,6.14410493977671,14.087982640138051,75.85958331893107,53.93737696798303,50.63550054933802,94.55163964211795,21.90870165318364,36.380627243456786,51.71482449908609,34.16187001140264,78.45248635043788,82.19946571129663,88.86148498074533,76.59096398990584,49.99999999999858,42.72307250299582,71.05247102613345,10.195731202608954,33.453751050166034,5.599224661973551,46.98563916064137,2.9027192919252514,24.565864920511927,31.747142483319834,38.01744165202632,25.048837768764088,77.63595327780763,26.28545322050678,18.605107809955825,54.38260045296113,48.576617450646324
122290,2,16,39,50,18,22,6,102,Norway,54.37716204920969,1.0,46.87999385447824,69.25100862044388,92.01962974840148,69.5661629611684,54.935651382447816,79.68158446455334,99.40126536806883,16.135186567182956,73.45557273577765,85.91201735985874,79.32731034292351,75.65063070036763,91.88509068581254,81.9031208065719,96.73850563689928,93.92483677307791,97.16186319777216,71.08701564560687,40.39427439640821,69.57255396735388,69.25788961302214,47.66706510853851,96.08214088654938,57.003317221551015,55.58203895537741,47.87586579427381,6.341053625779551,9.597163351753352,35.33576144754812,13.553030566519794,1.0,56.10310053102842,3.329479665443344
113142,1,12,30,15,23,17,4,102,USA,57.823285252184746,46.8616625569893,63.571847377224856,44.25442868298546,57.20631330942837,80.09800138568346,38.96105870641554,7.293299159459508,18.61184945230545,17.83629031343594,8.143377099481114,28.357182624091593,27.610421178598017,5.512007501598248,59.72555102846911,59.293134367405116,58.75637895863116,26.78824878547178,65.039355116703,86.1451939678384,42.50673874971841,53.68298588732165,47.65939602551936,35.83531319762784,58.05661555062329,54.122030713014226,69.10030500257426,48.90503595078849,75.31743243542212,50.4621874971607,75.45647859765882,89.93644983354056,43.28529155118588,85.78653499209838,55.07623775225028
272922,1,34,32,46,13,27,9,108,UK,62.716897804165285,91.35510392462345,28.17955672026264,68.70258339069414,45.69101423380141,39.96934393210995,68.07622402073508,51.96386700368748,58.08466025929653,63.53406225256617,27.999307699752535,74.50142217039121,65.44478241121891,16.742576542171378,72.85722058736661,53.95060925674363,57.44425564700225,51.8976637847569,75.0312598445779,97.6332149299792,53.04877238159048,52.86655318460737,37.933206440742254,48.88792965914092,57.75674281970055,41.27219492504753,72.45946413723033,54.18252200787731,71.59282486153728,60.60359954468936,72.23384881392207,58.67589879495944,64.78278589337833,73.06999613385693,74.91866798595385
99901,2,36,43,23,17,11,2,102,USA,1.0,1.0,29.92105452901481,5.474027310624237,9.068460239733724,2.9706885863831474,3.5713024619715696,67.90588771553524,38.03089399597786,80.90407859348738,46.70688036593572,47.70466906821406,83.21243289066717,58.25364669194022,31.122227016365883,8.194386905717607,23.9951441220185,17.865663527580637,87.70445976024939,77.70620629091718,21.69202253471761,38.42014413139253,38.0810749182985,70.65410972728665,14.410582680954661,47.38424542522603,55.302777255909916,31.747142483319834,43.72883117512026,29.147485055433123,38.763436284558,40.585778717067456,87.70991929816626,35.09415280946621,43.8453517351694
207376,2,43,19,47,18,2,9,104,USA,40.36070320489125,10.037438942349667,48.12729488399276,53.441633783084455,55.830976460441036,40.894584213473934,62.685739247457434,76.53265779414494,63.20312309096943,80.90407859348738,72.33000753722172,70.13473438320716,64.3925588198357,63.026088336460134,54.26151488253112,49.56063603396092,56.26552051410175,58.61780956927589,91.50959199298825,33.840423460596384,30.852352642443492,77.63595327780763,66.54624894983101,52.496530987935046,75.94333318302654,57.8214434189569,65.69238152771845,88.55650798049987,24.53437026454057,51.36864963094524,14.104550358581292,33.25967091737266,54.26599085816497,26.059328894242867,14.282856410831698
210267,2,20,50,54,17,1,11,104,Canada,54.37716204920969,47.42212440251018,46.87999385447824,6.717827368524226,53.95060925674363,40.03544926577973,99.67301157064207,15.80746329860952,40.23918650456716,19.490233876291597,33.104268824151234,20.35879786660678,3.780580492318947,44.463922165544204,57.19687017772776,74.90872601174459,69.9848920385781,45.61140169131329,5.444812706922107,45.66479924381599,79.22231631654597,87.6001464463186,94.2497690484131,75.67701117574552,73.74048971379887,66.12530199496246,65.52574711047504,86.41961753091277,9.534736569662954,1.0,12.286541527247522,11.039189487614777,10.873983023952547,61.58199982530522,42.532852754387704
144855,1,20,59,27,0,3,0,103,USA,40.179112771535245,67.45616643435892,48.47497472547985,87.10244813778695,1.0,93.62486758591967,4.715852924986692,92.43904037692016,99.67450308630964,43.08710500282825,98.6846009030711,99.65529838732857,99.3756367170896,3.3977523525723257,60.74625296338172,54.88643771118808,50.79971971025083,91.41471083806346,81.89134079507176,29.07001713775793,42.50673874971841,3.4834428524025185,1.0,56.885539292462795,58.05661555062329,3.8062585050192297,7.1638769439176,1.0,34.058926066630676,20.05599443630564,85.76243338907386,49.22635620042763,5.068193264807718,89.55586279109923,1.0
202906,1,20,17,6,16,28,5,104,USA,22.569216556330986,1.0,19.94284710093362,8.859497450823937,57.20631330942837,71.41099419704676,65.34351954581427,88.7439859011647,99.1222890331369,43.08710500282825,82.88265030505272,74.50142217039121,74.77065778176427,92.45308757493581,17.6017666139995,2.3594900124509195,20.63144947707113,31.190177032009785,76.65001635485646,11.443492019496944,37.5868434385456,49.87289693140963,61.61054636296922,62.10760514616891,21.90870165318364,64.26103025775632,54.50575608986287,32.80222031111842,1.0,9.994604431249257,3.266656796991086,11.557061041145914,33.91083352006473,1.0,1.0
247939,1,33,34,41,16,21,2,107,USA,1.0,1.0,1.0,1.0,16.292451020166226,1.9528124319700737,4.440034052798524,54.27059759289705,96.31194226343769,40.92026450019563,22.60077033503822,64.67544802501914,32.1448990198478,62.553226842568904,99.33114629794215,95.74707900680392,99.0,99.64732154353158,88.81595604155018,32.54383356563801,96.66053255329552,1.0,74.31609562768182,13.81572005327331,30.46290046715066,1.0,1.0,5.750230951583561,33.02158539217362,47.33197466719491,92.35615236245212,12.362471450670682,1.0,54.38260045296113,20.178564309796258
220633,2,17,43,6,10,2,8,105,USA,8.989270586511623,3.2140818418625656,18.091093533910794,31.77158528160487,31.747142483319834,10.39944639469067,35.36705841812295,38.05085706831778,28.557470106690573,51.71482449908609,33.104268824151234,33.98932842133539,63.20312309096943,31.027056149688406,36.035639670424416,46.65271327404656,28.593976969392457,41.253357029240476,46.82434645388838,32.953691042920525,45.430036846224084,41.95986542494984,31.639846490353705,53.49797160417478,26.259510286198037,42.99668277844631,65.52574711047504,47.87586579427381,72.06746650826909,57.63140255323418,83.1835362374826,61.40112178490722,51.84839431971352,72.08762914155761,85.68113180055286
173433,1,30,57,16,21,1,8,103,USA,14.318868199443955,15.084048449017757,53.66061046757994,32.29361888896099,8.962940915860145,1.0,63.892946217285214,82.79337597240726,58.08466025929653,98.22920181167797,22.60077033503822,90.61178652490548,92.25739618974785,48.05036885527579,64.53469706952234,62.61750720984338,27.471562450578233,56.62565795263481,97.59410191481129,64.78278589337833,53.04877238159048,61.88975481397608,56.53893235643574,22.535590448916935,63.20312309096943,36.23605888348368,96.78591815813411,59.37039484136545,92.90917100885702,99.20409812900482,97.44729224583023,81.7480775831524,77.5637764425644,35.09415280946621,94.93180673518896
195999,2,28,5,22,20,19,2,104,USA,28.963387129747275,42.80857461825059,35.81736676013651,53.441633783084455,55.830976460441036,35.93764208945407,5.635294664448608,89.99476606781911,69.241915284083,80.90407859348738,88.11866088490251,36.380627243456786,89.26937941052824,97.66510267924343,63.10801699388111,91.29658428621372,72.29494873939228,63.31946390461832,38.04138284016847,11.243697957803903,71.05247102613345,96.54086222896194,95.15007002202924,86.12872371318815,85.58941731904213,94.99002850697514,60.55156695181773,75.42677453203078,29.747258731625806,37.79301445376893,38.763436284558,16.82603599576234,35.48102721108222,44.64654924803892,43.8453517351694
88384,2,22,48,4,23,26,11,101,USA,89.3708398999762,92.76668478665965,87.43748015944948,64.72479717011902,55.830976460441036,75.32807768554233,83.6093633598631,1.0,56.97016483628056,1.0,21.90870165318364,30.92981159264579,5.441180697799297,1.0,84.66602417273975,74.87692820914225,76.00485587797846,53.844028635023164,49.99999999999858,84.9464681882871,97.96641038608618,67.52247311050343,83.25237944960452,46.256957089828006,89.68114552481791,47.38424542522603,12.112736993001931,84.5933664326293,46.617514977138285,51.36864963094524,17.11734969494421,26.28545322050678,49.525487831820726,96.29176126262075,53.319429804707454
260088,1,16,29,33,18,3,0,108,USA,9.470909895555792,1.0,3.9337027838011664,54.704020423288796,5.482562088990235,37.10034335235076,43.344921433791455,1.0,41.772148309260274,1.0,1.0,1.0,1.9639993921095993,1.0,56.642175048064644,28.82365187556678,35.01538529484975,96.17146372562001,1.0,82.88265030505272,76.31086354020897,1.0,1.0,1.0,1.0,1.0,4.701982673214687,1.0,31.045115928456397,20.05599443630564,99.0,5.020354757222378,1.0,76.99047717112194,13.76553058318379
52805,2,27,43,40,22,15,5,101,USA,36.47580823944185,75.34008785972469,77.8280525063858,12.124301089074606,16.304651131737984,10.636437729519969,62.685739247457434,1.0,44.29159025946308,29.2312123443686,1.0,3.0754683431158867,1.0,1.0,99.67170015934494,93.70362584385214,97.27619531197854,93.52770109924222,78.51297613318877,99.67349385417879,87.75190106309344,17.11734969494421,28.966673346581445,1.0,53.01436083935573,37.050328652931285,39.44843304817931,17.11734969494421,29.747258731625806,33.40694941671984,27.318507249333862,36.88851327944508,6.101515552794581,73.06999613385693,43.8453517351694
250311,2,28,57,17,0,18,5,107,Canada,28.963387129747275,24.65991214027227,14.318868199443983,20.791244461849743,34.81530240400832,56.08731942361942,62.685739247457434,73.38796827866616,93.2872842997682,57.92493916101165,78.09129834681323,64.72479717011902,38.93485830207197,76.50027093359677,49.77546507255187,66.8333246469353,27.705051260604677,80.6034086023285,26.715253344971444,25.45049056170572,71.05247102613345,41.179729089046816,66.54624894983101,58.701033451356636,64.87415180158689,47.38424542522603,3.5467133857440984,37.13891197395856,14.440226689848515,29.147485055433123,14.104550358581292,14.018270540290615,30.986852474538694,30.49117442662336,21.709330571400272
150222,2,34,54,3,10,21,1,103,USA,24.21885811538465,38.0810749182985,41.91533974070052,70.13473438320716,61.07139808454821,1.0,48.576617450646324,8.9866184332856,1.0,41.24825991472602,33.7921982229756,53.441633783084455,13.024359851372537,1.0,89.32661394479351,91.29658428621372,98.48752314157696,14.245908175891344,83.34590082095656,95.70424778762697,66.23505277541807,77.63595327780763,33.453751050166034,64.78278589337833,53.01436083935573,81.65516168436488,94.11982515853401,75.42677453203078,88.88743161705031,73.33319121504621,80.97280035630354,94.96460451351959,49.525487831820726,96.29176126262075,79.86341080358977
53808,1,15,14,38,13,18,5,101,USA,56.56869534647825,52.09291350348076,73.07624464740519,39.08901951515952,73.09049750610438,23.257757659384367,65.34351954581427,20.93822827167969,9.602088838966921,29.74146806834574,37.45479722966138,28.357182624091593,31.70743267490576,35.84241749170508,49.37564805654762,28.82365187556678,50.79971971025083,26.78824878547178,33.74743130294135,75.6456630134129,76.31086354020897,85.63767775089525,74.72943511559401,88.94283652011359,63.333561068866004,69.14764735755358,73.67177934677,79.83354698615312,61.41629070740936,64.1514006211413,55.137203674949376,56.942775957652316,83.61910331920171,34.12556235771552,49.43510774796488
235050,1,32,5,50,8,9,6,106,Egypt,31.16317994924262,44.08104661749974,11.481853327685542,86.41961753091277,35.108318953570915,29.81782479991668,25.510158467538673,8.133332499278225,1.0,13.093184318612003,63.944078383121166,5.368564900396208,17.445521498293687,20.62241428251221,40.23918650456716,70.92998286223917,31.512001956115284,20.526002638217875,40.56094673416658,32.54383356563801,63.080058676461306,69.34796190797744,42.532852754387704,70.5644345908944,78.40254957459194,41.27219492504753,72.45946413723033,74.16973230320127,95.5775372625859,92.88327765956069,92.35615236245212,99.67236513062483,77.5637764425644,77.33488278773791,70.59207196494458
183088,1,23,56,36,10,11,10,103,UK,36.2472869970386,49.46078375067634,38.067298615952495,53.185121557385685,51.07837601973398,55.830976460441036,11.734640245817701,50.808806724323006,33.4297325768986,72.10055176954745,45.709546168848874,64.67544802501914,57.18008180471179,24.769386228452646,83.14027010843608,74.87692820914225,84.87183008061447,70.33237939477914,52.371791064982006,95.93501744805155,53.04877238159048,25.220737858651887,47.19168211406509,27.409635915245588,30.46290046715066,4.903278732153709,62.7658086140799,33.53431189536067,57.51505521690808,60.60359954468936,78.89148812638973,44.20134574873799,28.20459265453337,68.60058485381398,51.923296568158094
88891,1,14,10,12,19,30,11,101,USA,30.47024501615843,7.371573814136013,24.228751316149385,24.450026149603673,40.597419457146316,52.004524179074735,73.58796746462082,78.6549452935052,66.85561577610315,65.92261478234616,87.29220356230667,43.64141819818519,82.19086429698166,74.24701051971755,54.57292510856979,71.98677542110562,70.25374326944495,45.1973684261817,65.039355116703,17.800534288700106,52.505314968993446,89.1185583796165,78.74483379669266,46.284843661040384,78.09129834681312,95.32690056262697,85.870934111515,75.19121993617478,32.04236895868988,45.84458055273865,7.180141644508581,34.010380936226,48.07670343183918,34.12556235771552,66.11822851590068
199558,2,18,24,30,13,25,3,104,USA,88.15485748557933,14.79180849177061,90.6625911128209,74.22680595634887,99.5731663450756,95.0737403120877,69.30757411611546,98.18598375816293,85.63451242578503,76.20132219233813,91.38663287631312,85.91201735985874,97.77679069619751,96.72922815285358,4.62058822799662,1.0,2.7161613047643414,54.388598308683754,98.8901688239149,25.019524699686087,1.0,41.95986542494984,1.0,64.95948197352692,31.25925362667769,47.65939602551936,93.22069447116962,63.652467915599175,83.96829367581086,93.91650313720686,66.15957653940058,99.4871291106598,93.90773088061007,23.966802620214708,42.532852754387704
291464,2,16,11,6,13,4,8,109,Singapore,16.20410265008948,37.234191385917086,1.0,36.99571155383836,21.671423710050647,25.882551149099697,45.06434861754923,30.396346316950968,9.454964255860347,26.81939930077658,38.816119411727584,43.91268057637768,54.44332608373179,39.89486403050779,18.794202383399266,22.914481651507117,21.800272892309238,20.99081604949606,22.80601852482937,32.953691042920525,35.44845706311651,52.93364831840864,45.676489579080624,41.86477327317664,26.259510286198037,57.003317221551015,90.31994505042348,42.58820505516337,85.37360879132996,85.57837300622441,83.1835362374826,68.50084497134463,69.83155565887887,81.57742612003744,91.76591663041097
303880,1,34,22,37,11,18,1,110,USA,12.44059653585208,84.11426570792503,5.498141602288726,37.376126900058125,1.0,75.896469460812,1.0,1.0,22.171947493611015,23.85571826394252,5.750230951583561,1.0,1.0,1.0,4.254662365994136,1.0,1.0,42.433977689944925,29.2312123443686,37.023634211068725,1.999932433705908,1.0,1.0,10.093777116369637,1.0,1.0,72.45946413723033,1.0,99.0,99.0,99.61941155077216,98.9080454357719,81.41475722390544,99.08232312195366,98.37585552257963
6347,1,18,25,48,21,14,1,101,Canada,87.58472557510277,67.45616643435892,77.51836932816263,64.96770596500653,62.664152664995186,75.87698953756819,97.0516221226593,35.27898971864124,60.728061954840825,38.53778649358617,16.19559232062153,38.409904521478666,40.269335632185744,45.5566739162652,49.37564805654762,63.6332320645019,58.75637895863116,40.434807185092495,12.4862614482511,46.04939074325358,67.21963358910307,58.72962163658565,47.65939602551936,56.885539292462795,26.592618623731795,73.84643900984258,39.543731938542976,88.0302838412423,13.345252884780564,3.1022246212535123,33.9659964500367,23.44500415731204,17.11734969494421,45.002837651201844,17.99751393482981
102502,2,22,29,30,12,26,2,102,UK,99.66659397761521,95.15007002202924,77.8280525063858,97.32139648326427,80.35947022086873,87.33959614283856,99.67483095441423,2.030116182693007,26.128983665461305,29.2312123443686,1.0,1.0,13.024359851372537,17.11734969494421,62.017903918538536,58.313084197575165,82.88265030505272,21.773925274910596,5.317763438902432,91.03705908413667,75.662292729603,81.11362089772024,75.34008785972469,12.993014428773478,85.58941731904213,89.20048547787871,55.302777255909916,92.01962974840148,62.9221026813139,69.1661111306675,34.84997484138398,48.10738101833368,63.60458836831259,68.60058485381398,83.6093633598631
125222,1,18,13,10,23,11,7,102,Australia,2.3688641872004013,26.762908542514083,1.0,6.007587643171647,35.18913289854396,1.967525762914235,34.65648045418277,58.28177362730651,48.09386819209789,74.43439806100423,61.37045033015977,48.9377169468961,85.5457731059488,11.119567381016623,65.7783208265493,37.22793729626204,62.670216542141645,94.01347411184531,65.039355116703,63.46873685996724,42.50673874971841,8.391851778672134,21.255166203304185,21.389234492588685,9.94667038579641,19.9849098635147,34.68644351987399,10.536600056763831,23.389228727949018,4.988294158485161,79.10572652846167,26.844462737322914,7.495455514514461,50.55606614092534,22.625616852424997
202742,2,43,37,17,18,25,5,104,USA,41.669108846333586,57.1914253817464,77.8280525063858,36.380627243456786,55.830976460441036,40.894584213473934,11.02956043416009,22.04284529347251,44.29159025946308,12.252212217087475,59.82779962352896,25.710640422264248,19.490233876291597,34.16187001140264,66.340228404796,70.92998286223917,56.26552051410175,58.61780956927589,49.99999999999858,56.37210185571547,75.662292729603,48.171688809474915,83.25237944960452,52.496530987935046,40.99644796096635,52.615754574771245,24.565864920511927,31.747142483319834,56.27116882487684,42.27146376772623,50.808806724323006,33.25967091737266,72.49671585319584,81.35350509583145,58.035300002071665
277684,1,26,35,35,19,21,0,109,USA,22.777503227733206,84.11426570792503,48.4301341302492,4.878981883811036,12.407428221726605,29.81782479991668,25.510158467538673,84.5457076119477,33.4297325768986,99.19345588125475,80.45593114895769,59.50871942031665,57.18008180471179,95.69365444961386,1.0,5.857618735287204,2.0610892112853634,1.0,10.420623092910688,28.20459265453337,19.5298787259662,48.95717011571048,1.0,37.87624240388857,46.66577108930471,99.21795678194655,99.67380953495001,8.552307569892605,91.89301466377253,80.77786188366656,57.62660968811787,96.87397727993925,99.52784010077323,85.08412333851334,70.59207196494458
59964,2,25,44,27,15,7,6,101,USA,17.63266108200014,20.573537763966584,3.688057736559159,25.710640422264248,25.0308986798388,17.908775923854762,75.85958331893107,28.336089861700742,26.128983665461305,73.79784262959129,27.66999246277524,3.0754683431158867,38.93485830207197,29.589779021082336,25.014717244568544,32.33683325556629,23.9951441220185,8.03219799034747,5.317763438902432,60.87159425496816,71.05247102613345,42.56949810045177,52.403820182702646,34.02330933641292,40.99644796096635,42.17855658104003,70.67123342360873,26.569667184096602,42.769737780757055,37.79301445376893,14.104550358581292,33.25967091737266,87.70991929816626,39.82652432314637,67.23225874558347
35455,2,39,59,15,21,1,4,101,USA,30.1860031641215,52.403820182702646,82.88265030505261,5.474027310624237,55.830976460441036,14.087982640138051,25.80553116473422,38.50902824656691,26.128983665461305,57.92493916101165,33.7921982229756,25.710640422264248,55.989958694574455,38.87170207648552,36.45759337950136,53.95060925674363,27.705051260604677,14.245908175891344,43.98116094104404,47.263624580874534,61.25946572680101,62.12803491908494,71.03332665341549,58.701033451356636,46.98563916064137,57.8214434189569,94.11982515853401,9.301460576598942,58.18691198097582,42.27146376772623,77.63595327780763,51.892618981663475,58.97185396875591,35.09415280946621,71.63636970116852
332357,1,18,29,7,22,19,3,111,USA,19.41870476075593,4.773994014270755,85.5457731059488,34.03205562984181,29.94808702969675,8.569488235891527,22.535590448916935,65.42390864034218,54.44332608373202,85.64602139611941,87.29220356230667,43.64141819818519,44.67079951304356,45.5566739162652,24.49539311493581,17.46199000427245,31.23053179269928,5.9865258881513626,39.89486403050768,33.16667535306172,67.21963358910307,82.78443914642628,42.99668277844631,99.4777547276334,47.30504833157312,99.52784010077323,54.50575608986287,59.797915543157785,63.48653732224341,41.258983812307235,38.098006018754745,23.44500415731204,93.02461770290074,95.52741118509812,71.38921400774188
208271,2,25,20,52,2,26,9,104,USA,42.9828288882137,42.80857461825059,77.8280525063858,92.14274646283457,9.068460239733724,56.08731942361942,11.02956043416009,77.5531130315029,50.63550054933802,73.79784262959129,72.33000753722172,53.441633783084455,68.46322926279544,90.94023274545907,17.55264221674682,40.8204093289915,27.705051260604677,21.773925274910596,73.28474665502551,8.427652382206134,4.673099437369714,91.00916731477241,75.34008785972469,76.22732636636681,70.54709916894535,57.8214434189569,99.28463248557068,80.19514273855225,94.39016817488687,93.32981256886353,87.03652229280976,85.98172945970623,90.75306645260173,63.96838866723374,95.24464839547647
11057,2,20,36,57,0,25,1,101,USA,1.0,5.379454201511749,1.0,1.0,42.68003802225007,21.55810182641281,17.88661623946294,76.79078762978202,80.9504293154099,97.61205212583025,44.67079951304356,68.88674933652726,82.88265030505272,22.756772076691846,66.10747620334979,46.65271327404656,58.854938377407905,93.92483677307791,91.1626011391437,41.3590478943986,35.44845706311651,1.0,64.70990500369106,1.0,3.9178591134474203,1.9508535328711787,7.322719933806454,1.0,18.98397532185942,19.249336944454853,50.78214475861802,32.194701977513006,3.621488419063425,72.08762914155761,5.3028783114198745
236062,2,21,3,40,15,17,7,106,Sweden,3.394972836704426,61.91892508169872,6.533155150032329,1.0,34.81530240400832,31.1132506634697,1.0,78.55865833938594,63.20312309096943,87.17481078845185,88.11866088490251,30.92981159264579,43.158876559428165,95.89792084771852,11.108396349598792,17.11734969494421,14.002342391831263,39.49062956608225,49.99999999999858,17.82700499716219,2.673062899277184,1.0,1.0,58.701033451356636,1.9176568037284625,2.9027192919252514,55.302777255909916,1.0,7.61217766120842,14.059962345009183,17.11734969494421,51.892618981663475,14.973082087715454,1.774113606830312,3.5713024619715696
278660,2,21,57,18,6,1,1,109,Thailand,21.945964460834716,57.1914253817464,29.92105452901481,16.239754440940516,16.304651131737984,31.1132506634697,34.571415401094725,40.85089840883546,26.128983665461305,41.24825991472602,59.82779962352896,20.791244461849743,51.71482449908609,58.25364669194022,23.068049447959936,20.62737789529018,8.552307569892605,53.844028635023164,38.04138284016847,33.840423460596384,40.7639845402021,42.56949810045177,71.03332665341549,34.02330933641292,40.99644796096635,32.05120225161804,39.44843304817931,48.305582994432655,49.51646203619191,42.27146376772623,34.84997484138398,55.668082219914254,68.12570526155298,44.64654924803892,58.035300002071665
270596,2,22,15,28,21,12,6,108,USA,18.679817546362983,33.453751050166034,10.10598483323173,70.13473438320716,61.07139808454821,22.051478045657404,1.0,62.189113818074475,85.26869520075695,92.39851927298366,53.29311963406161,59.13772006023231,23.061104035291663,34.16187001140264,75.57443544675277,88.55650798049987,52.09291350348076,95.77705107163649,67.74027334454553,38.2372666632848,56.175137629626704,56.59402553823344,66.54624894983101,70.65410972728665,75.94333318302654,67.94879774837898,3.5467133857440984,53.95060925674363,48.5495490174207,46.8080809597364,77.63595327780763,22.97917678602758,14.973082087715454,63.96838866723374,75.85958331893107
191570,2,24,32,44,17,12,1,104,USA,5.685767248907965,4.849929977967491,1.0,8.513015135789828,71.15813214473707,10.636437729519969,30.105722373059507,1.0,50.63550054933802,1.0,1.0,1.0,3.5912137892501335,25.197168825149134,39.73751553232245,40.8204093289915,52.09291350348076,53.844028635023164,12.295540239747453,65.28896729696976,26.153560990154347,1.0,20.573537763966584,12.993014428773478,6.8200834549964355,37.050328652931285,5.8801748414628605,1.0,32.452670086582,37.79301445376893,34.84997484138398,14.018270540290615,44.78883368500453,85.08412333851334,17.855609388338962
204735,2,22,43,39,11,29,6,104,USA,58.85493837740796,33.453751050166034,48.12729488399276,41.99495664515888,88.24351183291469,83.66082146415988,34.571415401094725,66.77885409341093,85.26869520075695,57.92493916101165,83.38855564847916,41.99495664515888,38.93485830207197,72.19114017691345,76.54659696571525,78.64360704103217,68.43962164102402,76.59096398990584,43.98116094104404,38.2372666632848,96.19374149497719,87.40027778817046,92.76668478665965,58.701033451356636,89.68114552481791,47.38424542522603,79.92709893534379,75.42677453203078,56.27116882487684,10.946747345357721,70.4714220996438,59.414221282929645,54.26599085816497,97.95626338386808,30.105722373059507
160569,2,16,30,19,17,3,4,103,USA,5.431320402931021,11.217745275809932,1.0,64.06235791054291,12.97238277253956,1.0,40.17220037646791,17.562517545157647,1.0,23.061104035291663,33.104268824151234,29.2312123443686,41.14506162258914,39.89486403050779,68.98156002000053,67.25861939826268,91.11356755894622,67.24885676861538,40.51926937632845,82.20785588117974,13.725430869959183,24.69025058078529,40.90811813974602,15.78631677448837,52.73637541912245,1.0,65.52574711047504,42.58820505516337,77.08551834849004,70.60326489133035,96.83349055384474,96.92024754786155,33.637604863282434,56.10310053102842,47.19168211406509
320586,1,19,56,23,21,15,10,110,USA,40.179112771535245,22.202985535358806,28.76555506693211,69.90073238460064,11.895130375973594,32.307703355288595,87.73004283799435,66.5885881784481,72.73352751819738,88.82601451243409,49.39681158829484,28.357182624091593,53.556183128907946,69.76618448027108,60.74625296338172,59.293134367405116,58.75637895863116,31.190177032009785,12.4862614482511,91.80561309427924,76.31086354020897,89.92609063691668,86.01734838160507,67.20549961186697,78.09129834681312,97.32693710071919,59.47192606071229,75.19121993617478,36.10197929485662,28.04992374818403,12.433999980826059,34.010380936226,75.75930386519542,61.58199982530522,38.2372666632848
274059,1,18,46,58,18,10,10,108,USA,12.762487428074735,26.762908542514083,33.50591881826929,6.007587643171647,62.664152664995186,15.224039783829369,12.26995716200264,34.10917052819016,35.57062646454057,65.92261478234616,16.19559232062153,64.67544802501914,62.34008261658903,1.0,84.61542096056166,71.98677542110562,58.75637895863116,73.21175121452501,76.65001635485646,98.8122764454913,71.8673250198251,3.4834428524025185,57.003317221551015,6.687945454165515,21.90870165318364,6.132518188783962,17.11734969494421,1.0,63.48653732224341,59.65116442468491,93.71705502640737,41.526618308606714,20.971115789764326,81.57742612003744,55.07623775225028
17910,2,18,48,13,17,17,2,101,USA,47.743186278867086,62.7658086140799,81.90890646608625,53.28300011763815,21.671423710050647,30.433837038828756,45.06434861754923,54.01420609753404,18.07413941207355,86.3743755446095,68.01434649002357,20.35879786660678,45.5566739162652,67.23807905407995,30.262590377519757,74.90872601174459,55.02122998860722,6.075163226919031,17.610461799128302,54.33520075618111,4.800686793161333,80.2661415173003,27.220086945751973,89.10644890369588,58.17956328876022,92.03222323833745,79.22231631654597,78.16576113284259,96.2429668008433,82.18204355948444,73.39148854164074,93.69665425731546,88.5226331939582,97.60574978768477,99.59849265294349
226162,2,15,38,6,8,3,11,105,USA,46.41731903598611,88.78225472418683,1.0,78.930623981037,17.11734969494421,55.004959023812035,49.99999999999858,47.13134731573945,40.23918650456716,16.135186567182956,68.01434649002357,54.063262499480516,13.81572005327331,96.72922815285358,10.058027109427712,13.115617267684058,15.648820633267945,11.155368604190585,1.0,11.50714455443594,79.22231631654597,61.40485267302421,55.28135202338723,41.86477327317664,73.74048971379887,21.255166203304185,83.27341643809916,73.55834364977648,99.64795569756393,98.78674413237513,99.52784010077323,91.68751759193776,97.67097823174231,76.99047717112194,99.0
92244,2,43,41,21,17,24,0,102,USA,82.78003679923415,66.54624894983101,60.5424373119057,47.70466906821406,91.55657756489688,93.48525340387232,62.685739247457434,35.0423946983492,80.3671613682983,1.0,53.29311963406161,47.70466906821406,10.186151472267312,93.64238429658258,31.122227016365883,45.17371817583938,8.552307569892605,76.59096398990584,21.487023866808073,17.82700499716219,61.25946572680101,12.987875674422298,28.966673346581445,8.962940915860088,46.98563916064137,14.378524128681903,3.5467133857440984,59.55017917542108,29.747258731625806,55.91895338249731,54.846168774782996,40.585778717067456,26.650481798648855,17.875995259367897,14.282856410831698
157976,1,17,42,31,14,14,3,103,USA,1.0,1.0,24.228751316149385,15.921465128015797,35.18913289854396,1.0,34.65648045418277,1.0,18.61184945230545,11.173985487562703,1.0,11.404612333522465,10.233315122673844,8.10044689153574,67.75023129801616,79.69335746054037,83.79928255838342,8.585289161933531,22.266214105837975,89.12969944645124,76.31086354020897,48.602028975173425,17.480198646710647,13.207181549323053,63.333561068866004,48.968503766757806,98.42992568877492,43.44677096715941,21.58071845921964,9.994604431249257,3.266656796991086,37.73513589160882,13.5601040623105,92.82346852083447,38.2372666632848
174981,2,20,27,15,18,13,8,103,Canada,76.9265725792942,76.99736846540372,53.12000614551897,64.06235791054291,21.671423710050647,82.49414361582035,94.72147410597472,97.12654093337324,75.81695156631247,89.26937941052824,87.62929142411929,85.91201735985874,89.20048547787871,96.72922815285358,23.876018721863375,34.3314735878171,25.12726961947294,45.61140169131329,34.352882342751116,21.3027614855734,21.62407111251096,76.16055538599448,81.75583192499732,92.59095325683506,36.46593774743093,86.01734838160507,40.39427439640821,63.652467915599175,36.85429734897804,53.15156358542765,58.5656690031538,39.32378978437407,61.01069607724554,4.965311134695554,33.429732576898715
38471,2,46,55,3,15,9,4,101,USA,82.78003679923415,61.91892508169872,87.43748015944948,36.380627243456786,91.55657756489688,75.32807768554233,75.85958331893107,33.90161694370457,38.03089399597786,18.42776043837648,59.82779962352896,20.791244461849743,30.736721929339495,72.19114017691345,32.17380449247631,78.64360704103217,39.60153246430622,10.954729552571052,8.490408007008512,11.243697957803903,80.01509013648229,93.36455021965276,83.25237944960452,86.12872371318815,64.87415180158689,81.65516168436488,79.92709893534379,88.55650798049987,27.97813353317639,8.165431414597577,34.84997484138398,36.88851327944508,35.48102721108222,54.38260045296113,39.164121453558494
58248,1,35,40,16,6,3,6,101,Australia,72.76363999186668,70.4714220996438,53.66061046757994,95.58814230780956,61.76273333671202,39.96934393210995,59.61189674467573,2.818328557637301,12.562519840547253,16.41836990916883,17.593372748471154,3.149557071884857,11.35054957986543,7.123265750995557,18.960142309248226,82.19946571129663,1.0,10.121619831216094,6.958337346731412,73.48346135784982,8.762443248801645,68.13059800447365,1.8221475069687187,59.94916971135797,68.50084497134463,76.10995412150169,99.36197777571101,69.4156405997457,73.25404655504099,73.19020655694652,84.90314718842296,69.15744480784218,37.023634211068725,54.38260045296113,82.88265030505272
128068,1,17,27,21,1,8,8,102,Australia,28.144018045301294,22.202985535358806,28.76555506693211,24.450026149603673,29.94808702969675,37.10034335235076,65.34351954581427,25.11909054195013,18.61184945230545,21.585353722915272,11.888818308870327,54.24481320760782,57.97667528380009,26.632797507014317,73.48346135784976,75.93679350049774,54.791869057443876,64.24761339053771,52.54107759706261,96.10945031112965,47.494685031003655,14.17919938246635,47.65939602551936,9.712717615729161,17.535418683808842,19.9849098635147,39.543731938542976,14.256562486093657,43.41098862817881,36.740964169189226,67.65818245209357,53.09290701174194,25.08133201404297,34.12556235771552,49.43510774796488
11799,2,43,42,38,20,26,1,101,Canada,97.69596114547562,89.9625610576469,60.5424373119057,70.13473438320716,88.24351183291469,93.48525340387232,98.51433266565493,18.14227509165019,80.3671613682983,1.0,7.821504501229896,70.13473438320716,23.061104035291663,25.197168825149134,46.41021409285935,53.95060925674363,23.9951441220185,97.5535711178419,56.018839058953176,14.388220962407416,35.73896974224084,2.2126250741847713,79.42646223603026,1.0,6.8200834549964355,18.344838315632046,1.0,48.305582994432655,31.54440425087057,25.048837768764088,27.318507249333862,33.25967091737266,18.605107809955825,96.29176126262075,17.855609388338962
221568,2,24,30,30,20,18,8,105,USA,52.256813721130186,42.80857461825059,35.81736676013651,84.6203993462982,71.15813214473707,35.93764208945407,39.164121453558494,58.67830270104173,50.63550054933802,73.79784262959129,46.70688036593572,47.70466906821406,89.26937941052824,13.513620199922286,98.48592827132052,97.39639012845555,85.99765760816524,99.52784010077323,73.28474665502551,65.28896729696976,97.96641038608618,20.484322923237272,52.403820182702646,12.993014428773478,59.00355203903064,18.344838315632046,39.44843304817931,6.169520740884394,50.483537963805134,55.91895338249731,50.808806724323006,48.10738101833368,58.97185396875591,44.64654924803892,48.576617450646324
10502,2,25,21,14,21,23,1,101,Canada,30.1860031641215,7.233315213337107,66.57026742309836,80.15066620083473,12.47330482372206,1.0,83.6093633598631,15.399601452388225,20.67268965707339,84.15710265842984,4.535059067241605,3.0754683431158867,13.024359851372537,17.11734969494421,54.26151488253112,74.87692820914225,27.705051260604677,49.03819143458776,32.25972665545132,81.45293791536483,45.87796928698316,38.42014413139253,52.403820182702646,22.701518884824225,46.98563916064137,18.344838315632046,49.99999999999858,65.03935511670318,86.25299947464043,73.33319121504621,97.52572732097963,66.74032908262433,44.78883368500453,68.60058485381398,99.37747445535263
235551,1,21,30,36,17,26,6,106,Finland,20.534815840469236,33.56443166115514,33.038220660422525,18.363391319755294,40.348835575312364,20.508511603777947,37.80945197566672,18.474125870092195,12.562519840547253,23.85571826394252,27.999307699752535,5.368564900396208,20.847780014460227,71.7487486783483,52.45351877055907,62.61750720984338,81.50662616521129,28.79653607930709,18.98397532185942,41.60700518705539,67.93474740485391,58.050759765580494,42.532852754387704,37.87624240388857,52.223645153743746,56.687055095672974,62.7658086140799,78.67594907520959,69.05084609642012,47.33197466719491,61.389447325112315,81.7480775831524,81.41475722390544,30.49117442662336,79.02888421023272
104553,2,49,59,29,8,3,3,102,Australia,45.622837950787414,47.596179817294626,72.36136535016311,59.13772006023231,55.830976460441036,66.01067157866157,3.5713024619715696,67.90588771553524,15.669449792360979,15.219684361003004,88.11866088490251,75.29940096995824,86.3743755446095,90.94023274545907,49.77546507255187,70.92998286223917,47.90708649651623,80.6034086023285,91.50959199298825,2.2925442179959816,21.69202253471761,59.37446596097516,24.65991214027227,93.78554924013008,89.68114552481791,62.94967134706582,55.302777255909916,12.97238277253956,38.01744165202632,55.91895338249731,27.318507249333862,55.668082219914254,44.78883368500453,10.878069661841323,58.035300002071665
299820,2,27,21,0,13,6,0,110,Canada,19.748315968039748,38.0810749182985,24.31408163404953,36.380627243456786,6.14410493977671,26.468749470533226,48.576617450646324,56.31434375436572,50.63550054933802,66.06762283826549,66.20780177702142,30.92981159264579,30.736721929339495,80.57148528841765,7.100159221690674,24.3543369865842,43.73447948589535,25.93062308515377,2.8566674935086525,3.9178591134474203,7.206955668380388,76.43388345219194,61.91892508169872,70.65410972728665,35.1258481984101,77.35318352774686,91.24648810278018,59.55017917542108,68.45559574912659,81.08909424315777,42.743613439347484,80.1804787722698,90.75306645260173,17.875995259367897,67.23225874558347
17090,1,34,17,34,18,15,2,101,USA,3.1814930313001355,28.5405116565955,1.0,53.185121557385685,20.561530401874762,6.14410493977671,8.962940915860088,68.86519140511643,27.638634649833904,83.58163009082807,51.840430352222086,74.50142217039121,80.53865605787837,48.05036885527579,45.765145174362544,58.313084197575165,23.59305727208681,33.216619884933806,84.67710944081546,46.256957089828006,42.903871202689004,52.86655318460737,56.53893235643574,37.87624240388857,46.66577108930471,31.333377765149464,72.45946413723033,64.46531457556091,87.25464923585389,92.88327765956069,96.04631989948655,58.67589879495944,84.99941429810258,63.96838866723374,74.91866798595385
302149,1,20,26,44,7,1,1,110,UK,41.426091839074786,1.0,48.47497472547985,20.028241776119472,62.664152664995186,66.74538267752837,77.46440955108017,99.67451220899397,60.728061954840825,99.11446288744287,96.93149583727586,97.89506570647995,98.70453490515831,74.24701051971755,77.12105671829761,75.93679350049774,70.25374326944495,40.434807185092495,99.0,63.46873685996724,57.493261250278636,99.0,94.47557225921162,99.6465849650117,90.05332961420049,99.6298510640463,99.0,99.08750835473393,48.721482619675214,64.1514006211413,7.180141644508581,64.50905892624388,93.02461770290074,4.965311134695554,66.11822851590068
32940,2,16,36,59,15,25,3,101,USA,51.72601805238503,23.002631534593064,90.6625911128209,42.36174007540245,65.03935511670318,59.96455073421714,30.69242588388164,64.17293659744888,75.81695156631247,51.71482449908609,44.67079951304356,64.06235791054274,75.54997385039349,49.0756605725677,87.4093698930343,90.7025534667996,83.18027635575788,85.83094718467828,87.07656476530121,71.08701564560687,50.50840487755136,34.81006046918327,45.676489579080624,53.49797160417478,52.73637541912245,33.87469800503456,13.725430869959183,42.58820505516337,22.914481651507117,19.249336944454853,39.12840574502866,22.221421111983574,8.067620121993713,61.58199982530522,47.19168211406509
85070,2,25,18,54,18,5,11,101,Canada,75.08560987423277,79.42646223603026,41.91533974070052,70.13473438320716,20.508511603777947,79.64120213339004,92.91508350555785,47.970263513904285,63.20312309096943,18.42776043837648,46.70688036593572,47.70466906821406,51.71482449908609,72.19114017691345,27.00868799896483,40.8204093289915,17.11734969494421,17.865663527580637,32.25972665545132,14.388220962407416,87.75190106309344,76.43388345219194,79.42646223603026,64.78278589337833,59.00355203903064,62.94967134706582,60.55156695181773,75.42677453203078,36.14275152406924,64.85190053121335,20.33982698209911,19.819521227727023,84.3242218657266,30.49117442662336,30.105722373059507
319264,2,21,44,40,9,27,9,110,Canada,1.0,1.0,1.0,30.92981159264579,12.47330482372206,1.0,39.164121453558494,87.65907828126547,69.241915284083,45.40024373105052,78.09129834681323,84.6203993462982,83.21243289066717,98.90219007153121,60.92228575759145,74.87692820914225,56.26552051410175,10.954729552571052,73.28474665502551,65.28896729696976,71.05247102613345,99.53989445152342,98.49434368092739,81.41475722390544,93.17991654500008,92.3405498933381,79.92709893534379,88.55650798049987,22.86494527729289,25.048837768764088,1.0,9.038096759454817,93.41517453375116,63.96838866723374,25.80553116473422
285049,2,29,31,43,2,24,3,109,India,23.073427420702927,42.80857461825059,72.36136535016311,47.70466906821406,34.81530240400832,1.0,39.164121453558494,80.52256485734847,26.128983665461305,84.15710265842984,95.46494093275498,80.15066620083473,60.225336049293276,76.50027093359677,56.49495686072771,91.29658428621372,85.99765760816524,14.245908175891344,8.490408007008512,47.263624580874534,61.25946572680101,99.4735827063306,86.77776916771938,93.78554924013008,96.00666942150986,89.20048547787871,96.45328661425253,94.9177941025722,28.859030683459878,51.36864963094524,1.0,44.33191778008268,87.70991929816626,5.399469858662272,53.319429804707454
205470,2,26,22,57,1,27,7,104,USA,69.07417815518039,13.22223083227749,91.4048634828622,64.72479717011902,25.0308986798388,75.32807768554233,97.12389438060234,20.059795162356977,56.97016483628056,1.9493102434503982,33.7921982229756,88.64046967681088,26.81939930077658,2.9804961449534773,49.77546507255187,40.8204093289915,20.457096935902428,72.34611144766149,56.018839058953176,73.74048971379887,40.7639845402021,66.19045769472592,42.80857461825059,1.0,70.54709916894535,57.8214434189569,91.24648810278018,94.9177941025722,96.10318790789006,99.67456807575786,94.2497690484131,77.02082321396949,76.67913134796015,91.51438874914072,83.6093633598631
29562,1,16,55,8,19,15,3,101,USA,69.99888775996612,72.29494873939228,73.07624464740519,54.704020423288796,35.18913289854396,46.99412107765221,87.73004283799435,1.0,1.0,34.077385217651084,1.0,8.138245840943256,1.0,1.0,1.9948670502555501,8.35517860605151,6.866545220718976,3.8285362743762335,2.6242539865913415,46.04939074325358,1.0,5.688523012533324,7.967776761659081,1.0,9.94667038579641,28.947528973863513,49.49875553694591,32.80222031111842,99.30496648127155,97.22106987591201,42.309529269011875,99.61615979975613,97.23801687866705,99.0,99.0
1423,1,25,20,2,13,3,1,101,USA,90.3363813680644,65.40796685857111,58.85493837740813,68.70258339069414,95.01170584151157,80.35947022086873,89.41168157878826,71.00186778562642,75.68591836594749,67.88573980876623,51.840430352222086,87.16186232831421,80.53865605787837,24.769386228452646,98.96628024073766,97.39639012845555,99.0,98.15081607196635,84.67710944081546,93.78554924013008,85.1758837078429,48.95717011571048,74.31609562768182,37.87624240388857,68.50084497134463,71.5236105989706,5.379454201511749,43.73447948589535,26.25321003760584,42.903871202689004,49.99999999999858,12.362471450670682,7.192308219868849,44.64654924803892,42.33245874030621
206840,1,23,56,1,21,21,8,104,Yugoslavia,71.5518825486115,87.9577765080262,53.66061046757994,22.733263538806,56.4544420238056,80.35947022086873,76.0272500337062,82.79337597240726,51.87270511600434,83.58163009082807,85.18869867852766,48.9377169468961,73.30402866692373,93.39157811109567,11.582758052378125,8.194386905717607,27.471562450578233,33.216619884933806,18.98397532185942,16.400122364874676,23.78808931319972,51.56411713841146,65.67904193769476,70.5644345908944,20.67268965707339,56.687055095672974,52.57787559748709,38.57759101883818,75.69012994028208,80.77786188366656,57.62660968811787,89.5486601335848,84.99941429810258,10.878069661841323,86.43989593768629
57464,1,59,21,10,22,30,5,101,USA,36.2472869970386,19.243841141222532,78.23795352732941,82.4708482798892,51.07837601973398,20.508511603777947,8.962940915860088,57.71388256228914,58.08466025929653,67.88573980876623,51.840430352222086,59.50871942031665,57.18008180471179,38.39571010362192,74.84181254244908,53.95060925674363,48.68203031647215,82.51494454378076,64.06235791054291,77.5637764425644,81.28692149370818,46.35277685339031,51.87270511600451,54.44332608373185,57.75674281970055,36.23605888348368,42.291087082205365,43.73447948589535,81.8058759907251,80.77786188366656,94.34254431075192,81.7480775831524,41.60700518705539,68.60058485381398,70.59207196494458
268835,2,17,40,32,10,22,4,108,USA,50.39837934269161,67.6991349370075,76.76487650897081,26.74848719592285,31.747142483319834,59.96455073421714,40.17220037646791,41.4281073119904,18.07413941207355,64.3925588198357,50.593135699815036,43.91268057637768,54.44332608373179,26.799440190550882,29.32458390597742,7.834533999019911,12.866069764899407,32.751143231381775,82.38953820086851,74.9804753003109,21.62407111251096,22.581053125291874,1.0,59.28595610939959,36.46593774743093,10.799514522117988,98.86480877159147,10.714195593724298,75.44649926802254,78.53212677802628,86.07981064123248,95.44701520521164,47.22811985829236,50.55606614092534,47.19168211406509
77448,2,46,54,22,9,15,9,101,USA,12.746532566770725,24.65991214027227,41.91533974070052,30.92981159264579,39.96934393210995,10.636437729519969,8.134210253605232,95.66656241004716,74.99408138629997,94.55163964211795,88.11866088490251,59.13772006023231,96.0687808460741,87.83320591397387,48.6529331597597,58.313084197575165,39.60153246430622,30.29568662558205,83.34590082095656,25.45049056170572,66.23505277541807,90.15512306280789,38.0810749182985,93.78554924013008,89.68114552481791,85.62147587131506,94.11982515853401,59.55017917542108,8.155527691214218,29.147485055433123,6.5624904528720975,6.9047873344051,40.094517212998085,5.399469858662272,25.80553116473422
263881,1,18,16,6,1,26,1,108,USA,72.31516209629689,57.30350820568515,85.5457731059488,79.11094946766809,73.09049750610438,66.74538267752837,30.46290046715066,83.53870910655223,72.73352751819738,65.92261478234616,78.00663739513197,74.50142217039121,85.5457731059488,69.76618448027108,85.37966302933592,92.15079630607045,91.81407667247765,96.17146372562001,52.54107759706261,33.16667535306172,76.31086354020897,53.68298588732165,61.61054636296922,67.20549961186697,63.333561068866004,59.236015459794885,39.543731938542976,22.914481651507117,14.101077450574905,50.4621874971607,38.098006018754745,6.930956849954356,3.0977328081992397,50.55606614092534,6.749673112788514
299685,2,18,0,52,8,5,0,110,USA,43.77326090641202,23.002631534593064,34.61916573918188,21.98554323401359,59.55017917542108,78.44189817358415,54.935651382447816,77.76846692547701,75.81695156631247,60.225336049293276,56.50795454375839,89.36356227047679,79.32731034292351,58.284910629285946,62.1917691409206,50.83735048134031,58.854938377407905,45.61140169131329,46.82434645388838,85.48287799381364,60.60359954468936,60.207991004079815,19.00967208037636,64.95948197352692,63.53406225256617,57.003317221551015,83.27341643809916,58.46198478449537,23.7295264914882,26.941078206479716,35.33576144754812,25.42533077083897,33.637604863282434,45.002837651201844,24.859259813697662
204524,2,13,55,25,13,26,6,104,USA,57.01717111178317,67.6991349370075,18.091093533910794,87.28581834787838,65.03935511670318,64.83340781780561,21.90870165318364,28.287012276805257,18.07413941207355,43.158876559428165,6.042297071122974,68.88674933652726,41.14506162258914,26.799440190550882,77.17230214040637,59.164320907627484,51.16041356852554,79.00918395050098,82.38953820086851,98.53634355420627,40.39427439640821,1.0,22.99667203151691,1.0,36.46593774743093,5.524427740784873,1.0,32.29361888896099,95.8574569162023,66.39018662627882,98.9931556093511,98.0979983975011,78.02643791803109,98.9965433323888,78.35350300402342
282995,2,23,38,22,13,25,2,109,USA,73.91318539954938,52.403820182702646,35.81736676013651,41.99495664515888,45.2259618242183,87.33959614283856,99.37747445535263,35.0423946983492,50.63550054933802,18.42776043837648,16.61144435151772,80.15066620083473,38.93485830207197,38.87170207648552,39.73751553232245,36.531263140029694,35.53468542443608,53.844028635023164,56.018839058953176,51.824706498066064,26.153560990154347,21.652703151403728,52.403820182702646,8.962940915860088,35.1258481984101,7.659450106658554,24.565864920511927,65.03935511670318,64.78766991412851,64.85190053121335,87.03652229280976,59.414221282929645,49.525487831820726,49.51248786451873,53.319429804707454
206790,2,53,4,34,23,20,8,104,USA,86.69990583454319,71.03332665341549,54.36555360329919,84.6203993462982,80.35947022086873,79.64120213339004,79.86341080358977,33.90161694370457,56.97016483628056,37.15180008304583,53.29311963406161,47.70466906821406,16.135186567182956,34.16187001140264,54.26151488253112,32.33683325556629,17.11734969494421,87.77079270679633,73.28474665502551,25.45049056170572,91.03705908413644,87.40027778817046,95.15007002202924,76.22732636636681,80.98379288575211,81.65516168436488,20.072901064652967,88.55650798049987,52.41687527482202,55.91895338249731,74.12755151230016,55.668082219914254,35.48102721108222,39.82652432314637,48.576617450646324
67620,1,58,58,10,22,26,6,101,USA,14.318868199443955,3.019669333842657,33.038220660422525,2.7765871849072568,56.4544420238056,75.896469460812,11.734640245817701,94.5277453650748,51.87270511600434,99.6444639680102,85.18869867852766,69.69101146171175,89.7400143986439,90.64706074455307,6.91295877817727,36.531263140029694,3.5441884953657734,10.121619831216094,69.674603705643,9.911413245848223,1.0,43.7573217524037,51.87270511600451,80.238196328105,12.26995716200264,88.09947126256975,72.45946413723033,1.0,37.43209426642454,30.050868353950648,57.62660968811787,33.57488279193916,81.41475722390544,17.875995259367897,20.178564309796258
23314,2,32,35,20,14,30,2,101,USA,50.92951243368651,92.76668478665965,66.57026742309836,84.6203993462982,25.0308986798388,35.93764208945407,5.635294664448608,32.76924519868169,15.669449792360979,45.40024373105052,92.17849549876689,20.791244461849743,5.441180697799297,63.026088336460134,24.035215611466498,40.8204093289915,47.90708649651623,39.49062956608225,1.0,42.72307250299582,40.7639845402021,67.52247311050343,7.233315213337107,93.78554924013008,75.94333318302654,72.76718201217892,75.43413507948515,53.95060925674363,97.80583051750898,95.50891987977968,89.71574307109427,96.5505293341688,63.60458836831259,81.35350509583145,99.36791336755778
255034,1,21,34,54,11,15,9,107,Singapore,56.14047461676449,91.35510392462345,53.66061046757994,82.4708482798892,8.962940915860145,39.96934393210995,46.48765477801305,5.147253564753086,8.595136517134506,32.114260191230755,45.709546168848874,1.0,11.35054957986543,7.123265750995557,30.611790322493704,40.8204093289915,61.76273333671202,20.526002638217875,29.2312123443686,16.400122364874676,47.9668538851372,41.17718921370334,74.31609562768182,75.54997385039337,16.266918122059394,46.3923581404963,37.234191385917086,15.530101051614082,96.68404532271688,98.27719708682389,75.63332256004708,84.53344341718957,97.6332149299792,63.96838866723374,99.41468443269127
193682,2,28,22,34,15,25,1,104,USA,81.74165331337178,92.76668478665965,29.92105452901481,64.72479717011902,88.24351183291469,26.468749470533226,97.12389438060234,43.21166675331921,56.97016483628056,29.2312123443686,11.881339115094278,64.72479717011902,51.71482449908609,58.25364669194022,33.23363959699367,10.870300553545434,14.002342391831263,67.90892130832316,67.74027334454553,42.72307250299582,45.87796928698316,30.373205774212465,47.596179817294626,22.701518884824225,24.056666816970278,72.76718201217892,1.0,70.35319944682698,62.9221026813139,64.85190053121335,42.743613439347484,63.11148672055191,49.525487831820726,85.08412333851334,58.035300002071665
246343,2,27,22,41,12,20,1,107,USA,9.307827659992853,33.453751050166034,14.318868199443983,30.92981159264579,34.81530240400832,14.087982640138051,5.635294664448608,26.185901261901705,11.211724100645796,25.45996442274705,53.29311963406161,41.99495664515888,43.158876559428165,25.197168825149134,88.59759370670099,74.87692820914225,93.72983996355435,76.59096398990584,26.715253344971444,95.70424778762697,80.01509013648229,30.373205774212465,66.54624894983101,1.0,24.056666816970278,77.35318352774686,29.328766576388233,31.747142483319834,41.81308801902122,42.27146376772623,46.766679265890104,33.25967091737266,35.48102721108222,63.96838866723374,48.576617450646324
1461,2,15,37,34,14,3,1,101,USA,81.32018245363395,81.26342017218394,65.3808342608151,9.848895463132322,94.9177941025722,89.60055360530589,78.09129834681312,14.95623463693724,52.45351877055924,5.441180697799297,13.188630176919133,54.063262499480516,49.99999999999858,1.0,88.09848402529406,93.07869517425445,62.64068640317316,67.24885676861538,34.352882342751116,99.33761549856104,90.31994505042348,95.2468242595038,96.36147742788762,47.66706510853851,82.88265030505272,74.72943511559401,97.54046586676623,93.03225210487653,1.8491839280302855,1.0,1.0,32.194701977513006,2.0528534047376468,50.55606614092534,5.3028783114198745
143028,1,19,13,58,14,15,11,102,Netherlands,32.842722465108125,57.30350820568515,33.50591881826929,29.13517763775053,29.94808702969675,52.004524179074735,30.46290046715066,28.40372126968714,72.73352751819738,14.353978603877408,16.19559232062153,43.64141819818519,19.94284710093362,55.42754164975008,52.496530987935046,54.88643771118808,70.25374326944495,73.21175121452501,52.54107759706261,33.16667535306172,23.689136459787903,1.0,25.27056488440266,1.0,17.535418683808842,19.9849098635147,7.1638769439176,18.402231663414995,35.07735856143398,50.4621874971607,63.565929724145064,45.36397585546422,10.339449224591391,56.10310053102842,9.994604431249229
254669,1,27,12,4,7,9,9,107,Australia,22.777503227733206,1.0,23.542947406190677,37.376126900058125,45.69101423380141,9.068460239733724,83.22054561069058,6.266716796231194,22.171947493611015,32.114260191230755,5.750230951583561,5.368564900396208,14.2706461653477,13.171612727054935,6.91295877817727,13.85480603215845,39.95646936187677,1.0,2.0484137323826275,46.256957089828006,33.024071419858416,81.76278994088227,47.19168211406509,65.3435195458141,35.72345774980255,80.43433057250775,99.26893892869771,74.16973230320127,69.90448498609726,51.77910640573515,9.892669062583508,69.15744480784218,99.52784010077323,94.13055647783642,61.450021863645304
56599,2,15,14,27,8,28,5,101,USA,33.42310129563086,14.79180849177061,23.23512349102603,31.77158528160487,65.03935511670318,44.99504097618501,54.935651382447816,68.5344066868521,46.32138626874536,34.78467417757349,78.58858792556782,48.983237584427684,79.32731034292351,86.63338107695051,74.52419832809181,85.0883262902704,80.12018947505294,58.746642970756454,71.58235461751946,54.33520075618111,55.58203895537741,77.21073928416274,81.75583192499732,59.28595610939959,63.53406225256617,89.20048547787871,55.58203895537741,58.46198478449537,26.227005773014127,15.74762055341634,46.873144753778206,19.16249926646887,25.158187457547797,61.58199982530522,42.532852754387704
297943,1,21,4,39,23,1,11,109,Canada,42.797828385883236,38.76343628455788,28.17955672026264,78.16576113284259,45.69101423380141,25.0308986798388,55.263629249518715,12.4862614482511,17.11734969494421,40.92026450019563,39.636916846050894,11.404612333522465,17.445521498293687,7.123265750995557,78.66773839041639,62.61750720984338,87.97121727048989,56.62565795263481,52.371791064982006,95.93501744805155,53.04877238159048,64.41370462429472,47.19168211406509,70.5644345908944,82.88265030505272,31.333377765149464,67.6991349370075,59.37039484136545,95.5775372625859,90.31994505042348,87.61626691846152,75.7080910490638,81.41475722390544,91.51438874914072,99.67213447575466
55466,1,19,21,51,5,25,5,101,UK,16.438119563489806,41.661395976928816,12.313095417253464,15.921465128015797,20.21548134609074,5.872818118300017,69.53709953284641,15.178264381649882,35.57062646454057,38.53778649358617,43.382320882034605,19.2114517347637,23.678321390588252,1.801184585825851,62.77458622907699,75.93679350049774,83.79928255838342,31.190177032009785,27.840394651610865,82.88265030505272,32.780366410893976,62.46359749636002,52.34060397447763,35.83531319762784,31.530690686149,69.14764735755358,98.42992568877492,43.44677096715941,63.48653732224341,32.326088516707244,67.65818245209357,68.1837682854158,38.54997813635191,97.60574978768477,43.80047150705559
129034,2,18,41,37,16,15,8,102,USA,32.16868321419213,52.57787559748709,71.22629291164247,36.99571155383836,42.68003802225007,17.505856384176695,17.88661623946294,58.57189268800664,40.23918650456716,55.989958694574455,96.99942804511682,38.89893101034255,28.417645382477644,71.52971542119849,6.567273606924147,13.115617267684058,12.866069764899407,1.0,12.923435234695575,37.1121953585116,35.44845706311651,97.57868479014326,64.70990500369106,97.64277972473144,96.08214088654938,92.03222323833745,99.60571132023324,53.185121557385685,29.66762060521779,48.64867122355571,2.3732083900071217,42.977345193462895,93.90773088061007,2.7568964400769715,42.532852754387704
104661,2,21,55,58,17,3,3,102,USA,76.24141630310271,75.34008785972469,91.4048634828622,95.05909897483161,1.0,83.66082146415988,75.85958331893107,88.46011826017582,80.3671613682983,66.06762283826549,78.09129834681323,59.13772006023231,76.20132219233813,99.5674433049578,19.332934092860626,36.531263140029694,17.11734969494421,72.34611144766149,16.654099179040458,1.0,45.87796928698316,90.15512306280789,79.42646223603026,64.78278589337833,85.58941731904213,81.65516168436488,44.69722274408724,98.75950003467142,41.81308801902122,84.60948438918092,20.33982698209911,51.892618981663475,72.49671585319584,1.0,58.035300002071665
258968,2,21,36,4,4,7,11,107,USA,32.669110880435056,20.573537763966584,48.12729488399276,30.92981159264579,61.07139808454821,1.0,87.05895219246986,3.6511238336615577,2.0362323566985197,41.24825991472602,1.0,20.791244461849743,1.0,43.67753549670533,3.0651019287651735,28.267673322213682,23.9951441220185,5.518383821948504,1.0,17.82700499716219,2.673062899277184,37.05233351832487,86.77776916771938,1.0,24.056666816970278,92.3405498933381,34.30761847227842,21.671423710050647,84.85335152946777,69.1661111306675,50.808806724323006,85.98172945970623,95.65775474633347,68.60058485381398,90.17368850612843
175216,1,21,49,50,16,15,8,103,Belgium,91.14282984592842,94.2497690484131,23.542947406190677,78.16576113284259,66.94677104914928,91.55657756489688,96.28464744855683,21.295712658856075,39.4575626880914,1.7707981883185226,27.999307699752535,19.2114517347637,36.18273462646164,62.553226842568904,1.0,8.194386905717607,7.6989239167481855,13.27157339255723,6.958337346731412,28.20459265453337,1.0,65.662671312513,65.67904193769476,48.88792965914092,20.67268965707339,51.547120780486466,72.45946413723033,93.18925463440826,62.03145947103508,60.60359954468936,34.90827568636843,95.42391757198754,64.78278589337833,21.84035593194926,61.450021863645304
76969,1,34,56,53,9,12,9,101,Canada,67.83413355411341,60.18072278051625,58.85493837740813,68.70258339069414,51.07837601973398,61.07139808454821,68.07622402073508,32.65283474222545,17.11734969494421,20.017286690563964,57.946348166777,23.643949523418712,28.224864339480575,80.17625967302877,6.91295877817727,10.870300553545434,16.444064482690663,16.752530593318255,14.454226894048105,41.60700518705539,3.7302118512646842,41.17718921370334,20.866239721879907,43.344921433791285,25.42533077083897,56.687055095672974,88.78225472418683,28.6562827261815,72.42696555428512,84.23552337241927,61.389447325112315,81.7480775831524,84.99941429810258,49.51248786451873,32.99807104191294
57279,1,28,41,58,4,30,5,101,Algeria,92.6627248721777,87.9577765080262,73.70462543469392,95.58814230780956,92.27885279287841,88.24351183291469,37.80945197566672,62.25020804081413,45.63444639669791,27.89944823044962,75.28209110360444,83.29083516369599,73.30402866692373,48.05036885527579,67.718919034203,32.33683325556629,44.299389968876426,78.68758818548724,95.34962570683183,98.84315228214336,11.969716158754522,24.08158286681632,13.649579136660321,70.5644345908944,35.72345774980255,14.045757510992814,32.30086506298957,38.57759101883818,75.69012994028208,73.19020655694652,96.04631989948655,89.5486601335848,32.54383356563801,68.60058485381398,32.99807104191294
255392,1,20,44,50,1,21,9,107,Australia,99.0,92.04776774279742,96.84769134625276,93.46210350921172,99.33088529768906,93.62486758591967,99.0,99.60365363996254,99.1222890331369,88.82601451243409,72.74322579062357,96.0323757739917,99.43988465539303,96.96436829187974,73.48346135784976,75.93679350049774,38.88776370935125,68.80982296798709,81.89134079507176,41.68691580242188,97.88849736712098,99.63924414626251,92.03222323833745,72.12523512955323,99.01814618675814,98.74372619654946,73.67177934677,99.08750835473393,44.46942677828088,45.84458055273865,22.331027267183856,45.36397585546422,67.00192895808408,50.55606614092534,49.43510774796488
173771,1,18,30,38,14,4,8,103,USA,16.438119563489806,10.464903476895557,43.40796818255575,1.9201191433458717,24.93622284681038,61.925522292421476,30.46290046715066,85.35937438653923,66.85561577610315,85.64602139611941,91.15623620881456,59.50871942031665,44.67079951304356,96.96436829187974,6.641011459382554,1.0,9.122016043886646,1.0,71.00186778562642,71.73232667778342,1.0,32.424031140964416,1.0,46.284843661040384,47.30504833157312,86.32158378821839,92.28730726405854,4.610299190963303,77.15827842989381,90.57410162984377,63.565929724145064,84.63890055985053,93.02461770290074,39.50535605806317,22.625616852424997
49739,2,20,38,36,19,9,5,101,USA,43.77326090641202,47.42212440251018,65.3808342608151,74.22680595634887,9.301460576598942,59.96455073421714,26.19180591511258,82.43748245483914,75.81695156631247,94.14497980466729,78.58858792556782,54.063262499480516,54.44332608373179,79.56525799826431,12.038075403644257,13.115617267684058,28.593976969392457,28.66808138882041,28.417645382477644,25.019524699686087,2.7946545841539177,22.581053125291874,1.0,53.49797160417478,21.525833663213177,61.61054636296922,45.430036846224084,18.363391319755294,72.06746650826909,78.53212677802628,76.81782783447204,57.75674281970055,65.48158958671098,72.08762914155761,65.67904193769476
131594,2,16,52,4,21,2,9,102,USA,34.68823253350803,67.6991349370075,3.2140818418625656,74.22680595634887,26.569667184096602,30.433837038828756,40.17220037646791,12.514283048362387,23.124395931777997,34.78467417757349,17.57742842669819,12.660403857158286,28.417645382477644,12.09412374001377,28.39449260468919,19.43314824970622,21.800272892309238,45.61140169131329,53.17565354610883,45.66479924381599,26.016015886155145,17.591728760230296,1.0,36.162632748775025,21.525833663213177,29.489405286236234,70.30114211772138,18.363391319755294,54.73877103055514,35.331007974480485,58.5656690031538,78.40254957459194,21.19945721193062,76.99047717112194,61.15337443158933
116298,1,18,19,11,12,6,5,102,Australia,69.99888775996612,52.09291350348076,89.03637313295235,59.88492177432994,67.97952772928915,27.678385686496995,77.46440955108017,1.0,1.0,1.0,1.0,1.0,3.4351090716735797,1.0,80.58069702126636,86.49926786234823,93.95438313728812,73.21175121452501,1.0,98.8122764454913,67.21963358910307,17.01934564678342,86.01734838160507,1.0,26.592618623731795,15.938564502569761,7.1638769439176,48.90503595078849,81.54838087464827,45.84458055273865,75.45647859765882,60.755110706404594,38.54997813635191,99.0,92.64653721661432
329834,1,18,10,37,14,17,2,111,USA,94.87987810819982,88.86148498074533,89.03637313295235,69.90073238460064,93.41133221080338,66.74538267752837,87.73004283799435,25.11909054195013,18.61184945230545,47.689773852054714,49.39681158829484,15.113676818130472,35.93764208945419,26.632797507014317,83.04301634577962,89.48518672399871,73.87736666989514,35.752386609459336,81.89134079507176,89.12969944645124,76.31086354020897,90.70706837379589,74.72943511559401,76.81282413922463,90.05332961420049,59.236015459794885,85.870934111515,88.0302838412423,87.82925888562863,84.28738319745946,75.45647859765882,53.09290701174194,75.75930386519542,92.82346852083447,95.42391757198754
277161,1,22,17,40,13,13,0,109,USA,44.125363741346746,8.023942742092885,82.47693013887124,68.70258339069414,35.108318953570915,29.81782479991668,55.263629249518715,95.5740741721579,80.9158733380425,89.92405368224854,85.18869867852766,93.58662019346582,86.9295000701353,83.99766180589484,43.5455579761915,53.95060925674363,27.471562450578233,37.77526335357368,46.4438168710891,41.60700518705539,67.93474740485391,76.3694759768282,47.19168211406509,88.47492695334438,73.58796746462082,61.76273333671213,81.26342017218394,54.18252200787731,55.69045208016746,84.23552337241927,61.389447325112315,20.597804832851892,81.41475722390544,17.875995259367897,66.08916647993237
333070,1,17,30,11,10,28,3,111,USA,25.869896043434807,72.29494873939228,3.9337027838011664,1.0,82.4514572124765,84.02866242798461,6.879750348352232,30.654535915186386,60.728061954840825,78.41464627708172,1.0,87.16186232831421,53.556183128907946,1.0,61.76273333671202,1.0,9.122016043886646,99.6000872796244,90.78367717117158,94.14238126470923,71.8673250198251,1.0,1.0,4.186852624635776,1.0,2.033589613910209,17.11734969494421,1.0,21.58071845921964,1.0,88.71309683207005,17.11734969494421,17.11734969494421,72.08762914155761,4.09567426156363
313423,2,47,23,28,14,25,6,110,USA,18.679817546362983,16.747620550392412,24.31408163404953,30.92981159264579,61.07139808454821,22.051478045657404,21.709330571400272,63.34756260024528,44.29159025946308,53.76502334688104,59.82779962352896,84.6203993462982,64.3925588198357,48.53763055243792,33.23363959699367,49.56063603396092,27.705051260604677,49.03819143458776,56.018839058953176,14.388220962407416,40.7639845402021,87.40027778817046,66.54624894983101,76.22732636636681,70.54709916894535,81.65516168436488,91.24648810278018,65.03935511670318,47.58312472517491,33.40694941671984,42.743613439347484,33.25967091737266,68.12570526155298,59.21514729374104,62.685739247457434
123142,1,17,41,39,23,27,6,102,Australia,55.31030002168791,85.24142108866056,43.40796818255575,39.08901951515952,51.6679506587941,42.010938364274864,56.6550785662057,26.20087671274368,41.772148309260274,56.91289499716851,37.45479722966138,3.149557071884857,27.610421178598017,40.658217719685524,83.04301634577962,83.22475351117635,95.79065569603574,54.802631573815574,27.840394651610865,89.12969944645124,71.8673250198251,86.54403128753415,78.74483379669266,81.21427908087765,73.40738137626522,73.84643900984258,59.47192606071229,88.0302838412423,76.24347714238922,76.84829742141653,85.76243338907386,45.36397585546422,52.88414344558328,76.99047717112194,81.10647704264375
69595,2,20,15,31,16,3,7,101,USA,21.500199199095363,27.54053586276666,13.42929580372271,1.0,65.03935511670318,59.96455073421714,35.36705841812295,19.384067383735072,18.07413941207355,60.225336049293276,27.610421178598017,20.35879786660678,17.11734969494421,18.93461870143412,50.10168249037429,38.373334834597244,39.62383943814069,58.746642970756454,22.80601852482937,74.9804753003109,60.60359954468936,7.029982361003988,22.99667203151691,53.49797160417478,1.0,13.982651618391913,30.63992438136114,4.878981883811036,38.70023219287839,2.9979178016918553,31.624997092283593,71.91948341704608,61.01069607724554,81.57742612003744,24.859259813697662
37807,2,33,56,19,0,8,4,101,USA,28.963387129747275,75.34008785972469,35.81736676013651,30.92981159264579,75.896469460812,14.087982640138051,1.9807224414555975,55.12717955246546,69.241915284083,41.24825991472602,53.29311963406161,70.13473438320716,76.20132219233813,17.11734969494421,85.4888347581699,45.17371817583938,91.44769243010387,87.77079270679633,49.99999999999858,77.70620629091718,91.03705908413644,7.6950619087282774,42.80857461825059,28.20459265453337,19.016207114244878,27.23281798781821,8.753511897216725,1.7823386851823528,61.98255834797078,46.8080809597364,70.4714220996438,51.892618981663475,18.605107809955825,94.13055647783642,71.63636970116852
23496,2,42,45,56,21,30,2,101,USA,67.83131678580486,47.596179817294626,48.12729488399276,80.15066620083473,25.0308986798388,75.32807768554233,87.05895219246986,36.19096488527089,44.29159025946308,77.4421785863118,33.7921982229756,20.791244461849743,13.024359851372537,48.53763055243792,52.02032500607646,82.19946571129663,56.26552051410175,44.24036830069821,1.0,51.824706498066064,71.05247102613345,24.052531336295004,28.966673346581445,17.601766613999473,29.452900831051807,42.17855658104003,15.903862568815157,65.03935511670318,39.90842266416678,37.79301445376893,38.763436284558,55.668082219914254,30.986852474538694,59.21514729374104,34.571415401094725
98098,1,49,26,20,14,1,2,102,USA,1.0,1.0,1.0,22.733263538806,20.561530401874762,3.7542264838543957,11.734640245817701,94.5277453650748,70.07894547098209,99.19345588125475,89.39717246292184,64.67544802501914,86.9295000701353,87.50184206961114,67.718919034203,88.55650798049987,61.76273333671202,16.752530593318255,64.06235791054291,73.48346135784982,67.93474740485391,89.26333019496735,91.76591663041097,70.5644345908944,78.40254957459194,98.11132681325103,57.708912917791565,54.18252200787731,18.48526301120421,18.510816413584024,9.892669062583508,12.362471450670682,41.60700518705539,44.64654924803892,37.61317345856344
99100,2,33,7,38,21,6,2,102,USA,62.75273974392064,95.15007002202924,48.12729488399276,64.72479717011902,12.47330482372206,45.936737500516585,71.63636970116852,1.0,1.0,9.551783999317706,16.61144435151772,1.0,10.186151472267312,34.16187001140264,1.0,3.890549688866855,6.270160036442462,1.8771889975362797,2.8566674935086525,21.525833663213064,13.678416211778597,70.14729967836013,24.65991214027227,58.701033451356636,35.1258481984101,85.62147587131506,99.28463248557068,53.95060925674363,94.84636197451175,81.08909424315777,84.11426570792503,66.74032908262433,99.48344021986497,73.06999613385693,99.36791336755778
220261,2,49,56,41,8,24,7,105,USA,24.21885811538465,20.573537763966584,66.57026742309836,41.99495664515888,34.81530240400832,51.01676241556953,3.5713024619715696,92.77715291674645,74.99408138629997,62.034618989035664,95.46494093275498,95.05909897483161,91.86904674501659,76.50027093359677,45.29104639904784,53.95060925674363,52.09291350348076,30.29568662558205,38.04138284016847,42.72307250299582,61.25946572680101,72.71316945068054,66.54624894983101,76.22732636636681,70.54709916894535,85.62147587131506,34.30761847227842,53.95060925674363,32.452670086582,33.40694941671984,46.766679265890104,16.82603599576234,68.12570526155298,44.64654924803892,21.709330571400272
264883,2,24,53,0,13,19,2,108,USA,76.24141630310271,75.34008785972469,77.8280525063858,53.441633783084455,80.35947022086873,35.93764208945407,79.86341080358977,17.209622772311718,26.128983665461305,33.13730422869742,53.29311963406161,8.513015135789828,5.441180697799297,43.67753549670533,40.84088159152816,28.267673322213682,43.73447948589535,34.82904556346739,8.490408007008512,73.74048971379887,71.05247102613345,49.578001819627275,75.34008785972469,46.256957089828006,24.056666816970278,47.38424542522603,65.69238152771845,31.747142483319834,73.76036480300553,69.1661111306675,50.808806724323006,48.10738101833368,87.70991929816626,85.08412333851334,75.85958331893107
310506,2,48,13,31,7,20,4,110,Australia,78.49980080090143,66.54624894983101,35.81736676013651,80.15066620083473,39.96934393210995,70.76878765562856,98.51433266565493,45.58642466126116,44.29159025946308,33.13730422869742,78.09129834681323,30.92981159264579,26.81939930077658,76.50027093359677,27.00868799896483,45.17371817583938,17.11734969494421,39.49062956608225,43.98116094104404,17.82700499716219,45.87796928698316,94.752487281154,92.76668478665965,64.78278589337833,80.98379288575211,94.99002850697514,60.55156695181773,88.55650798049987,41.81308801902122,55.91895338249731,31.027056149688406,48.10738101833368,68.12570526155298,14.207986596123675,53.319429804707454
249382,2,17,50,32,17,12,3,107,USA,26.086814600447838,85.20819150822626,46.87999385447824,1.0,75.42677453203078,7.436016474257286,21.90870165318364,52.86865268425754,64.53469706952234,23.061104035291663,78.58858792556782,82.09122407614211,45.5566739162652,31.027056149688406,31.208133303036135,30.390084313250185,5.939946185458581,32.751143231381775,46.82434645388838,54.33520075618111,65.52574711047504,27.959146065188264,2.2963252312841576,70.44701254587068,17.11734969494421,38.38945363702777,83.27341643809916,14.33903948472684,29.66762060521779,19.249336944454853,69.83155565887887,32.194701977513006,51.84839431971352,19.311718575472838,20.866239721879907
83945,1,18,28,0,18,28,10,101,USA,16.438119563489806,62.44180605288369,9.06392701881444,12.18133681601131,35.18913289854396,32.307703355288595,18.86528799783011,76.58243704859956,72.73352751819738,74.43439806100423,61.37045033015977,74.50142217039121,88.62160056241169,35.84241749170508,39.0501002476023,14.133562210003134,46.80296378872333,35.752386609459336,65.039355116703,75.6456630134129,19.495118163150465,38.5265098022748,33.87469800503456,51.59328961075215,47.30504833157312,8.962940915860145,85.870934111515,27.7341865131485,78.95240758070531,59.65116442468491,71.63116465773368,98.50940070473325,71.47277817691389,34.12556235771552,66.11822851590068
111058,1,20,54,17,9,7,4,102,Lithuania,64.0135400967871,46.8616625569893,81.69065865934795,34.03205562984181,51.6679506587941,80.09800138568346,56.6550785662057,99.36727190822148,83.37058464759491,99.0,98.6846009030711,74.50142217039121,97.49982106207563,94.95017036800039,92.12013084819557,92.15079630607045,95.79065569603574,94.01347411184531,86.63338107695051,37.38249279015383,84.40401259632893,86.54403128753415,78.74483379669266,85.27561239450836,86.47075137508511,89.77479615703214,21.13987954689776,88.0302838412423,11.883981245049227,36.740964169189226,7.180141644508581,20.195682365934147,17.11734969494421,7.786941691750158,43.80047150705559
9954,1,24,56,17,19,22,1,101,USA,96.91525090957623,94.2497690484131,95.45650955974043,95.58814230780956,20.561530401874762,80.35947022086873,96.28464744855683,1.0,1.0,1.7707981883185226,1.0,1.0,8.712627306090496,2.811291111333418,65.60337400410845,53.95060925674363,84.87183008061447,61.29976780711877,2.0484137323826275,99.52784010077323,37.907163869258454,11.073607481650981,17.11734969494421,4.235580745426944,20.67268965707339,14.045757510992814,52.57787559748709,33.53431189536067,99.51131392531386,96.89361746781822,98.52527446695672,99.02892022743436,55.608646060651324,97.95626338386808,92.50454448548237
43675,2,31,40,24,23,22,4,101,Australia,11.845142514417375,28.966673346581445,19.084126661954485,30.92981159264579,12.47330482372206,5.030451167629934,48.576617450646324,8.9866184332856,1.0,29.2312123443686,33.7921982229756,12.124301089074606,23.061104035291663,17.11734969494421,20.24566107649926,24.3543369865842,39.60153246430622,8.03219799034747,16.654099179040458,42.72307250299582,40.7639845402021,35.69384770455139,7.233315213337107,28.20459265453337,35.1258481984101,57.8214434189569,91.24648810278018,26.569667184096602,95.28414707501008,90.76405995088896,58.854938377407905,90.96190324054191,93.41517453375116,91.51438874914072,97.12389438060234
308707,2,24,2,37,18,21,3,110,USA,41.669108846333586,42.80857461825059,54.36555360329919,20.791244461849743,61.07139808454821,31.1132506634697,58.035300002071665,44.397603800530305,31.945871788203334,37.15180008304583,33.7921982229756,59.13772006023231,68.46322926279544,38.87170207648552,65.26968896715852,66.8333246469353,72.29494873939228,39.49062956608225,61.958617159828464,81.45293791536483,35.73896974224084,46.766679265890104,38.0810749182985,46.256957089828006,40.99644796096635,62.94967134706582,65.69238152771845,31.747142483319834,34.28695882176464,42.27146376772623,31.027056149688406,36.88851327944508,44.78883368500453,30.49117442662336,48.576617450646324
79132,2,24,4,41,17,27,9,101,USA,73.91318539954938,75.34008785972469,82.88265030505261,30.92981159264579,55.830976460441036,79.64120213339004,67.23225874558347,33.90161694370457,38.03089399597786,18.42776043837648,16.61144435151772,53.441633783084455,43.158876559428165,63.026088336460134,77.50611717699314,58.313084197575165,88.86148498074533,58.61780956927589,56.018839058953176,81.45293791536483,66.23505277541807,60.755110706404594,75.34008785972469,34.02330933641292,46.98563916064137,77.35318352774686,29.328766576388233,70.35319944682698,41.81308801902122,42.27146376772623,46.766679265890104,22.97917678602758,54.26599085816497,44.64654924803892,62.685739247457434
283351,2,17,8,12,11,30,2,109,USA,9.794579653171354,47.42212440251018,59.316179143202476,47.810544909075986,6.169520740884394,1.0,35.36705841812295,1.0,1.0,60.225336049293276,1.0,2.300542363605473,20.67268965707339,1.0,67.07210642938304,59.164320907627484,58.854938377407905,82.5422801540393,22.80601852482937,74.9804753003109,65.52574711047504,1.0,15.299157425058581,1.0,3.9178591134474203,1.0,17.51142959544154,18.363391319755294,83.24746940667842,74.66155608194424,93.36374642288627,35.72345774980255,51.84839431971352,97.60574978768477,99.02329346947283
108839,2,34,11,22,18,25,3,102,USA,44.30101977490665,38.0810749182985,35.81736676013651,84.6203993462982,50.53116852032986,51.01676241556953,21.709330571400272,28.336089861700742,1.0,49.58131153933135,59.82779962352896,84.6203993462982,19.490233876291597,17.11734969494421,18.4350912295603,3.890549688866855,52.09291350348076,67.90892130832316,21.487023866808073,33.840423460596384,1.0,2.2126250741847713,1.0,70.65410972728665,1.0,10.799514522117988,91.24648810278018,1.0,96.84468413205752,60.42477581553817,99.66381458582202,99.54391727273241,14.973082087715454,99.0,95.24464839547647
162205,2,15,18,13,22,15,4,103,USA,38.539469629517725,37.234191385917086,28.773707088354342,26.74848719592285,70.35319944682698,35.16659218219144,54.935651382447816,5.204227958241404,3.3657144731954673,43.158876559428165,9.318528582299422,1.0,17.11734969494421,18.93461870143412,14.898527423199539,7.834533999019911,10.306438846305383,2.461532887041855,22.80601852482937,78.69723851442359,35.44845706311651,49.266232098310525,36.21588033259451,36.162632748775025,73.74048971379887,38.38945363702777,93.22069447116962,14.33903948472684,78.68758818548724,26.941078206479716,96.83349055384474,89.43795809684354,61.01069607724554,98.9965433323888,42.532852754387704
38196,1,21,11,18,22,8,4,101,USA,94.05286581499831,79.88105043362498,68.9285864716831,93.03225210487653,81.1885734906025,91.55657756489688,72.13117650841292,78.1237047984855,93.46684484996422,67.88573980876623,45.709546168848874,43.64141819818519,89.7400143986439,71.7487486783483,20.776366025029716,20.62737789529018,5.43365127939073,47.15427409876639,10.420623092910688,46.256957089828006,53.04877238159048,1.0,24.859259813697662,1.0,1.0,17.920341442966446,14.79180849177061,5.750230951583561,15.651058957657114,26.016015886155145,34.90827568636843,62.23415499654976,2.9895442538276598,1.0,28.527221823082982
114415,2,17,57,29,9,24,4,102,New Zealand,75.78114188461245,72.45946413723033,18.091093533910794,93.84358422319974,80.19514273855225,64.83340781780561,64.6329415818742,45.985793902462774,52.45351877055924,47.4283312062351,22.40974990335252,54.063262499480516,45.5566739162652,58.284910629285946,63.17851639771209,63.253774141245344,47.29334144891749,85.83094718467828,46.82434645388838,78.69723851442359,26.016015886155145,12.233685683601124,45.676489579080624,11.657982565176184,41.82043671123682,13.982651618391913,2.7946545841539177,27.39466858187575,27.932533491727924,12.51925154915159,73.39148854164074,28.75587535527049,21.19945721193062,56.10310053102842,20.866239721879907
61478,1,38,59,16,14,11,6,101,Canada,72.76363999186668,70.4714220996438,63.961477249015104,73.55834364977648,40.348835575312364,55.830976460441036,79.73389095000289,14.942565127935723,33.4297325768986,45.44302405066958,13.060336169444241,19.2114517347637,17.445521498293687,13.171612727054935,71.84876806160958,66.8333246469353,90.7742340882254,37.77526335357368,29.2312123443686,88.28075826138559,63.080058676461306,51.56411713841146,70.07894547098226,17.983638162857602,52.223645153743746,51.547120780486466,37.234191385917086,74.16973230320127,82.52638925998667,84.23552337241927,72.23384881392207,65.73375433988832,69.21080137353118,77.33488278773791,89.66055077540534
33009,1,23,21,54,18,25,3,101,USA,82.88265030505272,70.4714220996438,63.961477249015104,78.16576113284259,40.348835575312364,71.15813214473707,94.35622876510081,46.19023280498891,64.18263323986054,40.92026450019563,33.70576361322108,48.9377169468961,36.18273462646164,62.553226842568904,1.0,1.0,2.0610892112853634,10.121619831216094,18.98397532185942,20.095747650381668,19.5298787259662,47.65425523944333,33.429732576898715,59.94916971135797,46.66577108930471,51.547120780486466,47.42212440251018,54.18252200787731,63.814096660936116,51.77910640573515,38.61055267488479,81.7480775831524,81.41475722390544,49.51248786451873,56.71470844881128
194501,1,39,51,8,19,4,2,104,USA,38.846625568407774,28.5405116565955,63.961477249015104,37.376126900058125,20.561530401874762,25.0308986798388,76.0272500337062,79.0884266253023,58.08466025929653,67.88573980876623,85.18869867852766,64.67544802501914,83.85324876846573,67.22611925578326,58.00148636052478,62.61750720984338,57.44425564700225,51.8976637847569,75.0312598445779,24.042900881524474,67.93474740485391,59.33643675927584,61.15337443158933,59.94916971135797,41.14506162258914,80.43433057250775,57.708912917791565,33.53431189536067,36.54113986193403,42.903871202689004,38.61055267488479,14.930461868833419,64.78278589337833,39.82652432314637,47.11585655441377
24571,2,50,5,11,21,2,3,101,USA,48.273981947611844,75.34008785972469,41.91533974070052,16.239754440940516,39.96934393210995,45.936737500516585,67.23225874558347,49.16405435112665,56.97016483628056,49.58131153933135,59.82779962352896,64.72479717011902,38.93485830207197,34.16187001140264,62.017903918538536,58.313084197575165,56.26552051410175,53.844028635023164,38.04138284016847,42.72307250299582,93.86748181121254,64.84671107983638,79.42646223603026,70.65410972728665,70.54709916894535,77.35318352774686,34.30761847227842,21.671423710050647,61.038941293581615,29.147485055433123,74.12755151230016,63.11148672055191,63.60458836831259,73.06999613385693,48.576617450646324
278400,1,20,54,2,22,28,0,109,USA,3.711655555805109,1.0,3.9337027838011664,12.18133681601131,51.6679506587941,8.569488235891527,30.46290046715066,70.0254316871796,66.85561577610315,85.64602139611941,49.39681158829484,69.69101146171175,74.77065778176427,31.15277637369209,79.73389095000289,63.6332320645019,86.71349351135382,59.565192814904435,52.54107759706261,86.1451939678384,76.31086354020897,53.68298588732165,52.34060397447763,67.20549961186697,52.69495166842427,48.968503766757806,64.35189813608548,27.7341865131485,52.98190565694932,50.4621874971607,63.565929724145064,26.844462737322914,67.00192895808408,56.10310053102842,55.07623775225028
317029,2,19,29,46,12,28,8,110,USA,66.07208454887291,81.26342017218394,34.61916573918188,69.25100862044388,75.42677453203078,74.11744885089718,26.19180591511258,65.27488634382121,85.63451242578503,51.71482449908609,44.67079951304356,85.91201735985874,96.21941950767757,2.6242539865913415,92.4546440884443,71.1524166859918,66.35762173414804,85.83094718467828,99.0,95.63802576782712,70.30114211772138,32.486183688806676,22.99667203151691,8.059019570939455,86.90681568138461,1.9508535328711787,83.27341643809916,42.58820505516337,4.1425430837941235,19.249336944454853,2.3732083900071217,4.881473988353065,2.0528534047376468,81.57742612003744,5.3028783114198745
153862,2,33,48,10,16,14,2,103,Canada,46.94743986023093,42.80857461825059,35.81736676013651,47.70466906821406,75.896469460812,61.101068989654436,25.80553116473422,96.62346578996528,98.3101684487608,84.15710265842984,83.38855564847916,97.32139648326427,94.14497980466729,58.25364669194022,96.34666770617582,62.61750720984338,85.99765760816524,95.77705107163649,91.50959199298825,97.41852532010091,80.01509013648229,1.0,1.0,34.02330933641292,19.016207114244878,7.659450106658554,3.5467133857440984,1.7823386851823528,3.5162079950919605,3.735362355170551,62.811288492334825,3.4494706658276755,3.947459569359083,14.207986596123675,1.0
160731,1,22,57,28,23,4,4,103,USA,91.91856525617254,87.9577765080262,78.23795352732941,82.4708482798892,35.108318953570915,66.19844583264802,99.52784010077323,27.318507249333862,75.68591836594749,5.102178680518591,57.946348166777,43.64141819818519,8.712627306090496,43.19382167571155,45.765145174362544,20.62737789529018,48.68203031647215,78.68758818548724,34.79835408249858,60.2364043211619,37.907163869258454,39.89486403050768,29.059420566627125,75.54997385039337,57.75674281970055,51.547120780486466,14.79180849177061,38.57759101883818,61.13445390198012,73.19020655694652,34.90827568636843,65.73375433988832,55.608646060651324,73.06999613385693,51.923296568158094
280512,1,17,12,32,8,17,1,109,USA,1.0,1.0,1.0,24.450026149603673,40.597419457146316,1.0,56.6550785662057,54.64132081412748,60.728061954840825,34.077385217651084,61.37045033015977,38.409904521478666,62.34008261658903,65.10699556121563,74.40812276676019,75.93679350049774,77.35818626598257,68.80982296798709,71.00186778562642,50.43936396603607,67.21963358910307,85.63767775089525,70.51059471376072,56.885539292462795,63.333561068866004,82.48283497451916,94.84447289291893,75.19121993617478,15.660925116761263,16.409363679595884,12.433999980826059,11.557061041145914,52.88414344558328,28.925397546363968,32.81043085041472
176265,1,38,19,39,16,23,8,103,UK,90.3363813680644,91.35510392462345,63.961477249015104,78.16576113284259,45.69101423380141,75.896469460812,96.28464744855683,17.565421900258627,12.562519840547253,40.92026450019563,39.636916846050894,33.2971634767795,20.847780014460227,9.951262556788066,59.102276310449724,40.8204093289915,77.90615917089269,47.15427409876639,40.56094673416658,88.28075826138559,33.024071419858416,80.7227527738338,61.15337443158933,43.344921433791285,63.20312309096943,61.76273333671213,99.36197777571101,78.67594907520959,98.40389153098522,95.08507306204467,92.35615236245212,98.04110390691176,73.48346135784982,96.29176126262075,92.50454448548237
25968,2,53,5,4,11,6,3,101,USA,8.520486328146802,13.22223083227749,60.5424373119057,64.72479717011902,1.0,1.0,25.80553116473422,64.4990779584212,38.03089399597786,73.79784262959129,88.11866088490251,41.99495664515888,47.4283312062351,67.68583273799294,33.23363959699367,58.313084197575165,52.09291350348076,3.453357380102119,32.25972665545132,14.388220962407416,80.01509013648229,99.53989445152342,95.15007002202924,90.28154724750141,75.94333318302654,81.65516168436488,98.19288490993267,92.01962974840148,78.76603322327935,73.33319121504621,74.12755151230016,48.10738101833368,84.3242218657266,77.33488278773791,83.6093633598631
116450,2,12,9,57,16,7,5,102,UK,54.37716204920969,37.234191385917086,53.12000614551897,69.25100862044388,21.671423710050647,64.83340781780561,69.30757411611546,71.71298772319187,70.31730040788568,72.40894963476512,73.45557273577765,54.063262499480516,75.54997385039349,49.0756605725677,67.07210642938304,78.501107382834,62.64068640317316,45.61140169131329,65.64711765724587,62.88780464148539,60.60359954468936,77.21073928416274,64.70990500369106,59.28595610939959,78.47416633678381,74.72943511559401,83.27341643809916,53.185121557385685,81.01602467813768,78.53212677802628,66.15957653940058,64.98860679804358,78.02643791803109,97.60574978768477,74.31609562768182
181314,1,25,53,41,0,30,9,103,Canada,6.0801126438568645,15.084048449017757,3.278312869826877,47.87586579427381,51.07837601973398,1.0,25.510158467538673,18.474125870092195,51.87270511600434,23.85571826394252,13.060336169444241,23.643949523418712,32.1448990198478,16.742576542171378,1.0,3.890549688866855,7.6989239167481855,1.0,46.4438168710891,37.023634211068725,1.0,58.050759765580494,33.429732576898715,27.409635915245588,46.66577108930471,91.34138000293683,91.93618207072097,28.6562827261815,76.4861707079948,56.21355262825239,38.61055267488479,89.5486601335848,98.84315228214336,30.49117442662336,89.66055077540534
328268,2,20,23,9,20,26,1,111,USA,4.242564437701432,14.79180849177061,53.12000614551897,1.0,1.0,40.03544926577973,35.36705841812295,89.74862098298343,70.31730040788568,97.61205212583025,73.45557273577765,64.06235791054274,86.18427994672345,75.65063070036763,40.99474994514782,30.390084313250185,28.593976969392457,45.61140169131329,87.07656476530121,14.517122006183115,74.88244503141595,89.99451031627927,69.25788961302214,92.59095325683506,78.47416633678381,92.03222323833745,79.22231631654597,63.652467915599175,38.70023219287839,48.64867122355571,21.19945721193062,54.073822790188274,81.80022031836984,56.10310053102842,7.705354041128103
108466,2,43,50,9,3,24,3,102,USA,35.19709575600143,24.65991214027227,48.12729488399276,75.29940096995824,45.2259618242183,61.101068989654436,5.635294664448608,82.41946872927497,50.63550054933802,97.80821267068507,53.29311963406161,80.15066620083473,60.225336049293276,76.50027093359677,11.108396349598792,8.194386905717607,14.002342391831263,39.49062956608225,73.28474665502551,21.525833663213064,1.0,86.42110074567972,1.0,90.28154724750141,89.68114552481791,85.62147587131506,99.28463248557068,84.5933664326293,98.34206160096699,98.57033298501506,87.03652229280976,99.54391727273241,80.63446295056406,94.13055647783642,71.63636970116852
141589,1,20,13,17,17,3,11,102,USA,66.43739070336511,72.29494873939228,85.5457731059488,54.704020423288796,82.4514572124765,37.10034335235076,34.65648045418277,92.43904037692016,72.73352751819738,97.81146317879995,67.1714764496063,99.1207024309266,99.43988465539303,14.525865828672977,97.94558754167008,97.90863147424102,99.13373820760216,85.05514464138969,65.039355116703,79.3726221047068,87.96288850524809,48.602028975173425,42.99668277844631,51.59328961075215,78.09129834681312,59.236015459794885,17.11734969494421,48.90503595078849,70.53381030946093,80.69410278073372,85.76243338907386,37.73513589160882,48.07670343183918,39.50535605806317,92.64653721661432
327254,2,16,33,56,13,10,1,111,USA,16.20410265008948,27.54053586276666,5.903111370984689,47.810544909075986,26.569667184096602,1.0,64.6329415818742,17.562517545157647,9.454964255860347,60.225336049293276,17.57742842669819,20.35879786660678,28.417645382477644,15.368546958100552,49.08490303257088,38.373334834597244,73.5016449847086,36.95641966039261,28.417645382477644,67.04630895707658,40.39427439640821,18.554538568528727,36.21588033259451,2.735353830436466,21.525833663213177,25.27056488440266,40.39427439640821,42.58820505516337,68.57019616941119,82.18204355948444,73.39148854164074,54.073822790188274,51.84839431971352,72.08762914155761,65.67904193769476
118196,2,19,45,12,15,21,5,102,USA,59.639296795105906,52.57787559748709,71.22629291164247,90.81894281558982,6.169520740884394,55.004959023812035,64.6329415818742,13.30909946597734,6.052488078137884,26.81939930077658,50.593135699815036,16.339178535837107,10.799514522117988,31.027056149688406,7.657791113451168,5.648760238916267,35.863114210481,1.0,8.837398860853057,32.953691042920525,26.016015886155145,45.602374099066935,1.0,47.66706510853851,41.82043671123682,96.49354313673075,65.52574711047504,42.58820505516337,67.67971329067859,62.055254706882295,12.286541527247522,57.75674281970055,85.31080770811991,92.82346852083447,91.76591663041097
109666,1,20,58,40,23,29,3,102,USA,69.99888775996612,92.04776774279742,19.94284710093362,64.96770596500653,57.20631330942837,52.004524179074735,84.56716102782389,5.427212479018195,13.81572005327331,29.74146806834574,43.382320882034605,1.0,31.70743267490576,11.119567381016623,66.76760460122273,96.39423247124898,73.87736666989514,49.99999999999858,1.0,71.73232667778342,67.21963358910307,59.980370290441726,78.74483379669266,41.01418900333107,58.05661555062329,38.740534273195976,59.47192606071229,59.797915543157785,67.55660665325956,45.84458055273865,71.63116465773368,75.21206109473849,33.91083352006473,72.08762914155761,76.40694272791006
303977,2,33,50,54,19,19,1,110,USA,50.92951243368651,42.80857461825059,54.36555360329919,80.15066620083473,50.53116852032986,17.908775923854762,62.685739247457434,76.53265779414494,56.97016483628056,69.99751071601315,40.17220037646791,97.32139648326427,89.26937941052824,38.87170207648552,36.45759337950136,8.194386905717607,14.002342391831263,84.34337495220132,99.61463469682224,60.87159425496816,1.0,1.0,2.927353568968698,40.06999034374928,1.0,10.799514522117988,12.112736993001931,21.671423710050647,61.038941293581615,60.42477581553817,87.03652229280976,63.11148672055191,40.094517212998085,63.96838866723374,30.105722373059507
151863,2,59,29,19,14,2,2,103,USA,93.242592776077,86.77776916771938,91.4048634828622,75.29940096995824,88.24351183291469,93.48525340387232,48.576617450646324,51.552310960650914,74.99408138629997,12.252212217087475,72.33000753722172,70.13473438320716,47.4283312062351,53.41024752405781,54.26151488253112,78.64360704103217,39.60153246430622,67.90892130832316,5.317763438902432,33.840423460596384,87.75190106309344,94.752487281154,92.76668478665965,90.28154724750141,89.68114552481791,97.09728070807125,39.44843304817931,70.35319944682698,9.291263312617417,3.735362355170551,6.5624904528720975,33.25967091737266,3.947459569359083,63.96838866723374,14.282856410831698
37020,2,48,24,47,22,5,4,101,USA,81.74165331337178,75.34008785972469,77.8280525063858,70.13473438320716,55.830976460441036,87.33959614283856,62.685739247457434,94.59357019652077,93.2872842997682,87.17481078845185,88.11866088490251,95.05909897483161,68.46322926279544,80.57148528841765,94.9137017736997,97.39639012845555,88.86148498074533,97.5535711178419,97.14333250648781,33.840423460596384,75.662292729603,78.81726790499488,89.9625610576469,64.78278589337833,89.68114552481791,57.8214434189569,12.112736993001931,92.01962974840148,49.51646203619191,81.08909424315777,50.808806724323006,22.97917678602758,30.986852474538694,85.08412333851334,34.571415401094725
81497,2,21,4,59,10,13,10,101,USA,54.90627060670437,20.573537763966584,29.92105452901481,59.13772006023231,71.15813214473707,79.64120213339004,58.035300002071665,39.67729426625186,74.99408138629997,53.76502334688104,7.821504501229896,47.70466906821406,60.225336049293276,13.513620199922286,75.57443544675277,70.92998286223917,79.5429030640945,99.52784010077323,73.28474665502551,56.37210185571547,10.225203842964703,1.0,16.747620550392412,1.0,40.99644796096635,1.0,20.072901064652967,21.671423710050647,49.51646203619191,60.42477581553817,94.2497690484131,36.88851327944508,11.652815607254041,77.33488278773791,14.282856410831698
292966,1,19,45,28,17,28,8,109,USA,1.0,26.762908542514083,2.1473260172523396,8.859497450823937,1.0,1.0,34.65648045418277,43.655914399210815,35.57062646454057,61.46221350641065,78.00663739513197,11.404612333522465,19.94284710093362,74.24701051971755,31.079975543121463,28.82365187556678,42.82463416453311,18.625517616042572,2.6242539865913415,37.38249279015383,84.40401259632893,96.89361746781822,86.01734838160507,85.27561239450836,82.46458131618783,95.32690056262697,96.90713480562715,59.797915543157785,46.59266563368493,50.4621874971607,1.0,45.36397585546422,87.1122364194706,39.50535605806317,85.42287931818055
171991,1,22,38,15,19,15,7,103,USA,69.0862666031162,96.58529297009034,78.23795352732941,47.87586579427381,71.9500762518129,91.55657756489688,1.0,7.486878794429444,2.7734238101172366,40.92026450019563,39.636916846050894,48.9377169468961,1.0,1.0,63.45941745888547,28.267673322213682,65.99871618056824,24.55350073197451,64.06235791054291,91.22179970998468,81.28692149370818,64.41370462429472,37.933206440742254,75.54997385039337,52.223645153743746,7.487798406242291,98.38287140032423,78.67594907520959,99.6744891167184,96.89361746781822,98.52527446695672,98.9080454357719,95.93501744805155,88.48499779615781,94.93180673518896
328627,2,37,5,48,19,1,2,111,USA,25.381412989254983,20.573537763966584,41.91533974070052,59.13772006023231,16.304651131737984,56.08731942361942,17.855609388338962,36.19096488527089,11.211724100645796,57.92493916101165,33.7921982229756,53.441633783084455,30.736721929339495,48.53763055243792,9.007480030430457,5.857618735287204,4.318512411588301,21.773925274910596,26.715253344971444,33.840423460596384,35.73896974224084,78.81726790499488,38.0810749182985,86.12872371318815,46.98563916064137,81.65516168436488,99.28463248557068,42.68003802225007,92.91439275808523,81.08909424315777,14.104550358581292,98.79378009300251,99.48344021986497,96.29176126262075,95.24464839547647
254880,2,20,41,39,5,12,9,107,Australia,76.9265725792942,42.291087082205365,76.76487650897081,78.930623981037,48.305582994432655,69.5661629611684,89.20048547787871,74.79591321526004,58.55236278061574,51.71482449908609,94.53506955940702,64.06235791054274,24.450026149603673,99.18788185690619,21.28415427714384,46.65271327404656,18.633839119656102,8.447220859186643,40.51926937632845,11.50714455443594,60.60359954468936,97.94806243149856,77.82092340640315,99.06702853811714,68.74074637331933,98.04914646712541,79.22231631654597,95.58814230780956,59.439053265830296,85.57837300622441,31.624997092283593,35.72345774980255,91.40012988256251,45.002837651201844,65.67904193769476
68908,1,27,25,45,19,30,6,101,USA,48.127294883992704,38.76343628455788,82.47693013887124,68.70258339069414,40.348835575312364,16.304651131737984,46.48765477801305,29.422284253520246,39.4575626880914,36.46593774743093,27.999307699752535,38.409904521478666,48.729091361349106,16.742576542171378,64.53469706952234,82.19946571129663,53.073836758051584,51.8976637847569,52.371791064982006,50.93650051561667,67.93474740485391,63.15579977474232,82.15417819623713,10.093777116369637,73.58796746462082,17.920341442966446,81.26342017218394,82.88265030505272,94.31672450606379,84.23552337241927,96.04631989948655,91.74400698167744,84.99941429810258,63.96838866723374,92.50454448548237
312003,2,22,14,57,17,24,5,110,USA,14.62767898904525,1.0,29.92105452901481,53.441633783084455,16.304651131737984,2.9706885863831474,79.86341080358977,11.22566778805674,1.0,9.551783999317706,40.17220037646791,3.0754683431158867,13.024359851372537,80.57148528841765,11.849344273167873,17.11734969494421,14.002342391831263,5.518383821948504,21.487023866808073,21.525833663213064,61.25946572680101,97.52572732097963,92.76668478665965,90.28154724750141,64.87415180158689,77.35318352774686,87.88726300699477,94.9177941025722,58.18691198097582,55.91895338249731,66.6913920797009,11.41577431146905,84.3242218657266,44.64654924803892,87.05895219246986
152450,2,33,58,26,15,5,2,103,UK,84.78839140976675,95.15007002202924,82.88265030505261,88.64046967681088,71.15813214473707,51.01676241556953,48.576617450646324,3.1995161525309044,1.0,49.58131153933135,7.821504501229896,20.791244461849743,30.736721929339495,1.0,15.00275558271403,8.194386905717607,1.0,1.0,16.654099179040458,98.67430310792042,51.03149623323941,63.49223593242601,10.037438942349667,46.256957089828006,53.01436083935573,77.35318352774686,99.0,31.747142483319834,89.5097924353447,95.50891987977968,23.74815518018326,80.1804787722698,99.48344021986497,91.51438874914072,87.05895219246986
274970,2,17,10,41,9,24,10,108,USA,1.0,5.379454201511749,1.0,31.77158528160487,42.68003802225007,1.0,3.2140818418625656,59.702457340784974,40.23918650456716,55.989958694574455,68.01434649002357,92.39851927298366,75.54997385039349,9.146915940496768,98.5544676887124,95.13226897091977,91.11356755894622,85.83094718467828,98.8901688239149,88.49285544556074,90.31994505042348,46.82216652462898,40.90811813974602,30.63218018601941,58.17956328876022,66.12530199496246,65.52574711047504,22.733263538806,60.37110404346686,98.78674413237513,12.286541527247522,28.75587535527049,33.637604863282434,66.9308230275501,99.60405501835646
309442,2,18,15,10,11,2,4,110,USA,6.757407223919472,1.0,9.33740888717611,64.06235791054291,21.671423710050647,13.771182135799876,26.19180591511258,32.54383356563801,18.07413941207355,64.3925588198357,33.104268824151234,33.98932842133539,58.854938377407905,12.09412374001377,86.7046905216622,67.25861939826268,88.69781772945885,75.2622122206759,98.8901688239149,74.9804753003109,60.60359954468936,48.043672167639386,31.639846490353705,75.67701117574552,31.25925362667769,10.799514522117988,98.86480877159147,37.376126900058125,99.5993119714309,99.48582647348155,98.9931556093511,93.69665425731546,88.5226331939582,99.63785082300456,99.02329346947283
121507,1,12,0,20,20,16,6,102,USA,62.788954456931606,92.04776774279742,48.47497472547985,44.25442868298546,20.21548134609074,90.83746284151164,43.344921433791455,1.0,87.94480997625533,1.0,31.693301589254332,1.0,1.0,3.3977523525723257,1.0,1.0,4.905895154945483,5.9865258881513626,17.11734969494421,59.1795906710056,1.0,1.0,1.0,9.712717615729161,1.0,1.0,92.28730726405854,1.0,99.0,80.69410278073372,99.0,99.0,97.23801687866705,92.82346852083447,85.42287931818055
26462,2,27,5,43,18,7,3,101,USA,25.381412989254983,66.54624894983101,14.318868199443983,59.13772006023231,45.2259618242183,22.051478045657404,5.635294664448608,4.643369268631972,1.0,41.24825991472602,1.0,25.710640422264248,1.0,43.67753549670533,59.821672241187855,70.92998286223917,76.00485587797846,58.61780956927589,2.8566674935086525,38.2372666632848,87.75190106309344,13.978683649365962,57.1914253817464,34.02330933641292,29.452900831051807,2.9027192919252514,15.903862568815157,21.671423710050647,63.857248475927804,42.27146376772623,62.811288492334825,63.11148672055191,26.650481798648855,73.06999613385693,92.91508350555785
133655,2,18,23,47,11,15,9,102,Netherlands,75.78114188461245,76.99736846540372,86.57070419627405,53.28300011763815,12.97238277253956,82.49414361582035,85.83094718467828,43.70095510302724,46.32138626874536,60.225336049293276,38.816119411727584,20.35879786660678,45.5566739162652,58.284910629285946,68.98156002000053,74.90872601174459,55.02122998860722,71.33191861117649,22.80601852482937,62.88780464148539,86.98840586106246,66.12377065086628,96.36147742788762,30.63218018601941,58.17956328876022,61.61054636296922,40.39427439640821,63.652467915599175,22.914481651507117,35.331007974480485,12.286541527247522,28.75587535527049,42.62918553286505,66.9308230275501,13.649579136660321
10119,2,16,27,32,1,23,1,101,Australia,78.05403553916233,52.57787559748709,76.76487650897081,78.930623981037,42.68003802225007,92.5639835257391,64.6329415818742,54.01420609753404,58.55236278061574,47.4283312062351,44.67079951304356,73.53125052946376,67.45616643435892,26.799440190550882,88.09848402529406,85.0883262902704,73.5016449847086,91.55277914081012,46.82434645388838,91.20833882965564,74.88244503141595,38.3564971802312,69.25788961302214,41.86477327317664,73.74048971379887,7.967776761659081,13.725430869959183,58.46198478449537,58.50392338457141,39.70545999798901,66.15957653940058,64.98860679804358,38.087158236754135,85.78653499209838,56.53893235643574
139331,2,15,40,57,7,19,10,102,Thailand,27.275013565319853,18.736579827812932,40.6838208567944,53.28300011763815,70.35319944682698,21.55810182641281,14.16905281531848,17.562517545157647,46.32138626874536,76.20132219233813,1.0,16.339178535837107,41.14506162258914,2.6242539865913415,98.98298913762267,88.0302838412423,95.15476384442115,91.55277914081012,87.07656476530121,98.53634355420627,90.31994505042348,13.93553274424201,64.70990500369106,1.0,52.73637541912245,74.72943511559401,1.0,10.714195593724298,11.969716158754522,2.9979178016918553,18.03168615767558,13.553030566519794,1.0,92.82346852083447,33.429732576898715
162680,1,17,55,59,22,19,4,103,Australia,46.45645316824249,72.29494873939228,19.94284710093362,44.25442868298546,51.6679506587941,32.307703355288595,65.34351954581427,68.89000863165478,48.09386819209789,78.41464627708172,49.39681158829484,64.67544802501914,85.5457731059488,40.658217719685524,46.256957089828006,28.82365187556678,42.82463416453311,2.151390653336037,71.00186778562642,79.3726221047068,76.31086354020897,75.43910306455211,70.51059471376072,67.20549961186697,63.333561068866004,82.48283497451916,69.10030500257426,48.90503595078849,57.222805237171144,45.84458055273865,29.941898306264306,64.50905892624388,71.47277817691389,56.10310053102842,66.11822851590068
281836,2,18,13,43,19,7,2,109,USA,29.695360743129214,23.002631534593064,23.23512349102603,58.71997976386746,37.13891197395856,10.39944639469067,69.30757411611546,85.04376536305949,80.9504293154099,60.225336049293276,91.38663287631312,77.94852195433975,79.32731034292351,71.52971542119849,70.8620796868185,88.0302838412423,62.64068640317316,58.746642970756454,46.82434645388838,37.1121953585116,90.31994505042348,71.81880881872138,88.73208054235283,75.67701117574552,58.17956328876022,89.20048547787871,35.44845706311651,32.29361888896099,7.341158704576031,19.249336944454853,15.053531811709632,6.685058310766635,25.158187457547797,4.965311134695554,33.429732576898715
191907,2,60,38,59,12,15,1,104,Albania,99.61451310696953,66.54624894983101,91.4048634828622,84.6203993462982,94.37835650084708,93.48525340387232,99.0,84.24446133640788,93.2872842997682,94.55163964211795,66.20780177702142,41.99495664515888,47.4283312062351,90.94023274545907,62.017903918538536,93.70362584385214,52.09291350348076,63.31946390461832,21.487023866808073,17.82700499716219,87.75190106309344,95.98521155440608,83.25237944960452,64.78278589337833,96.00666942150986,89.20048547787871,75.43413507948515,88.55650798049987,7.08560724191139,3.735362355170551,14.104550358581292,19.819521227727023,8.682797163853309,14.207986596123675,39.164121453558494
96465,2,30,9,15,7,19,1,102,Philippines,19.748315968039748,13.22223083227749,3.688057736559159,59.13772006023231,91.55657756489688,2.9706885863831474,25.80553116473422,93.40939776814287,63.20312309096943,77.4421785863118,78.09129834681323,92.14274646283457,94.14497980466729,87.83320591397387,74.5901423502541,91.29658428621372,76.00485587797846,63.31946390461832,99.61463469682224,33.840423460596384,21.69202253471761,75.21206109473832,71.03332665341549,58.701033451356636,93.17991654500008,77.35318352774686,55.302777255909916,37.13891197395856,11.112568382946506,46.8080809597364,6.5624904528720975,6.9047873344051,18.605107809955825,39.82652432314637,14.282856410831698
333727,1,16,3,17,14,5,4,111,USA,14.55522391586922,26.762908542514083,33.50591881826929,69.90073238460064,8.4194028989873,3.6570415228380426,22.535590448916935,85.35937438653923,66.85561577610315,99.11446288744287,55.419208390362996,54.24481320760782,62.34008261658903,82.49956139431197,25.40812049398778,50.444855885907884,20.63144947707113,11.584755762994718,39.89486403050768,17.800534288700106,57.493261250278636,59.980370290441726,29.489405286236234,51.59328961075215,47.30504833157312,92.79304433161644,39.543731938542976,75.19121993617478,63.48653732224341,76.84829742141653,33.9659964500367,49.22635620042763,90.26076465827953,45.002837651201844,60.65892388614958
285967,1,20,47,33,13,12,4,109,Israel,4.775654289095073,4.773994014270755,12.313095417253464,15.921465128015797,11.895130375973594,15.224039783829369,38.96105870641554,55.858187591431545,35.57062646454057,52.31022614794256,49.39681158829484,38.409904521478666,57.97667528380009,82.49956139431197,24.49539311493581,28.82365187556678,42.82463416453311,26.78824878547178,46.19023280498891,14.486049426673304,28.1326749801718,32.424031140964416,7.967776761659081,67.20549961186697,21.90870165318364,54.122030713014226,73.67177934677,14.256562486093657,61.41629070740936,59.65116442468491,79.10572652846167,60.755110706404594,48.07670343183918,34.12556235771552,60.65892388614958
66632,2,58,57,19,15,24,6,101,USA,91.01072941348525,89.9625610576469,72.36136535016311,64.72479717011902,94.37835650084708,93.48525340387232,48.576617450646324,99.67467095731195,89.6062228543542,98.85878534474193,92.17849549876689,64.72479717011902,99.67470996112456,95.89792084771852,66.340228404796,93.70362584385214,31.560378358973026,84.34337495220132,38.04138284016847,14.388220962407416,93.86748181121254,96.54086222896194,86.77776916771938,70.65410972728665,96.00666942150986,85.62147587131506,91.24648810278018,70.35319944682698,2.1941694824876095,1.0,1.0,19.819521227727023,3.947459569359083,39.82652432314637,17.855609388338962
1670,1,38,37,25,1,4,1,101,USA,8.23408336958579,23.74815518018309,15.142455099184048,27.39466858187575,56.4544420238056,25.0308986798388,1.0,40.462446554713836,64.18263323986054,16.41836990916883,57.946348166777,33.2971634767795,40.31097559507873,57.77181115832951,87.97029051790969,74.87692820914225,84.87183008061447,70.33237939477914,58.269695887561284,91.22179970998468,85.1758837078429,61.88975481397608,78.35350300402342,48.88792965914092,68.50084497134463,96.3967355276219,23.002631534593064,19.60253669358994,11.748255132801773,9.139987713136179,21.10851187360717,7.84411282770229,9.911413245848223,35.09415280946621,42.33245874030621
219078,1,20,31,20,19,13,6,105,USA,89.26154314312066,67.45616643435892,85.5457731059488,44.25442868298546,46.11100570929818,87.62360535106382,99.52302275494947,87.9315702276466,83.37058464759491,70.25853193165136,78.00663739513197,83.29083516369599,88.62160056241169,65.10699556121563,91.52596900087156,92.15079630607045,99.24494121918724,64.24761339053771,52.54107759706261,75.6456630134129,87.96288850524809,66.13166784723387,61.61054636296922,94.87900696723284,58.05661555062329,64.26103025775632,10.08398108004559,75.19121993617478,21.58071845921964,13.043711380136159,59.38280421729479,5.020354757222378,62.38682654143372,23.966802620214708,22.625616852424997
52388,2,25,15,56,1,15,5,101,USA,1.0,7.233315213337107,19.084126661954485,1.0,3.7542264838543957,1.0,39.164121453558494,42.02922709697276,1.0,94.55163964211795,33.7921982229756,1.0,60.225336049293276,90.94023274545907,1.0,8.194386905717607,6.270160036442462,1.0,5.317763438902432,29.566759293785054,1.0,42.56949810045177,13.22223083227749,70.65410972728665,14.410582680954661,67.94879774837898,96.45328661425253,9.301460576598942,61.038941293581615,55.91895338249731,27.318507249333862,66.74032908262433,87.70991929816626,59.21514729374104,58.035300002071665
122510,1,36,30,37,21,23,6,102,USA,28.692215098712524,44.08104661749974,82.47693013887124,27.39466858187575,20.561530401874762,50.53116852032986,6.521220969316275,42.743613439347484,33.4297325768986,54.556975949327466,45.709546168848874,54.24481320760782,40.31097559507873,38.39571010362192,47.99233545404695,20.62737789529018,48.68203031647215,47.15427409876639,58.269695887561284,55.608646060651324,67.93474740485391,33.592570980842254,56.53893235643574,48.88792965914092,30.46290046715066,31.333377765149464,37.234191385917086,28.6562827261815,58.42405105648862,38.5265098022748,38.61055267488479,62.23415499654976,60.2364043211619,88.48499779615781,51.923296568158094
185058,1,17,54,40,8,24,10,103,USA,28.144018045301294,10.464903476895557,77.51836932816263,34.03205562984181,35.18913289854396,27.678385686496995,30.46290046715066,21.960183617735964,9.602088838966921,65.92261478234616,31.693301589254332,8.138245840943256,40.269335632185744,22.32598403303976,79.73389095000289,71.98677542110562,86.71349351135382,59.565192814904435,58.854938377407905,89.12969944645124,57.493261250278636,58.72962163658565,52.34060397447763,62.10760514616891,47.30504833157312,59.236015459794885,73.67177934677,38.059457108195716,84.01963065501263,84.28738319745946,97.33520334249431,84.63890055985053,25.08133201404297,50.55606614092534,89.29121192075786
259082,2,17,12,0,19,10,11,107,USA,76.9265725792942,88.78225472418683,86.57070419627405,36.99571155383836,53.95060925674363,64.83340781780561,73.80819408488429,54.01420609753404,52.45351877055924,43.158876559428165,62.34008261658903,68.88674933652726,32.54383356563801,62.81128849233477,59.205547433731795,71.1524166859918,47.29334144891749,49.99999999999858,34.352882342751116,54.33520075618111,79.22231631654597,67.28307332190337,27.220086945751973,70.44701254587068,78.47416633678381,42.99668277844631,74.88244503141595,82.4708482798892,73.77299422698269,62.055254706882295,83.1835362374826,42.977345193462895,74.02502740042638,85.78653499209838,78.35350300402342
110462,2,15,56,8,15,3,4,102,UK,86.32567408980833,62.7658086140799,65.3808342608151,69.25100862044388,94.9177941025722,64.83340781780561,89.20048547787871,61.94914293167915,52.45351877055924,34.78467417757349,68.01434649002357,54.063262499480516,82.88265030505272,58.284910629285946,14.160937607086822,30.390084313250185,18.633839119656102,2.461532887041855,82.38953820086851,28.91298435439026,2.7946545841539177,86.75581221387654,11.905198398291134,85.07826600534418,68.74074637331933,94.47557225921162,99.56900376775138,82.4708482798892,92.65884129542064,88.68818169815381,88.75630204219294,98.96191486636508,88.5226331939582,28.925397546363968,94.2497690484131
167856,2,58,14,59,23,5,6,103,USA,7.763766065490131,28.966673346581445,19.084126661954485,70.13473438320716,16.304651131737984,1.0,11.02956043416009,1.0,1.0,15.219684361003004,1.0,1.0,1.0,17.11734969494421,64.19211525347072,49.56063603396092,76.00485587797846,87.77079270679633,56.018839058953176,29.566759293785054,56.175137629626704,1.0,20.573537763966584,1.0,24.056666816970278,5.009971493021538,44.69722274408724,26.569667184096602,93.91589149381798,87.84587842470967,96.05692016772161,93.09521266559159,22.510403978694114,96.29176126262075,97.12389438060234
185682,1,21,47,46,18,28,10,103,Canada,83.90374516560996,75.31460959442984,82.47693013887124,53.185121557385685,95.01170584151157,91.55657756489688,33.58339906695974,66.69139207970102,80.9158733380425,27.89944823044962,63.944078383121166,93.58662019346582,61.349416119693956,48.05036885527579,80.50106903960307,85.51395057332343,53.073836758051584,96.60969415338707,40.56094673416658,69.21080137353118,72.61901380720087,27.5456539692766,42.532852754387704,48.88792965914092,86.96632865979723,10.551767248969924,1.0,38.57759101883818,27.07592075284299,42.903871202689004,53.823398285471114,26.858617186241332,4.872688754605363,44.64654924803892,24.240696134801567
95082,1,21,58,57,20,10,1,102,USA,15.296481638426854,38.76343628455788,58.85493837740813,1.0,30.02594327788131,6.14410493977671,42.12105509488873,32.65283474222545,12.562519840547253,79.98271330943305,27.999307699752535,54.24481320760782,6.384274908266107,48.05036885527579,55.789602284413206,32.33683325556629,84.87183008061447,56.62565795263481,6.958337346731412,73.48346135784982,63.080058676461306,59.33643675927584,96.31194226343769,84.56716102782389,20.67268965707339,51.547120780486466,57.708912917791565,11.829477806808967,68.19126810078166,64.91753336498903,61.389447325112315,37.06068052157116,84.99941429810258,59.21514729374104,82.88265030505272
211387,1,22,5,23,13,8,0,105,USA,53.47608645835726,54.846168774782996,53.66061046757994,47.87586579427381,51.07837601973398,55.830976460441036,50.87869737842715,82.79337597240726,85.68113180055275,79.98271330943305,80.45593114895769,69.69101146171175,73.30402866692373,62.553226842568904,98.2124738922015,99.3903716614094,95.36894202082613,94.59131117331833,29.2312123443686,84.99941429810258,98.27719708682389,54.16723352054123,78.35350300402342,59.94916971135797,86.96632865979723,41.27219492504753,5.379454201511749,48.953336685814406,6.797942102317592,4.520743135778574,53.823398285471114,9.994604431249229,7.192308219868849,3.3342664290154715,12.887763580526325
95527,2,17,10,38,15,13,1,102,USA,73.43975151330824,52.57787559748709,40.6838208567944,93.84358422319974,88.55650798049987,64.83340781780561,45.06434861754923,64.17293659744888,75.81695156631247,13.024359851372537,78.58858792556782,82.09122407614211,86.18427994672345,35.40405306078168,78.03422451127642,67.25861939826268,69.9848920385781,88.84463139580612,65.64711765724587,71.08701564560687,60.60359954468936,40.753515167059845,8.86786533280204,25.344952235595855,86.90681568138461,42.99668277844631,40.39427439640821,63.652467915599175,61.29976780711871,62.055254706882295,95.25160469618959,28.75587535527049,29.316092305772713,97.60574978768477,37.933206440742254
75066,2,18,9,17,22,25,8,101,USA,17.219963200762805,23.002631534593064,23.23512349102603,58.71997976386746,1.0,55.004959023812035,26.19180591511258,21.267752447650963,6.052488078137884,64.3925588198357,1.0,64.06235791054274,41.14506162258914,6.5624904528720975,76.2997378420655,67.25861939826268,86.04643655114467,82.5422801540393,28.417645382477644,78.69723851442359,55.58203895537741,9.108850648539601,60.03770236290336,1.0,63.53406225256617,1.0,1.0,27.39466858187575,98.15081607196635,93.91650313720686,96.83349055384474,91.68751759193776,56.4544420238056,99.63785082300456,99.59849265294349
117241,2,25,40,10,1,14,5,102,USA,60.16098206310011,75.34008785972469,77.8280525063858,41.99495664515888,45.2259618242183,40.894584213473934,58.035300002071665,39.67729426625186,56.97016483628056,21.85000045652049,53.29311963406161,80.15066620083473,30.736721929339495,29.589779021082336,94.9137017736997,74.87692820914225,82.88265030505272,97.5535711178419,73.28474665502551,95.70424778762697,75.662292729603,33.00886114124933,52.403820182702646,46.256957089828006,46.98563916064137,7.659450106658554,39.44843304817931,48.305582994432655,81.1347120021669,69.1661111306675,94.2497690484131,66.74032908262433,30.986852474538694,94.13055647783642,79.86341080358977
255272,2,20,23,4,14,18,9,107,USA,76.9265725792942,85.20819150822626,86.57070419627405,78.930623981037,80.19514273855225,89.60055360530589,1.0,93.67842142368283,93.32160981279628,72.40894963476512,87.62929142411929,97.02931141361341,97.77679069619751,44.463922165544204,99.67438750149097,98.16595286112931,95.15476384442115,99.44109324253793,77.19398147516756,93.59987873933267,95.64331458828849,41.95986542494984,77.82092340640315,70.44701254587068,90.48753652855896,25.27056488440266,10.313414471076555,4.878981883811036,33.21661988493392,48.64867122355571,88.75630204219294,6.685058310766635,1.0,85.78653499209838,37.933206440742254
151611,1,18,29,37,5,28,1,103,USA,81.99458354121919,92.04776774279742,58.60425385782702,93.46210350921172,40.597419457146316,61.925522292421476,73.58796746462082,65.42390864034218,72.73352751819738,47.689773852054714,87.29220356230667,38.409904521478666,40.269335632185744,82.49956139431197,33.035324503764826,63.6332320645019,20.63144947707113,31.190177032009785,1.0,17.800534288700106,93.87840651776185,80.77786188366656,92.03222323833745,85.27561239450836,78.09129834681312,86.32158378821839,17.11734969494421,59.797915543157785,11.883981245049227,3.1022246212535123,3.266656796991086,3.4058557754059677,38.54997813635191,34.12556235771552,85.42287931818055
271946,1,18,50,22,15,24,9,108,Canada,48.98685550916042,67.45616643435892,24.228751316149385,74.63236042239402,35.18913289854396,32.307703355288595,61.038941293581615,31.79628469667489,29.581762687260635,56.91289499716851,55.419208390362996,28.357182624091593,19.94284710093362,35.84241749170508,79.73389095000289,79.69335746054037,86.71349351135382,35.752386609459336,12.4862614482511,89.12969944645124,97.88849736712098,78.69465374860533,96.49354313673075,41.01418900333107,68.4693093138481,54.122030713014226,39.543731938542976,96.71870695339089,42.355252385079496,36.740964169189226,22.331027267183856,45.36397585546422,67.00192895808408,39.50535605806317,60.65892388614958
300695,1,21,34,34,20,19,0,110,USA,3.1814930313001355,19.243841141222532,1.0,22.733263538806,30.02594327788131,20.508511603777947,18.145762469524954,24.248841379643494,45.63444639669791,32.114260191230755,39.636916846050894,23.643949523418712,8.712627306090496,48.05036885527579,60.19896459797957,62.61750720984338,74.100982744271,56.62565795263481,23.934694948060837,69.21080137353118,47.9668538851372,24.08158286681632,74.31609562768182,27.409635915245588,35.72345774980255,14.045757510992814,27.54053586276666,15.530101051614082,65.5797009431746,30.050868353950648,90.1073309374134,55.07623775225022,55.608646060651324,73.06999613385693,61.450021863645304
85133,2,14,6,22,6,6,11,101,Malaysia,41.14506162258914,88.78225472418683,71.22629291164247,13.476621430397245,17.11734969494421,44.99504097618501,30.69242588388164,34.725113656176006,40.23918650456716,47.4283312062351,56.50795454375839,48.983237584427684,13.81572005327331,35.40405306078168,1.0,2.318948430604209,7.990780209240285,1.0,1.0,62.88780464148539,10.313414471076555,67.28307332190337,27.220086945751973,89.10644890369588,58.17956328876022,33.87469800503456,74.88244503141595,89.95808132590957,77.08551834849004,74.66155608194424,88.75630204219294,57.75674281970055,93.90773088061007,50.55606614092534,61.15337443158933
145626,1,30,12,40,22,9,0,103,USA,48.127294883992704,70.4714220996438,73.70462543469392,73.55834364977648,16.292451020166226,25.0308986798388,37.80945197566672,38.19972999599139,12.562519840547253,94.89782131947823,45.709546168848874,3.149557071884857,14.2706461653477,76.07937539063823,1.0,10.870300553545434,35.683822142085546,1.0,1.0,4.872688754605363,37.907163869258454,95.01709834844974,33.429732576898715,91.89955310846108,46.66577108930471,98.11132681325103,99.0,86.73819538201224,92.40868480667098,92.88327765956069,57.62660968811787,98.9080454357719,99.0,3.3342664290154715,99.31250139480824
102166,1,41,44,18,11,24,2,102,USA,46.790959717020144,44.08104661749974,43.21514997613417,68.70258339069414,56.4544420238056,29.81782479991668,46.48765477801305,39.32850411825967,33.4297325768986,59.079735499801416,13.060336169444241,74.50142217039121,69.4387851150434,4.729362029302351,52.45351877055907,32.33683325556629,19.907040067253604,61.29976780711877,80.05715289906334,88.28075826138559,33.024071419858416,19.69893782542897,33.429732576898715,10.093777116369637,25.42533077083897,14.045757510992814,42.291087082205365,54.18252200787731,52.94122092872135,56.21355262825239,87.61626691846152,58.67589879495944,41.60700518705539,30.49117442662336,24.240696134801567
226556,2,16,0,37,14,14,11,105,USA,15.211608590230156,1.0,53.12000614551897,42.36174007540245,31.747142483319834,17.505856384176695,30.69242588388164,88.26063919622436,75.81695156631247,76.20132219233813,73.45557273577765,85.91201735985874,97.77679069619751,53.694512358255906,90.06864782459968,78.501107382834,93.27283370785187,67.24885676861538,99.64764414218155,82.20785588117974,55.58203895537741,51.71187910348294,31.639846490353705,36.162632748775025,63.53406225256617,61.61054636296922,65.52574711047504,47.87586579427381,26.227005773014127,22.99146730217373,39.12840574502866,28.75587535527049,25.158187457547797,66.9308230275501,24.859259813697662
175727,2,25,8,59,10,19,8,103,USA,2.9135891300658017,1.0,10.10598483323173,8.513015135789828,12.47330482372206,61.101068989654436,25.80553116473422,87.65907828126547,63.20312309096943,69.99751071601315,53.29311963406161,80.15066620083473,86.3743755446095,97.66510267924343,60.92228575759145,49.56063603396092,60.398467535691054,97.5535711178419,91.50959199298825,38.2372666632848,4.673099437369714,1.0,1.0,1.0,1.0,1.0,3.5467133857440984,1.0,45.65304559099462,51.36864963094524,94.2497690484131,44.33191778008268,18.605107809955825,44.64654924803892,17.855609388338962
309901,1,23,19,51,11,9,4,110,Australia,42.797828385883236,84.11426570792503,1.0,1.0,61.76273333671202,88.24351183291469,72.13117650841292,75.1460682652679,80.9158733380425,89.92405368224854,17.593372748471154,43.64141819818519,48.729091361349106,99.52784010077323,2.960606481736633,2.323733413068638,10.309452760825593,56.62565795263481,80.05715289906334,1.0,1.0,14.671928866024217,29.059420566627125,4.235580745426944,12.26995716200264,91.34138000293683,18.736579827812932,5.750230951583561,22.257878287630604,87.42678902469072,2.5527077541662067,30.168444341118146,73.48346135784982,1.774113606830312,4.636274779390959
25306,2,22,26,19,14,4,3,101,USA,21.945964460834716,28.966673346581445,6.533155150032329,64.72479717011902,39.96934393210995,31.1132506634697,21.709330571400272,1.0,15.669449792360979,7.144839700381453,16.61144435151772,3.0754683431158867,2.127456191033147,1.0,43.05964334144585,40.8204093289915,52.09291350348076,67.90892130832316,61.958617159828464,65.28896729696976,1.0,38.42014413139253,47.596179817294626,22.701518884824225,70.54709916894535,10.799514522117988,84.09613743118166,21.671423710050647,90.11700273134932,84.60948438918092,98.63236346832434,80.1804787722698,49.525487831820726,91.51438874914072,75.85958331893107
248013,2,41,28,41,14,23,2,107,USA,12.746532566770725,57.1914253817464,24.31408163404953,12.124301089074606,1.0,93.48525340387232,1.0,99.19201859841166,89.6062228543542,66.06762283826549,95.46494093275498,92.14274646283457,94.14497980466729,99.01548841672593,9.686954498081462,62.61750720984338,6.270160036442462,8.03219799034747,49.99999999999858,1.0,26.153560990154347,88.34967563291616,38.0810749182985,96.55305110436132,85.58941731904213,99.4785434297687,55.302777255909916,65.03935511670318,31.54440425087057,51.36864963094524,1.7653055393491428,29.71880108100757,97.4423182950676,30.49117442662336,21.709330571400272
267025,2,18,8,34,12,21,3,108,USA,86.32567408980833,52.57787559748709,86.57070419627405,9.848895463132322,92.01962974840148,92.5639835257391,98.3283245138773,85.87673498921583,93.32160981279628,47.4283312062351,73.45557273577765,94.96954883236674,82.88265030505272,67.23807905407995,95.89965065329989,85.0883262902704,76.88702824078518,88.84463139580612,97.16186319777216,91.20833882965564,90.31994505042348,81.25069600859786,45.676489579080624,53.49797160417478,86.90681568138461,86.01734838160507,55.58203895537741,95.58814230780956,5.86624973608572,26.941078206479716,7.472242555693413,16.266918122059394,14.02178810181016,11.15984711503495,13.649579136660321
111103,1,14,4,7,16,7,4,102,USA,42.678047223877684,22.202985535358806,15.955181956297508,64.96770596500653,29.94808702969675,84.02866242798461,52.223645153743746,85.35937438653923,83.37058464759491,74.43439806100423,72.74322579062357,83.29083516369599,78.58858792556782,65.10699556121563,46.256957089828006,50.444855885907884,46.80296378872333,77.41332779742356,71.00186778562642,14.486049426673304,32.780366410893976,68.53057150641087,52.34060397447763,76.81282413922463,58.05661555062329,64.26103025775632,21.13987954689776,96.71870695339089,63.48653732224341,72.78553401282983,50.857525840515905,87.40027778817034,62.38682654143372,15.022086408344563,55.07623775225028
156289,1,33,59,4,12,2,3,103,USA,20.534815840469236,28.5405116565955,92.91134497975429,42.58820505516337,12.407428221726605,20.508511603777947,2.7499338129192665,98.96065720131287,96.31194226343769,99.54800967308927,98.04461905111657,93.58662019346582,96.30317990276797,93.39157811109567,34.823272435622016,53.95060925674363,39.95646936187677,42.433977689944925,58.269695887561284,16.400122364874676,28.301933389501215,99.3258121019951,91.76591663041097,94.77909849696766,98.0979983975011,84.44731220264532,72.45946413723033,93.18925463440826,29.586298991901856,42.903871202689004,46.17660171452587,26.858617186241332,77.5637764425644,1.0,37.61317345856344
314463,2,25,40,11,22,23,7,110,USA,85.75667542318718,47.596179817294626,66.57026742309836,92.14274646283457,25.0308986798388,93.48525340387232,98.51433266565493,40.85089840883546,80.3671613682983,9.551783999317706,21.90870165318364,92.14274646283457,34.78467417757349,38.87170207648552,25.014717244568544,13.85480603215845,4.318512411588301,39.49062956608225,56.018839058953176,25.45049056170572,80.01509013648229,72.71316945068054,83.25237944960452,28.20459265453337,85.58941731904213,47.38424542522603,34.30761847227842,94.9177941025722,65.7130411782324,64.85190053121335,17.11734969494421,83.17396400423456,63.60458836831259,81.35350509583145,67.23225874558347
211422,2,25,39,5,2,10,0,105,Indonesia,1.0,2.927353568968698,1.0,12.124301089074606,61.07139808454821,1.0,30.105722373059507,72.31400909685436,20.67268965707339,89.9307629908659,78.09129834681323,30.92981159264579,64.3925588198357,87.83320591397387,52.02032500607646,70.92998286223917,85.99765760816524,21.773925274910596,43.98116094104404,25.45049056170572,51.03149623323941,50.984615629757,57.1914253817464,52.496530987935046,40.99644796096635,52.615754574771245,60.55156695181773,37.13891197395856,42.769737780757055,64.85190053121335,27.318507249333862,40.585778717067456,54.26599085816497,21.84035593194926,67.23225874558347
318023,2,23,6,39,13,11,9,110,USA,39.05845551951177,57.1914253817464,87.43748015944948,80.15066620083473,29.81782479991668,2.9706885863831474,21.709330571400272,57.49825599633937,50.63550054933802,84.15710265842984,46.70688036593572,53.441633783084455,55.989958694574455,29.589779021082336,96.77219461380707,78.64360704103217,95.68148758840823,80.6034086023285,56.018839058953176,98.67430310792042,93.86748181121254,35.69384770455139,66.54624894983101,34.02330933641292,80.98379288575211,10.799514522117988,5.8801748414628605,59.55017917542108,86.25299947464043,81.08909424315777,97.52572732097963,63.11148672055191,68.12570526155298,73.06999613385693,83.6093633598631
326291,2,23,34,25,7,1,1,111,Finland,48.273981947611844,38.0810749182985,14.318868199443983,25.710640422264248,71.15813214473707,14.087982640138051,99.67483095441423,8.9866184332856,11.211724100645796,29.2312123443686,11.881339115094278,12.124301089074606,26.81939930077658,13.513620199922286,35.37604377065463,5.857618735287204,76.00485587797846,49.03819143458776,5.317763438902432,60.87159425496816,45.87796928698316,57.987103349388065,92.76668478665965,8.962940915860088,19.016207114244878,37.050328652931285,79.92709893534379,75.42677453203078,93.91589149381798,64.85190053121335,84.11426570792503,88.5842256885278,93.41517453375116,99.6282007572529,75.85958331893107
112607,1,16,59,45,22,14,4,102,USA,67.63519204736303,88.86148498074533,53.55618312890812,83.28485890970524,24.93622284681038,80.09800138568346,34.65648045418277,34.10917052819016,29.581762687260635,52.31022614794256,43.382320882034605,64.67544802501914,13.188630176919133,35.84241749170508,49.37564805654762,46.00010268162191,38.88776370935125,64.24761339053771,58.854938377407905,33.16667535306172,62.41315656145173,76.5407321831184,61.61054636296922,56.885539292462795,63.333561068866004,86.32158378821839,34.68644351987399,96.71870695339089,72.47619571226187,64.1514006211413,59.38280421729479,60.755110706404594,90.26076465827953,56.10310053102842,66.11822851590068
19248,2,23,1,14,20,20,2,101,USA,30.1860031641215,16.747620550392412,19.084126661954485,59.13772006023231,1.0,66.01067157866157,87.05895219246986,16.29519370010948,15.669449792360979,25.45996442274705,88.11866088490251,12.124301089074606,3.5912137892501335,29.589779021082336,4.388883663416848,1.0,4.318512411588301,25.93062308515377,8.490408007008512,69.59000458286471,1.0,12.026445830587676,1.0,76.22732636636681,14.410582680954661,27.23281798781821,20.072901064652967,26.569667184096602,91.84447230878266,97.26716548478191,94.2497690484131,83.17396400423456,87.70991929816626,49.51248786451873,79.86341080358977
96195,1,16,16,14,19,17,1,102,USA,65.22992944938568,62.44180605288369,85.5457731059488,97.77679069619751,1.0,80.09800138568346,43.344921433791455,53.42195010362951,13.81572005327331,99.0,61.37045033015977,15.113676818130472,13.188630176919133,74.24701051971755,9.590712888091502,21.04095673999433,3.2630987182378135,11.584755762994718,5.147253564753086,46.04939074325358,28.1326749801718,54.949711634244466,66.12530199496246,25.968848382253157,36.66643893113121,69.14764735755358,69.10030500257426,48.90503595078849,77.15827842989381,55.07623775225022,33.9659964500367,75.21206109473849,99.28561825991756,89.55586279109923,38.2372666632848
58099,1,25,20,7,21,2,6,101,USA,32.417728632777425,23.74815518018309,48.4301341302492,53.185121557385685,61.76273333671202,55.830976460441036,6.521220969316275,86.22534941325966,75.68591836594749,59.079735499801416,63.944078383121166,79.05269259105376,89.7400143986439,90.64706074455307,73.85506881522349,74.87692820914225,70.12165053195866,74.61390353739301,69.674603705643,41.60700518705539,72.61901380720087,51.56411713841146,70.07894547098226,43.344921433791285,73.58796746462082,36.23605888348368,37.234191385917086,43.73447948589535,4.9920998488998976,4.520743135778574,3.9536801005100273,7.84411282770229,24.042900881524474,17.875995259367897,24.240696134801567
218778,2,21,47,29,20,7,6,105,USA,79.60069175858041,57.1914253817464,35.81736676013651,75.29940096995824,75.896469460812,66.01067157866157,95.24464839547647,1.0,2.0362323566985197,1.0,21.90870165318364,1.0,3.5912137892501335,17.11734969494421,11.849344273167873,1.0,23.9951441220185,8.03219799034747,43.98116094104404,69.59000458286471,10.225203842964703,14.997867088827974,10.037438942349667,8.962940915860088,19.016207114244878,27.23281798781821,34.30761847227842,65.03935511670318,94.39016817488687,69.1661111306675,84.11426570792503,96.5505293341688,95.65775474633347,85.08412333851334,83.6093633598631
265689,2,22,20,12,21,31,2,108,USA,23.073427420702927,38.0810749182985,10.10598483323173,59.13772006023231,50.53116852032986,26.468749470533226,14.282856410831698,86.83637902208864,56.97016483628056,84.15710265842984,66.20780177702142,70.13473438320716,94.14497980466729,76.50027093359677,68.45816553132528,78.64360704103217,82.88265030505272,80.6034086023285,21.487023866808073,69.59000458286471,26.153560990154347,59.37446596097516,61.91892508169872,93.78554924013008,59.00355203903064,22.64681647225015,60.55156695181773,37.13891197395856,38.96105870641554,29.147485055433123,62.811288492334825,26.28545322050678,30.986852474538694,54.38260045296113,53.319429804707454
268786,2,23,31,57,15,21,4,108,USA,61.46053037047943,92.76668478665965,41.91533974070052,70.13473438320716,16.304651131737984,70.76878765562856,43.8453517351694,75.49790620465603,93.2872842997682,80.90407859348738,59.82779962352896,95.05909897483161,47.4283312062351,29.589779021082336,19.332934092860626,10.870300553545434,27.705051260604677,25.93062308515377,61.958617159828464,42.72307250299582,10.225203842964703,64.84671107983638,99.37509143900036,46.256957089828006,64.87415180158689,67.94879774837898,39.44843304817931,12.97238277253956,73.76036480300553,55.91895338249731,74.12755151230016,73.71454677949026,58.97185396875591,85.08412333851334,62.685739247457434
275202,1,25,15,47,11,28,10,108,USA,21.646496995973536,28.5405116565955,48.4301341302492,14.33903948472684,56.4544420238056,71.15813214473707,1.0,47.34351473968718,39.4575626880914,20.017286690563964,63.944078383121166,54.24481320760782,40.31097559507873,76.07937539063823,20.776366025029716,45.17371817583938,3.5441884953657734,20.526002638217875,34.79835408249858,24.042900881524474,58.10228715703602,77.48516829516348,61.15337443158933,70.5644345908944,73.58796746462082,96.3967355276219,85.20819150822626,15.530101051614082,38.32691469272032,38.5265098022748,18.011841369873252,47.82170921200657,73.48346135784982,59.21514729374104,16.380896680795246
153445,2,18,34,3,12,12,2,103,UK,46.41731903598611,85.20819150822626,28.773707088354342,58.71997976386746,53.95060925674363,82.49414361582035,1.0,52.86865268425754,89.78597966804489,26.81939930077658,38.816119411727584,54.063262499480516,32.54383356563801,75.65063070036763,78.03422451127642,26.575607003584423,96.73850563689928,93.92483677307791,71.58235461751946,88.49285544556074,21.62407111251096,1.0,1.0,5.0609644424642255,1.0,1.0,2.7946545841539177,1.0,84.67710944081546,93.91650313720686,98.9931556093511,81.43027151090689,42.62918553286505,85.78653499209838,47.19168211406509
310752,2,20,0,39,2,26,4,110,USA,55.698980225090224,27.54053586276666,28.773707088354342,83.30333675728741,12.97238277253956,64.83340781780561,92.17849549876689,82.43748245483914,70.31730040788568,83.21243289066717,83.3382186311095,38.89893101034255,36.79687690902773,99.0,17.195902088512725,16.158046790869236,35.863114210481,17.457719845957683,12.923435234695575,37.1121953585116,26.016015886155145,76.16055538599448,50.48092431787023,59.28595610939959,78.47416633678381,86.01734838160507,50.50840487755136,82.4708482798892,64.06235791054291,82.18204355948444,58.5656690031538,78.40254957459194,61.01069607724554,28.925397546363968,56.53893235643574
238489,1,25,1,52,0,3,9,106,USA,67.83413355411341,94.2497690484131,58.85493837740813,53.185121557385685,25.158187457547825,39.96934393210995,83.22054561069058,53.11798253744837,51.87270511600434,59.079735499801416,57.946348166777,59.50871942031665,32.1448990198478,57.77181115832951,8.78684966836937,24.3543369865842,13.234684165010492,4.968678807918806,10.420623092910688,24.042900881524474,37.907163869258454,85.70586897669023,70.07894547098226,84.56716102782389,63.20312309096943,91.34138000293683,52.57787559748709,82.88265030505272,75.69012994028208,95.08507306204467,53.823398285471114,26.858617186241332,93.78554924013008,77.33488278773791,74.91866798595385
102199,2,19,26,17,17,24,2,102,USA,6.757407223919472,8.063817929275558,1.0,13.476621430397245,42.68003802225007,49.99999999999858,17.88661623946294,93.08227421340052,75.81695156631247,64.3925588198357,96.99942804511682,89.36356227047679,67.45616643435892,98.20396656880723,18.794202383399266,2.318948430604209,21.800272892309238,41.253357029240476,46.82434645388838,14.517122006183115,55.58203895537741,97.17609708747955,85.40624108122324,95.46024241407576,68.74074637331933,78.74483379669266,99.56900376775138,86.41961753091277,25.386096462603973,31.065236237279777,3.761168068730271,32.194701977513006,74.02502740042638,28.925397546363968,42.532852754387704
42537,1,13,22,33,22,19,4,101,USA,95.98295556823246,67.45616643435892,96.84769134625276,54.704020423288796,95.99510934242835,93.62486758591967,84.56716102782389,99.60365363996254,99.1222890331369,56.91289499716851,91.15623620881456,96.0323757739917,99.0,98.452178205206,97.94558754167008,97.90863147424102,95.79065569603574,85.05514464138969,96.93919667935336,82.88265030505272,80.50488183684661,99.0,89.20048547787871,99.6465849650117,95.72179499586821,97.32693710071919,89.28100523245439,99.41673164692168,6.774510657194909,16.409363679595884,26.05410933084437,26.844462737322914,10.339449224591391,1.0,13.76553058318379
267028,1,17,25,34,12,21,3,108,USA,64.0135400967871,22.202985535358806,77.51836932816263,39.08901951515952,62.664152664995186,56.99678035513409,87.73004283799435,52.20073438972577,60.728061954840825,43.08710500282825,67.1714764496063,48.9377169468961,74.77065778176427,18.275839093136597,85.37966302933592,94.46438281850646,86.71349351135382,73.21175121452501,17.11734969494421,67.66316674443084,96.14431399454031,88.28521128212947,98.04914646712541,67.20549961186697,95.72179499586821,86.32158378821839,25.43915001064272,70.26508838753557,44.46942677828088,64.1514006211413,26.05410933084437,11.557061041145914,62.38682654143372,76.99047717112194,55.07623775225028
185548,2,17,9,53,11,27,10,103,Canada,9.794579653171354,47.42212440251018,9.33740888717611,13.476621430397245,6.169520740884394,1.0,69.30757411611546,1.0,1.0,16.135186567182956,1.0,1.0,5.750230951583532,12.09412374001377,49.08490303257088,30.390084313250185,55.02122998860722,49.99999999999858,5.444812706922107,85.48287799381364,60.60359954468936,1.0,2.2963252312841576,1.0,1.0,5.524427740784873,30.63992438136114,27.39466858187575,81.01602467813768,57.63140255323418,91.19146308714903,64.98860679804358,51.84839431971352,99.63785082300456,78.35350300402342
290693,2,34,43,1,15,26,7,109,USA,11.845142514417375,10.037438942349667,35.81736676013651,41.99495664515888,39.96934393210995,10.636437729519969,14.282856410831698,64.4990779584212,85.26869520075695,41.24825991472602,46.70688036593572,75.29940096995824,60.225336049293276,58.25364669194022,75.57443544675277,32.33683325556629,68.43962164102402,98.81719090513047,43.98116094104404,84.9464681882871,61.25946572680101,1.0,16.747620550392412,46.256957089828006,10.31885447517891,1.0,1.0,9.301460576598942,38.01744165202632,51.36864963094524,92.12810100291642,19.819521227727023,8.682797163853309,68.60058485381398,11.02956043416009
71589,1,18,30,57,6,22,7,101,Canada,61.55690434118151,22.202985535358806,94.734671788117,59.88492177432994,1.0,93.62486758591967,84.56716102782389,18.94479160131681,23.898017006741725,34.077385217651084,37.45479722966138,1.0,10.233315122673844,74.24701051971755,1.0,1.0,1.0,1.0,39.89486403050768,17.800534288700106,1.0,99.6635329355446,70.51059471376072,94.87900696723284,68.4693093138481,82.48283497451916,99.0,99.08750835473393,99.60644475007302,98.55229587730832,63.565929724145064,99.0,95.3637252206056,61.58199982530522,99.63901265758363
192772,1,39,5,24,12,19,1,104,UK,79.68512546153556,75.31460959442984,48.4301341302492,73.55834364977648,45.69101423380141,91.55657756489688,76.0272500337062,69.93844782983876,75.68591836594749,89.92405368224854,51.840430352222086,79.05269259105376,57.18008180471179,29.1417526603677,52.45351877055907,32.33683325556629,19.907040067253604,51.8976637847569,97.59410191481129,64.78278589337833,47.9668538851372,34.8357917082036,33.429732576898715,27.409635915245588,68.50084497134463,51.547120780486466,14.79180849177061,48.953336685814406,74.07378771729748,87.42678902469072,92.35615236245212,58.67589879495944,64.78278589337833,17.875995259367897,79.02888421023272
6660,2,33,22,29,15,15,1,101,USA,56.226739093585024,83.25237944960452,29.92105452901481,41.99495664515888,75.896469460812,75.32807768554233,14.282856410831698,46.77751575816734,63.20312309096943,84.15710265842984,66.20780177702142,12.124301089074606,47.4283312062351,13.513620199922286,66.340228404796,62.61750720984338,56.26552051410175,53.844028635023164,38.04138284016847,60.87159425496816,91.03705908413644,81.11362089772024,52.403820182702646,58.701033451356636,70.54709916894535,85.62147587131506,65.69238152771845,88.55650798049987,50.483537963805134,60.42477581553817,20.33982698209911,48.10738101833368,72.49671585319584,85.08412333851334,25.80553116473422
111312,2,22,58,57,17,8,4,102,USA,66.57689870436599,24.65991214027227,87.43748015944948,47.70466906821406,71.15813214473707,66.01067157866157,71.63636970116852,77.5531130315029,50.63550054933802,62.034618989035664,95.46494093275498,36.380627243456786,96.0687808460741,58.25364669194022,67.40322383623425,66.8333246469353,76.00485587797846,34.82904556346739,56.018839058953176,56.37210185571547,80.01509013648229,71.43810549725782,61.91892508169872,70.65410972728665,29.452900831051807,81.65516168436488,75.43413507948515,59.55017917542108,51.450450982576456,60.42477581553817,31.027056149688406,40.585778717067456,63.60458836831259,39.82652432314637,79.86341080358977
270650,2,31,41,19,18,14,6,108,USA,71.52185653524157,38.0810749182985,60.5424373119057,75.29940096995824,45.2259618242183,51.01676241556953,98.51433266565493,94.01507472051583,74.99408138629997,84.15710265842984,88.11866088490251,88.64046967681088,79.81194919210759,90.94023274545907,64.19211525347072,70.92998286223917,39.60153246430622,67.90892130832316,61.958617159828464,47.263624580874534,75.662292729603,63.49223593242601,83.25237944960452,22.701518884824225,64.87415180158689,42.17855658104003,39.44843304817931,88.55650798049987,44.69004238442744,60.42477581553817,50.808806724323006,19.819521227727023,54.26599085816497,49.51248786451873,53.319429804707454
277979,1,24,32,3,12,26,0,109,USA,96.91525090957623,91.35510392462345,82.47693013887124,68.70258339069414,56.4544420238056,80.35947022086873,99.26604590433521,1.0,1.0,16.41836990916883,1.0,1.0,1.0,1.0,63.45941745888547,49.56063603396092,98.41152470551742,56.62565795263481,1.0,95.93501744805155,37.907163869258454,43.7573217524037,74.31609562768182,43.344921433791285,8.743747773108822,51.547120780486466,11.217745275809932,86.73819538201224,95.9638917775718,73.19020655694652,92.35615236245212,95.42391757198754,73.48346135784982,99.55215657014026,82.88265030505272
73874,1,30,40,4,8,11,8,101,USA,1.8950801931769803,23.74815518018309,3.278312869826877,22.733263538806,20.561530401874762,12.47330482372206,6.521220969316275,19.399112808274964,2.7734238101172366,54.556975949327466,75.28209110360444,33.2971634767795,17.445521498293687,2.811291111333418,25.55152039538754,24.3543369865842,35.683822142085546,10.121619831216094,29.2312123443686,55.608646060651324,42.903871202689004,95.01709834844974,91.76591663041097,70.5644345908944,78.40254957459194,98.11132681325103,99.67380953495001,28.6562827261815,84.62259890219718,77.08551834849004,31.28674622915665,89.5486601335848,99.52784010077323,81.35350509583145,74.91866798595385
136344,2,21,47,53,22,1,10,102,USA,1.0,47.596179817294626,3.688057736559159,47.70466906821406,1.0,1.0,14.282856410831698,1.0,1.0,49.58131153933135,1.0,5.474027310624237,13.024359851372537,1.0,33.23363959699367,17.11734969494421,14.002342391831263,76.59096398990584,78.51297613318877,29.566759293785054,30.852352642443492,1.0,1.0,8.962940915860088,6.8200834549964355,1.0,49.99999999999858,37.13891197395856,99.0,99.67456807575786,99.5409754762494,98.79378009300251,72.49671585319584,99.08232312195366,99.0
31746,2,19,21,59,22,22,3,101,USA,43.77326090641202,32.30086506298957,34.61916573918188,31.77158528160487,75.42677453203078,30.433837038828756,69.30757411611546,75.79975471109776,58.55236278061574,72.40894963476512,78.58858792556782,89.36356227047679,54.44332608373179,58.284910629285946,55.17743737936871,59.164320907627484,47.29334144891749,63.04358033960449,59.48073062366848,58.64095210559856,35.44845706311651,64.95563832067211,60.03770236290336,41.86477327317664,41.82043671123682,70.51059471376072,79.22231631654597,63.652467915599175,72.06746650826909,85.57837300622441,69.83155565887887,78.40254957459194,61.01069607724554,61.58199982530522,51.87270511600451
55282,1,19,26,1,16,24,5,101,USA,57.823285252184746,31.560378358973026,63.571847377224856,12.18133681601131,90.25150381446599,75.87698953756819,56.6550785662057,49.75540367085159,23.898017006741725,61.46221350641065,37.45479722966138,48.9377169468961,53.556183128907946,65.10699556121563,70.65410972728665,59.293134367405116,77.35818626598257,59.565192814904435,58.854938377407905,89.12969944645124,37.5868434385456,70.88539022360703,38.38945363702777,76.81282413922463,78.09129834681312,33.764947224578975,85.870934111515,70.26508838753557,57.222805237171144,72.78553401282983,67.65818245209357,92.2265643642063,17.11734969494421,34.12556235771552,22.625616852424997
54416,2,20,4,10,18,19,5,101,Canada,78.05403553916233,47.42212440251018,65.3808342608151,78.930623981037,94.9177941025722,74.11744885089718,49.99999999999858,83.32359405003501,89.78597966804489,23.061104035291663,87.62929142411929,89.36356227047679,82.88265030505272,79.56525799826431,89.4285017073571,95.13226897091977,80.12018947505294,95.93025064599658,71.58235461751946,32.953691042920525,93.22069447116962,78.24550422529478,69.25788961302214,80.57794121246536,93.5656869093541,98.04914646712541,7.322719933806454,58.46198478449537,1.0,1.0,15.053531811709632,11.039189487614777,1.0,11.15984711503495,3.329479665443344
107212,2,22,4,48,16,17,3,102,USA,20.83731279140534,33.453751050166034,60.5424373119057,25.710640422264248,20.508511603777947,22.051478045657404,25.80553116473422,51.552310960650914,63.20312309096943,33.13730422869742,33.7921982229756,70.13473438320716,64.3925588198357,43.67753549670533,80.30373266323295,62.61750720984338,95.68148758840823,76.59096398990584,38.04138284016847,73.74048971379887,66.23505277541807,48.171688809474915,66.54624894983101,52.496530987935046,53.01436083935573,62.94967134706582,34.30761847227842,21.671423710050647,22.86494527729289,17.470860014697195,31.027056149688406,9.038096759454817,49.525487831820726,39.82652432314637,43.8453517351694
22123,2,30,20,54,19,27,2,101,USA,25.381412989254983,42.80857461825059,87.43748015944948,47.70466906821406,1.9528124319700737,26.468749470533226,17.855609388338962,83.34126072961294,20.67268965707339,89.9307629908659,78.09129834681323,47.70466906821406,83.21243289066717,95.89792084771852,3.9213549915431116,5.857618735287204,6.270160036442462,1.0,49.99999999999858,73.74048971379887,1.0,97.05470170668355,79.42646223603026,70.65410972728665,75.94333318302654,81.65516168436488,99.0,80.19514273855225,96.10318790789006,87.84587842470967,84.11426570792503,99.0,99.66302100536552,26.059328894242867,83.6093633598631
28997,1,16,42,48,20,13,3,101,USA,41.426091839074786,31.560378358973026,33.50591881826929,64.96770596500653,40.597419457146316,19.09118658735892,73.58796746462082,17.974628136585864,23.898017006741725,34.077385217651084,37.45479722966138,11.404612333522465,44.67079951304356,11.119567381016623,51.456669658147746,63.6332320645019,73.87736666989514,26.78824878547178,22.266214105837975,63.46873685996724,42.50673874971841,57.47376918911107,38.38945363702777,62.10760514616891,31.530690686149,73.84643900984258,73.67177934677,48.90503595078849,34.058926066630676,23.948036756942713,55.137203674949376,34.010380936226,38.54997813635191,34.12556235771552,43.80047150705559
51282,2,24,33,47,12,13,5,101,Norway,36.47580823944185,33.453751050166034,66.57026742309836,1.0,71.15813214473707,56.08731942361942,48.576617450646324,36.19096488527089,69.241915284083,57.92493916101165,66.20780177702142,20.791244461849743,26.81939930077658,13.513620199922286,59.821672241187855,53.95060925674363,76.00485587797846,76.59096398990584,5.317763438902432,73.74048971379887,45.87796928698316,38.42014413139253,86.77776916771938,28.20459265453337,46.98563916064137,42.17855658104003,12.112736993001931,31.747142483319834,11.112568382946506,2.1550420242131025,31.027056149688406,14.018270540290615,14.973082087715454,44.64654924803892,21.709330571400272
309384,2,44,49,0,3,1,4,110,Norway,52.256813721130186,10.037438942349667,1.0,30.92981159264579,45.2259618242183,93.48525340387232,99.0,89.99476606781911,85.26869520075695,66.06762283826549,78.09129834681323,88.64046967681088,51.71482449908609,99.61912265989758,1.0,1.0,1.0,34.82904556346739,61.958617159828464,1.0,1.0,82.22665393007685,4.849929977967491,98.49637425348033,75.94333318302654,81.65516168436488,60.55156695181773,99.5731663450756,77.13505472270435,77.31892438549448,70.4714220996438,83.17396400423456,93.41517453375116,44.64654924803892,48.576617450646324
293742,1,21,47,20,22,6,9,109,USA,75.14074018629947,87.9577765080262,48.4301341302492,58.46198478449537,51.07837601973398,45.2259618242183,92.0550555929741,43.889726422110755,33.4297325768986,76.14428173605461,33.70576361322108,48.9377169468961,36.18273462646164,38.39571010362192,55.789602284413206,45.17371817583938,39.95646936187677,65.88150455292742,29.2312123443686,88.28075826138559,47.9668538851372,39.89486403050768,24.859259813697662,27.409635915245588,57.75674281970055,36.23605888348368,52.57787559748709,64.46531457556091,47.426117923277445,47.33197466719491,49.99999999999858,37.06068052157116,46.256957089828006,59.21514729374104,51.923296568158094
177845,1,20,12,0,22,5,9,103,USA,97.7863215145286,85.24142108866056,81.69065865934795,97.77679069619751,90.25150381446599,90.83746284151164,73.58796746462082,27.29597326525206,60.728061954840825,38.53778649358617,61.37045033015977,38.409904521478666,7.601480727013083,18.275839093136597,71.60604891873027,67.87501701242121,73.87736666989514,54.802631573815574,22.266214105837975,86.1451939678384,76.31086354020897,63.69459668795298,86.01734838160507,46.284843661040384,86.47075137508511,33.764947224578975,64.35189813608548,27.7341865131485,72.47619571226187,55.07623775225022,71.63116465773368,97.41203955043102,17.11734969494421,76.99047717112194,60.65892388614958
44101,2,64,48,12,3,24,4,101,USA,66.57689870436599,86.77776916771938,82.88265030505261,36.380627243456786,71.15813214473707,51.01676241556953,34.571415401094725,58.67830270104173,80.3671613682983,29.2312123443686,95.46494093275498,41.99495664515888,23.061104035291663,80.57148528841765,55.37945922398609,78.64360704103217,52.09291350348076,72.34611144766149,26.715253344971444,14.388220962407416,75.662292729603,84.37741973382447,79.42646223603026,90.28154724750141,85.58941731904213,85.62147587131506,24.565864920511927,70.35319944682698,11.112568382946506,14.059962345009183,27.318507249333862,14.018270540290615,14.973082087715454,30.49117442662336,17.855609388338962
323759,1,34,59,32,5,11,0,111,USA,45.456695093931785,94.2497690484131,53.66061046757994,95.58814230780956,1.0,6.14410493977671,46.48765477801305,65.59196064442403,8.595136517134506,94.89782131947823,63.944078383121166,74.50142217039121,24.450026149603673,87.50184206961114,2.582409397213084,5.857618735287204,13.234684165010492,4.968678807918806,10.420623092910688,4.872688754605363,37.907163869258454,45.05353300767098,10.49991745079825,70.5644345908944,46.66577108930471,46.3923581404963,47.42212440251018,69.4156405997457,99.07346604904706,99.56100932266213,92.35615236245212,98.9080454357719,99.6502889820996,73.06999613385693,99.0
322362,2,20,53,21,8,7,11,110,Thailand,12.382760911786676,67.6991349370075,1.0,13.476621430397245,42.68003802225007,2.9155433490531237,30.69242588388164,44.84214814961348,28.557470106690573,55.989958694574455,33.104268824151234,24.67192231445489,63.20312309096943,62.81128849233477,54.16463444250638,50.83735048134031,86.04643655114467,41.253357029240476,53.17565354610883,37.1121953585116,40.39427439640821,48.043672167639386,55.28135202338723,47.66706510853851,58.17956328876022,29.489405286236234,60.60359954468936,42.58820505516337,66.78338011506327,48.64867122355571,83.1835362374826,61.40112178490722,42.62918553286505,39.50535605806317,96.31194226343769
131069,2,14,29,37,4,29,8,102,USA,28.47814346475522,32.30086506298957,46.87999385447824,31.77158528160487,48.305582994432655,13.771182135799876,45.06434861754923,40.29754265921218,34.29014070741786,38.93485830207197,62.34008261658903,29.2312123443686,28.417645382477644,67.23807905407995,38.99834309661901,50.83735048134031,55.02122998860722,45.61140169131329,28.417645382477644,37.1121953585116,26.016015886155145,75.09561146057843,11.905198398291134,92.59095325683506,73.74048971379887,78.74483379669266,95.64331458828849,47.87586579427381,30.545479159098193,19.249336944454853,21.19945721193062,75.22616924738367,33.637604863282434,23.966802620214708,42.532852754387704
279636,2,19,18,39,0,9,1,109,Thailand,13.300094165453658,8.063817929275558,53.12000614551897,4.1425430837941235,42.68003802225007,10.39944639469067,45.06434861754923,91.15048552760663,58.55236278061574,79.81194919210759,91.38663287631312,59.105415786523,94.2497690484131,92.4495495106745,56.18830886320245,90.7025534667996,76.88702824078518,28.66808138882041,12.923435234695575,45.66479924381599,50.50840487755136,63.77933526110843,77.82092340640315,53.49797160417478,73.74048971379887,66.12530199496246,50.50840487755136,32.29361888896099,8.962940915860088,12.51925154915159,21.19945721193062,6.685058310766635,14.02178810181016,7.786941691750158,56.53893235643574
116543,1,20,57,54,14,8,5,102,USA,41.426091839074786,57.30350820568515,6.255016295992704,39.08901951515952,46.11100570929818,84.02866242798461,38.96105870641554,57.07189150575374,91.89955310846108,21.585353722915272,43.382320882034605,74.50142217039121,35.93764208945419,69.76618448027108,38.03451289691452,32.96395269530268,42.82463416453311,45.1973684261817,46.19023280498891,21.356392958964705,62.41315656145173,54.949711634244466,47.65939602551936,51.59328961075215,58.05661555062329,43.82486237037028,49.49875553694591,70.26508838753557,44.46942677828088,55.07623775225022,38.098006018754745,37.73513589160882,57.667541259690836,72.08762914155761,17.99751393482981
96944,1,24,47,27,20,20,1,102,USA,6.0801126438568645,38.76343628455788,11.481853327685542,14.33903948472684,20.561530401874762,1.0,72.13117650841292,15.799085796472156,17.11734969494421,32.114260191230755,9.084881827350756,15.113676818130472,32.1448990198478,33.69777385863253,58.00148636052478,62.61750720984338,95.36894202082613,4.968678807918806,23.934694948060837,64.78278589337833,72.61901380720087,39.89486403050768,56.53893235643574,13.81572005327331,25.42533077083897,71.5236105989706,67.6991349370075,23.9951441220185,23.831246036348006,26.016015886155145,12.383733081535269,17.681323668604676,32.54383356563801,54.38260045296113,47.11585655441377
120575,2,19,15,6,2,10,6,102,USA,34.68823253350803,67.6991349370075,71.22629291164247,36.99571155383836,48.305582994432655,1.0,35.36705841812295,18.465253038361,1.0,30.736721929339495,78.58858792556782,33.98932842133539,5.750230951583532,31.027056149688406,24.760853427679564,22.914481651507117,15.648820633267945,54.388598308683754,28.417645382477644,17.792144118817248,55.58203895537741,51.71187910348294,22.99667203151691,75.67701117574552,31.25925362667769,38.38945363702777,95.64331458828849,37.376126900058125,86.72842660743947,88.68818169815381,42.9813826315102,98.96191486636508,85.31080770811991,72.08762914155761,82.15417819623713
122589,1,26,2,1,7,24,6,102,Finland,84.90102877149559,54.846168774782996,53.66061046757994,73.55834364977648,89.02639377864637,55.830976460441036,96.28464744855683,40.462446554713836,75.68591836594749,16.41836990916883,33.70576361322108,54.24481320760782,69.4387851150434,16.742576542171378,91.4744297484466,78.64360704103217,97.0995258424665,78.68758818548724,80.05715289906334,81.41475722390544,67.93474740485391,15.632959071285342,47.19168211406509,4.235580745426944,41.14506162258914,10.551767248969924,8.063817929275558,59.37039484136545,8.317442143965224,11.969716158754522,15.09685281157391,12.362471450670682,9.911413245848223,30.49117442662336,16.380896680795246
333144,1,33,51,55,19,28,3,111,Italy,75.14074018629947,11.325256012873183,89.86526647580195,42.58820505516337,97.16847401524115,75.896469460812,68.07622402073508,96.51214624768966,93.46684484996422,63.53406225256617,98.04461905111657,74.50142217039121,99.48847233567824,83.99766180589484,91.4744297484466,97.39639012845555,97.0995258424665,74.61390353739301,97.59410191481129,50.93650051561667,47.9668538851372,85.70586897669023,82.15417819623713,88.47492695334438,93.69665425731546,66.72472775425962,27.54053586276666,82.88265030505272,1.0,6.646425442125121,3.9536801005100273,4.2642639367628306,1.0,1.0,2.7619831213292656
153292,2,16,40,10,14,11,2,103,USA,41.14506162258914,47.42212440251018,13.42929580372271,2.182168546162984,84.5933664326293,30.433837038828756,89.20048547787871,60.82838910395452,80.9504293154099,76.20132219233813,62.34008261658903,68.88674933652726,41.14506162258914,22.756772076691846,80.55235289626035,50.83735048134031,69.9848920385781,88.84463139580612,98.8901688239149,88.49285544556074,30.63992438136114,4.122217195778504,4.023358416570673,11.657982565176184,36.46593774743093,1.0,70.30114211772138,1.0,66.78338011506327,48.64867122355571,69.83155565887887,91.68751759193776,38.087158236754135,92.82346852083447,33.429732576898715
54951,1,17,14,15,17,20,5,101,UK,25.869896043434807,72.29494873939228,6.255016295992704,44.25442868298546,15.84780352374321,19.09118658735892,52.223645153743746,29.523461796261245,35.57062646454057,56.91289499716851,49.39681158829484,33.2971634767795,13.188630176919133,31.15277637369209,46.256957089828006,28.82365187556678,58.75637895863116,14.944855358607043,27.840394651610865,63.46873685996724,84.40401259632893,34.838911893208206,38.38945363702777,46.284843661040384,31.530690686149,78.30797746527924,34.68644351987399,10.536600056763831,37.13235247544594,28.04992374818403,18.801049858689595,26.844462737322914,83.61910331920171,66.9308230275501,27.58490170220736
137014,2,18,30,54,19,6,10,102,USA,6.077619234267871,8.063817929275558,53.12000614551897,31.77158528160487,3.6415008991581033,1.0,30.69242588388164,86.69090053401965,46.32138626874536,55.989958694574455,62.34008261658903,82.09122407614211,86.18427994672345,99.5409754762494,9.431514778268621,22.914481651507117,1.0,28.66808138882041,71.58235461751946,1.0,35.44845706311651,61.40485267302421,15.299157425058581,64.95948197352692,58.17956328876022,74.72943511559401,79.22231631654597,58.46198478449537,50.948985847558845,85.57837300622441,69.83155565887887,16.266918122059394,81.80022031836984,15.022086408344563,47.19168211406509
269649,1,39,13,52,12,11,5,108,USA,3.6880577365591023,3.019669333842657,58.85493837740813,63.652467915599175,1.0,9.068460239733724,1.0,66.69139207970102,75.68591836594749,49.99999999999858,80.45593114895769,33.2971634767795,65.44478241121891,71.7487486783483,28.557470106690573,58.313084197575165,70.12165053195866,13.27157339255723,10.420623092910688,20.095747650381668,33.024071419858416,84.75425576283408,10.49991745079825,94.77909849696766,78.40254957459194,88.09947126256975,96.78591815813411,69.4156405997457,74.88590889454707,73.19020655694652,61.389447325112315,75.7080910490638,64.78278589337833,54.38260045296113,86.43989593768629
48012,2,16,50,51,17,3,5,101,USA,37.24726025607629,67.6991349370075,40.6838208567944,21.98554323401359,48.305582994432655,21.55810182641281,49.99999999999858,5.750230951583532,6.052488078137884,23.061104035291663,44.67079951304356,1.0,8.10044689153574,31.027056149688406,36.035639670424416,19.43314824970622,62.64068640317316,14.16905281531848,12.923435234695575,93.59987873933267,21.62407111251096,41.95986542494984,1.0,53.49797160417478,21.525833663213177,52.34060397447763,99.60571132023324,32.29361888896099,75.44649926802254,48.64867122355571,46.873144753778206,99.4871291106598,78.02643791803109,81.57742612003744,42.532852754387704
16667,2,14,4,52,17,14,2,101,USA,32.16868321419213,18.736579827812932,18.091093533910794,36.99571155383836,42.68003802225007,35.16659218219144,73.80819408488429,13.30909946597734,13.489921776969908,47.4283312062351,3.4351090716735797,4.1425430837941235,41.14506162258914,26.799440190550882,44.01369273893755,63.253774141245344,43.44086596153767,17.457719845957683,59.48073062366848,62.88780464148539,30.63992438136114,18.554538568528727,6.227228561319436,8.059019570939455,6.434313090642604,21.255166203304185,79.22231631654597,58.46198478449537,81.7710269974798,82.18204355948444,88.75630204219294,78.40254957459194,61.01069607724554,72.08762914155761,74.31609562768182
65704,2,27,33,53,23,21,6,101,Canada,17.63266108200014,79.42646223603026,1.0,53.441633783084455,16.304651131737984,45.936737500516585,11.02956043416009,47.970263513904285,15.669449792360979,87.17481078845185,21.90870165318364,64.72479717011902,60.225336049293276,21.025779143228192,20.24566107649926,2.323733413068638,14.002342391831263,30.29568662558205,49.99999999999858,42.72307250299582,56.175137629626704,1.0,1.0,1.0,29.452900831051807,1.0,49.99999999999858,1.0,84.13405995028256,87.84587842470967,96.05692016772161,55.668082219914254,90.75306645260173,85.08412333851334,34.571415401094725
213294,1,34,42,12,18,16,1,105,China,23.926971809129697,65.40796685857111,48.4301341302492,32.29361888896099,20.561530401874762,1.9528124319700737,42.12105509488873,26.283262941850268,17.11734969494421,45.44302405066958,33.70576361322108,15.113676818130472,24.450026149603673,57.77181115832951,42.43986603950128,62.61750720984338,57.44425564700225,61.29976780711877,14.454226894048105,37.023634211068725,28.301933389501215,45.05353300767098,74.31609562768182,37.87624240388857,68.50084497134463,46.3923581404963,18.736579827812932,33.53431189536067,56.60376217596507,69.12364029909389,46.17660171452587,72.48797438327796,28.20459265453337,49.51248786451873,61.450021863645304
120783,2,26,50,36,18,11,6,102,USA,57.543242869027836,92.76668478665965,29.92105452901481,36.380627243456786,80.35947022086873,35.93764208945407,39.164121453558494,1.0,31.945871788203334,5.057819312966302,1.0,8.513015135789828,1.0,34.16187001140264,60.92228575759145,58.313084197575165,72.29494873939228,72.34611144766149,32.25972665545132,47.263624580874534,56.175137629626704,1.0,16.747620550392412,1.0,3.9933305784866775,32.05120225161804,5.8801748414628605,3.6415008991581033,83.40222439027616,90.76405995088896,94.2497690484131,48.10738101833368,58.97185396875591,96.29176126262075,58.035300002071665
295215,1,19,54,24,18,29,9,109,USA,43.93424711458135,14.002342391831235,85.5457731059488,6.007587643171647,73.09049750610438,93.62486758591967,12.26995716200264,99.50648263432447,99.67450308630964,96.19641336868813,82.88265030505272,83.29083516369599,88.62160056241169,99.0,47.295600661466665,67.87501701242121,24.01553101213875,88.41524423700196,81.89134079507176,11.443492019496944,28.1326749801718,20.04655704242387,82.5198013532862,46.284843661040384,36.66643893113121,43.82486237037028,7.1638769439176,1.0,1.0,4.988294158485161,42.309529269011875,2.1083122362595503,7.495455514514461,1.0,1.0
26919,1,20,52,11,1,9,3,101,USA,99.66624382312011,92.04776774279742,96.84769134625276,95.90088843111846,40.597419457146316,87.62360535106382,99.0,1.0,23.898017006741725,5.863222607955436,16.19559232062153,1.0,1.9639993921095993,18.275839093136597,54.57292510856979,46.00010268162191,31.23053179269928,40.434807185092495,39.89486403050768,67.66316674443084,91.13614225019523,75.43910306455211,70.51059471376072,41.01418900333107,73.40738137626522,86.32158378821839,64.35189813608548,65.11427827745615,72.47619571226187,41.258983812307235,42.309529269011875,81.67317048033544,67.00192895808408,81.57742612003744,85.42287931818055
214338,2,22,34,55,17,6,2,105,USA,87.61723908821011,47.596179817294626,72.36136535016311,92.14274646283457,84.49314686490402,70.76878765562856,87.05895219246986,32.76924519868169,38.03089399597786,29.2312123443686,59.82779962352896,47.70466906821406,51.71482449908609,10.256330377787322,80.30373266323295,74.87692820914225,85.99765760816524,34.82904556346739,49.99999999999858,93.5656869093541,75.662292729603,84.37741973382447,7.233315213337107,76.22732636636681,85.58941731904213,57.8214434189569,98.19288490993267,99.5731663450756,91.84447230878266,84.60948438918092,66.6913920797009,70.28119891898956,93.41517453375116,96.29176126262075,92.91508350555785
148353,1,21,26,29,3,8,1,103,USA,54.809833445474396,96.58529297009034,86.36991465860137,53.185121557385685,12.407428221726605,20.508511603777947,42.12105509488873,9.496206656934248,5.302878311419761,59.079735499801416,39.636916846050894,15.113676818130472,8.712627306090496,1.0,10.853418650595955,10.870300553545434,5.43365127939073,1.0,18.98397532185942,81.41475722390544,58.10228715703602,7.188608242623928,1.0,6.879750348352232,16.266918122059394,31.333377765149464,57.708912917791565,19.60253669358994,99.0,99.0,94.34254431075192,99.67236513062483,99.17350952235233,99.0,99.41468443269127
217929,2,35,22,5,21,22,5,105,USA,91.01072941348525,57.1914253817464,54.36555360329919,95.05909897483161,96.6548610807622,70.76878765562856,87.05895219246986,30.532174046879902,69.241915284083,9.551783999317706,72.33000753722172,30.92981159264579,1.0,80.57148528841765,87.84879593884375,74.87692820914225,93.72983996355435,84.34337495220132,67.74027334454553,60.87159425496816,80.01509013648229,50.984615629757,20.573537763966584,58.701033451356636,89.68114552481791,67.94879774837898,1.8071150900638884,84.5933664326293,72.89510690153799,77.31892438549448,87.03652229280976,44.33191778008268,40.094517212998085,81.35350509583145,75.85958331893107
118453,2,16,53,20,12,24,5,102,UK,45.09372939329262,52.57787559748709,81.90890646608625,53.28300011763815,80.19514273855225,35.16659218219144,1.0,85.04376536305949,58.55236278061574,68.46322926279544,94.53506955940702,73.53125052946376,91.89955310846108,62.81128849233477,87.4093698930343,96.83683486410723,93.27283370785187,49.99999999999858,59.48073062366848,78.69723851442359,74.88244503141595,90.74422223118506,99.09027077608494,70.44701254587068,78.47416633678381,47.65939602551936,83.27341643809916,89.95808132590957,22.914481651507117,31.065236237279777,7.472242555693413,35.72345774980255,42.62918553286505,50.55606614092534,29.059420566627125
267607,1,18,39,1,14,30,3,108,USA,36.4753515861176,36.54375437401734,43.40796818255575,34.03205562984181,24.93622284681038,61.925522292421476,43.344921433791455,63.06990559006482,83.37058464759491,25.56560193899287,78.00663739513197,48.9377169468961,44.67079951304356,82.49956139431197,30.11342325389225,28.82365187556678,24.01553101213875,31.190177032009785,46.19023280498891,25.12307179085471,62.41315656145173,43.53409043515359,47.65939602551936,56.885539292462795,52.69495166842427,54.122030713014226,25.43915001064272,38.059457108195716,4.249595627239657,13.043711380136159,5.04165366294643,6.930956849954356,57.667541259690836,1.0,13.76553058318379
293597,2,23,36,26,22,5,9,109,USA,79.60069175858041,33.453751050166034,87.43748015944948,70.13473438320716,71.15813214473707,90.63018663441358,67.23225874558347,55.12717955246546,80.3671613682983,18.42776043837648,59.82779962352896,80.15066620083473,47.4283312062351,53.41024752405781,87.08073037137069,66.8333246469353,91.44769243010387,90.8455915333858,43.98116094104404,84.9464681882871,71.05247102613345,12.987875674422298,28.966673346581445,12.993014428773478,40.99644796096635,32.05120225161804,24.565864920511927,9.301460576598942,15.865940049714283,8.165431414597577,34.84997484138398,19.819521227727023,30.986852474538694,30.49117442662336,21.709330571400272
147323,2,18,42,24,23,1,1,103,Australia,82.36733891799679,27.54053586276666,71.22629291164247,90.81894281558982,84.5933664326293,86.22881786419691,69.30757411611546,78.73224755234617,80.9504293154099,64.3925588198357,73.45557273577765,82.09122407614211,94.2497690484131,26.799440190550882,95.01591223570813,95.13226897091977,98.00320675353225,75.2622122206759,99.64764414218155,62.88780464148539,70.30114211772138,94.68807019711858,99.62721507935282,70.44701254587068,90.48753652855896,86.01734838160507,60.60359954468936,82.4708482798892,67.67971329067859,66.39018662627882,96.83349055384474,46.66577108930471,17.47546846224384,92.82346852083447,61.15337443158933
200985,2,19,11,51,15,12,4,104,USA,30.925821844816483,37.234191385917086,28.773707088354342,21.98554323401359,37.13891197395856,35.16659218219144,59.82779962352896,76.79078762978202,58.55236278061574,76.20132219233813,83.3382186311095,33.98932842133539,71.58235461751946,86.63338107695051,27.472695189935166,30.390084313250185,51.16041356852554,28.66808138882041,71.58235461751946,1.0,45.430036846224084,33.643641356437456,19.00967208037636,41.86477327317664,58.17956328876022,38.38945363702777,26.016015886155145,53.185121557385685,27.075920752843132,35.331007974480485,28.017660032449186,39.32378978437407,38.087158236754135,61.58199982530522,10.49991745079825
219177,2,46,30,5,16,16,6,105,USA,16.60769013057609,7.233315213337107,24.31408163404953,1.0,50.53116852032986,40.894584213473934,92.91508350555785,91.43541382626165,96.21941950767757,92.39851927298366,27.66999246277524,95.05909897483161,55.989958694574455,95.89792084771852,3.9213549915431116,10.870300553545434,14.002342391831263,10.954729552571052,21.487023866808073,33.840423460596384,1.0,37.05233351832487,1.0,46.256957089828006,59.00355203903064,77.35318352774686,70.67123342360873,42.68003802225007,17.34182933286462,21.14522395556716,23.74815518018326,59.414221282929645,8.682797163853309,39.82652432314637,3.5713024619715696
93003,1,24,10,13,1,29,0,102,New Zealand,85.87363839609088,94.2497690484131,58.85493837740813,93.03225210487653,95.01170584151157,91.55657756489688,8.962940915860088,77.14470064106854,93.46684484996422,27.89944823044962,57.946348166777,90.61178652490548,83.85324876846573,62.553226842568904,99.63300004471489,91.29658428621372,99.53047507700808,99.17618813377487,80.05715289906334,97.6332149299792,67.93474740485391,26.375694242845015,7.705354041128103,37.87624240388857,93.69665425731546,14.045757510992814,11.217745275809932,54.18252200787731,19.965341972887984,42.903871202689004,15.09685281157391,30.168444341118146,32.54383356563801,26.059328894242867,12.887763580526325
115446,2,27,15,8,19,30,4,102,UK,97.2683119321531,92.76668478665965,72.36136535016311,88.64046967681088,80.35947022086873,87.33959614283856,90.17368850612843,8.9866184332856,44.29159025946308,5.057819312966302,11.881339115094278,30.92981159264579,3.5912137892501335,38.87170207648552,84.66602417273975,85.51395057332343,79.5429030640945,44.24036830069821,32.25972665545132,97.41852532010091,87.75190106309344,71.43810549725782,61.91892508169872,34.02330933641292,85.58941731904213,77.35318352774686,29.328766576388233,88.55650798049987,36.14275152406924,37.79301445376893,14.104550358581292,51.892618981663475,8.682797163853309,94.13055647783642,39.164121453558494
126139,2,26,44,28,2,24,7,102,Australia,25.381412989254983,52.403820182702646,3.688057736559159,1.0,61.07139808454821,70.76878765562856,30.105722373059507,86.83637902208864,56.97016483628056,77.4421785863118,83.38855564847916,70.13473438320716,94.14497980466729,72.19114017691345,67.40322383623425,20.62737789529018,56.26552051410175,67.90892130832316,99.0,29.566759293785054,87.75190106309344,86.42110074567972,95.15007002202924,64.78278589337833,53.01436083935573,67.94879774837898,91.24648810278018,59.55017917542108,37.077897318682915,29.147485055433123,80.97280035630354,36.88851327944508,87.70991929816626,10.878069661841323,3.5713024619715696
247885,1,20,56,0,14,20,2,107,USA,51.51959964643771,57.30350820568515,19.94284710093362,20.028241776119472,73.09049750610438,23.257757659384367,97.0516221226593,55.858187591431545,29.581762687260635,61.46221350641065,82.88265030505272,23.643949523418712,53.556183128907946,69.76618448027108,34.02330933641292,75.93679350049774,42.82463416453311,11.584755762994718,46.19023280498891,33.16667535306172,19.495118163150465,84.70846809500802,38.38945363702777,76.81282413922463,47.30504833157312,86.32158378821839,98.42992568877492,84.13294360024918,55.106539045000034,41.258983812307235,55.137203674949376,71.75838645216538,43.28529155118588,39.50535605806317,66.11822851590068
80046,2,17,0,59,1,3,10,101,India,22.620238869462952,67.6991349370075,18.091093533910794,42.36174007540245,6.169520740884394,13.771182135799876,45.06434861754923,21.267752447650963,23.124395931777997,51.71482449908609,27.610421178598017,12.660403857158286,10.799514522117988,49.0756605725677,28.39449260468919,34.3314735878171,43.44086596153767,14.16905281531848,34.352882342751116,58.64095210559856,17.51142959544154,14.819007406082704,55.28135202338723,30.63218018601941,3.9178591134474203,38.38945363702777,50.50840487755136,1.0,90.46526343033372,66.39018662627882,98.0878566426369,86.96632865979723,85.31080770811991,97.60574978768477,56.53893235643574
41458,1,20,50,48,23,16,4,101,Canada,35.25559590125272,31.560378358973026,43.40796818255575,39.08901951515952,35.18913289854396,46.99412107765221,43.344921433791455,16.09070559696474,6.063415838708025,43.08710500282825,37.45479722966138,23.643949523418712,35.93764208945419,8.10044689153574,74.40812276676019,75.93679350049774,73.87736666989514,59.565192814904435,46.19023280498891,79.3726221047068,67.21963358910307,19.017934363009857,82.5198013532862,2.2634266871436353,47.30504833157312,15.938564502569761,13.416927768190646,18.402231663414995,82.38657002488117,68.54137944829739,91.37410329231693,56.942775957652316,38.54997813635191,97.60574978768477,85.42287931818055
134304,1,18,46,28,13,20,9,102,Netherlands,67.63519204736303,88.86148498074533,63.571847377224856,74.63236042239402,29.94808702969675,56.99678035513409,52.223645153743746,35.27898971864124,23.898017006741725,47.689773852054714,49.39681158829484,43.64141819818519,27.610421178598017,45.5566739162652,39.0501002476023,21.04095673999433,31.23053179269928,22.58667220257354,52.54107759706261,67.66316674443084,62.41315656145173,43.53409043515359,57.003317221551015,67.20549961186697,13.529248624911673,54.122030713014226,39.543731938542976,43.44677096715941,97.88761810444566,76.84829742141653,95.71355429093592,92.2265643642063,95.3637252206056,89.55586279109923,85.42287931818055
156555,2,24,20,31,2,4,3,103,USA,26.560248486689005,57.1914253817464,35.81736676013651,64.72479717011902,34.81530240400832,7.601480727013083,17.855609388338962,4.132612731476925,2.0362323566985197,57.92493916101165,1.0,16.239754440940516,19.490233876291597,1.0,34.30122259976932,17.11734969494421,68.43962164102402,58.61780956927589,8.490408007008512,77.70620629091718,4.673099437369714,1.0,4.849929977967491,1.0,1.0,1.0,70.67123342360873,9.301460576598942,98.79162518057012,77.31892438549448,99.5409754762494,93.09521266559159,68.12570526155298,99.55215657014026,92.91508350555785
139498,2,25,33,43,5,20,10,102,Finland,53.58268096401116,47.596179817294626,54.36555360329919,1.0,88.24351183291469,83.66082146415988,67.23225874558347,33.90161694370457,63.20312309096943,1.0,72.33000753722172,47.70466906821406,26.81939930077658,76.50027093359677,11.108396349598792,2.323733413068638,14.002342391831263,14.245908175891344,43.98116094104404,29.566759293785054,40.7639845402021,35.69384770455139,1.0,76.22732636636681,24.056666816970278,62.94967134706582,44.69722274408724,59.55017917542108,21.23396677671755,55.91895338249731,3.019669333842714,36.88851327944508,72.49671585319584,5.399469858662272,17.855609388338962
258041,1,20,6,53,13,23,10,107,UK,43.93424711458135,52.09291350348076,43.40796818255575,64.96770596500653,15.84780352374321,37.10034335235076,61.038941293581615,31.79628469667489,18.61184945230545,38.53778649358617,78.00663739513197,38.409904521478666,16.43571209969147,40.658217719685524,39.0501002476023,32.96395269530268,42.82463416453311,3.8285362743762335,52.54107759706261,63.46873685996724,67.21963358910307,95.36825282045345,82.5198013532862,94.87900696723284,58.05661555062329,97.32693710071919,78.02095385526434,84.13294360024918,92.42206725657707,87.59257177827021,67.65818245209357,71.75838645216538,95.3637252206056,89.55586279109923,89.29121192075786
95900,2,24,6,39,20,15,1,102,USA,64.03676662779884,92.76668478665965,35.81736676013651,88.64046967681088,61.07139808454821,22.051478045657404,43.8453517351694,1.0,1.0,9.551783999317706,4.535059067241605,1.0,1.0,1.0,40.84088159152816,17.11734969494421,64.46531457556108,10.954729552571052,26.715253344971444,91.03705908413667,45.87796928698316,62.12803491908494,83.25237944960452,22.701518884824225,40.99644796096635,81.65516168436488,65.69238152771845,37.13891197395856,94.84636197451175,81.08909424315777,54.846168774782996,99.0,72.49671585319584,94.13055647783642,92.91508350555785
286655,1,49,20,53,20,25,4,109,USA,57.46714724560945,60.18072278051625,48.4301341302492,2.7765871849072568,95.01170584151157,88.24351183291469,37.80945197566672,48.49807485961452,70.07894547098209,1.7707981883185226,45.709546168848874,79.05269259105376,48.729091361349106,71.7487486783483,78.66773839041639,74.87692820914225,53.073836758051584,86.05748381699186,75.0312598445779,64.78278589337833,72.61901380720087,31.13757270081055,96.31194226343769,48.88792965914092,12.26995716200264,51.547120780486466,23.002631534593064,1.0,9.404867760584978,9.139987713136179,9.892669062583508,17.681323668604676,7.192308219868849,49.51248786451873,16.380896680795246
298606,2,22,50,22,1,9,11,109,USA,62.75273974392064,79.42646223603026,54.36555360329919,97.32139648326427,29.81782479991668,61.101068989654436,21.709330571400272,47.970263513904285,50.63550054933802,62.034618989035664,46.70688036593572,25.710640422264248,34.78467417757349,67.68583273799294,85.4888347581699,78.64360704103217,82.88265030505272,84.34337495220132,61.958617159828464,65.28896729696976,80.01509013648229,71.43810549725782,52.403820182702646,46.256957089828006,85.58941731904213,52.615754574771245,55.302777255909916,88.55650798049987,44.69004238442744,37.79301445376893,70.4714220996438,26.28545322050678,35.48102721108222,59.21514729374104,53.319429804707454
154441,1,16,15,34,4,20,2,103,UK,76.78202867655068,57.30350820568515,19.94284710093362,90.51207654119537,62.664152664995186,87.62360535106382,81.1347120021669,35.27898971864124,60.728061954840825,11.173985487562703,37.45479722966138,38.409904521478666,31.70743267490576,69.76618448027108,2.634063003669283,2.3594900124509195,1.0,5.9865258881513626,33.74743130294135,46.04939074325358,3.855686005456235,74.32201462908336,17.480198646710647,62.10760514616891,78.09129834681312,64.26103025775632,94.84447289291893,79.83354698615312,82.38657002488117,87.59257177827021,82.5505107067354,97.41203955043102,52.88414344558328,45.002837651201844,49.43510774796488
155257,2,20,16,16,13,26,2,103,USA,93.65443702975074,85.20819150822626,65.3808342608151,90.81894281558982,42.68003802225007,89.60055360530589,98.3283245138773,99.47340198446034,99.64133482885654,60.225336049293276,91.38663287631312,82.09122407614211,98.8901688239149,99.5409754762494,50.10168249037429,34.3314735878171,43.44086596153767,85.83094718467828,71.58235461751946,6.400121260663951,74.88244503141595,67.28307332190337,36.21588033259451,70.44701254587068,63.53406225256617,74.72943511559401,21.62407111251096,97.57176437470537,69.45452084089891,85.57837300622441,91.19146308714903,19.16249926646887,61.01069607724554,97.60574978768477,42.532852754387704
250264,1,32,0,39,14,15,5,107,Canada,73.96021344663552,60.18072278051625,86.36991465860137,58.46198478449537,66.94677104914928,39.96934393210995,76.0272500337062,34.84997484138398,51.87270511600434,36.46593774743093,69.75039977186134,19.2114517347637,44.50222636145577,20.62241428251221,63.45941745888547,74.87692820914225,81.50662616521129,74.61390353739301,18.98397532185942,37.023634211068725,58.10228715703602,60.616367792114204,51.87270511600451,54.44332608373185,52.223645153743746,36.23605888348368,72.45946413723033,74.16973230320127,62.03145947103508,69.12364029909389,72.23384881392207,40.608585512881746,46.256957089828006,63.96838866723374,66.08916647993237
273182,1,26,44,15,15,29,9,108,Ireland,53.47608645835726,28.5405116565955,48.4301341302492,73.55834364977648,56.4544420238056,66.19844583264802,42.12105509488873,66.69139207970102,85.68113180055275,32.114260191230755,69.75039977186134,69.69101146171175,57.18008180471179,67.22611925578326,77.73041469302734,78.64360704103217,81.50662616521129,89.2767172098396,64.06235791054291,50.93650051561667,47.9668538851372,88.41290973620823,51.87270511600451,70.5644345908944,93.69665425731546,46.3923581404963,85.20819150822626,98.94115709842185,52.02264407858047,60.60359954468936,65.09172431362839,51.45242388555505,24.042900881524474,85.08412333851334,20.178564309796258
144324,2,15,25,38,15,29,11,102,USA,41.14506162258914,47.42212440251018,86.57070419627405,58.71997976386746,9.301460576598942,13.771182135799876,59.82779962352896,80.61593261626206,40.23918650456716,91.86904674501659,91.38663287631312,48.983237584427684,54.44332608373179,89.71574307109427,1.0,5.648760238916267,12.866069764899407,2.461532887041855,2.83813680222444,1.0,1.0,77.21073928416274,19.00967208037636,85.07826600534418,31.25925362667769,94.47557225921162,97.54046586676623,68.70258339069414,88.66058246387252,93.91650313720686,83.1835362374826,78.40254957459194,93.90773088061007,28.925397546363968,96.31194226343769
163893,2,22,44,45,13,29,4,103,USA,73.91318539954938,28.966673346581445,87.43748015944948,84.6203993462982,71.15813214473707,75.32807768554233,53.319429804707454,84.24446133640788,80.3671613682983,80.90407859348738,59.82779962352896,70.13473438320716,83.21243289066717,72.19114017691345,57.60749806260782,49.56063603396092,56.26552051410175,87.77079270679633,61.958617159828464,47.263624580874534,26.153560990154347,11.0953967844531,16.747620550392412,2.989544253827688,46.98563916064137,42.17855658104003,34.30761847227842,6.169520740884394,83.40222439027616,77.31892438549448,99.35300156989251,80.1804787722698,26.650481798648855,85.08412333851334,67.23225874558347
310434,2,18,33,41,13,19,4,110,USA,18.258346686625117,57.708912917791565,5.903111370984689,58.71997976386746,3.6415008991581033,10.39944639469067,45.06434861754923,41.4281073119904,18.07413941207355,83.21243289066717,33.104268824151234,16.339178535837107,41.14506162258914,58.284910629285946,13.438079854269773,5.648760238916267,10.306438846305383,28.66808138882041,77.19398147516756,62.88780464148539,1.0,16.647764343864708,1.0,15.78631677448837,3.9178591134474203,29.489405286236234,98.92759189402409,14.33903948472684,99.67165257325223,97.6035405158982,99.52784010077323,99.0,81.80022031836984,89.55586279109923,94.2497690484131
4928,1,21,8,0,22,11,1,101,USA,19.443322487838827,49.46078375067634,11.481853327685542,27.39466858187575,30.02594327788131,34.81530240400832,29.473450015379456,40.462446554713836,51.87270511600434,49.99999999999858,51.840430352222086,33.2971634767795,36.18273462646164,38.39571010362192,71.84876806160958,78.64360704103217,81.50662616521129,56.62565795263481,34.79835408249858,73.48346135784982,58.10228715703602,71.74550057943685,74.31609562768182,70.5644345908944,68.50084497134463,76.10995412150169,67.6991349370075,28.6562827261815,54.775405076022366,69.12364029909389,38.61055267488479,40.608585512881746,60.2364043211619,63.96838866723374,56.71470844881128
209807,2,51,41,42,12,19,10,104,USA,1.0,1.0,10.10598483323173,41.99495664515888,1.0,17.908775923854762,30.105722373059507,93.40939776814287,85.26869520075695,87.17481078845185,92.17849549876689,30.92981159264579,86.3743755446095,98.90219007153121,22.113728484197622,58.313084197575165,31.560378358973026,49.03819143458776,32.25972665545132,1.0,26.153560990154347,94.752487281154,86.77776916771938,98.49637425348033,85.58941731904213,94.99002850697514,65.69238152771845,48.305582994432655,23.69501486892449,73.33319121504621,14.104550358581292,14.018270540290615,54.26599085816497,1.0,53.319429804707454
192034,2,20,41,5,11,16,1,104,UK,76.9265725792942,52.57787559748709,86.57070419627405,42.36174007540245,80.19514273855225,69.5661629611684,78.09129834681312,82.43748245483914,70.31730040788568,72.40894963476512,78.58858792556782,73.53125052946376,86.18427994672345,62.81128849233477,70.8620796868185,93.07869517425445,76.88702824078518,41.253357029240476,53.17565354610883,58.64095210559856,55.58203895537741,92.16707841964785,73.64158585816887,80.57794121246536,90.48753652855896,96.49354313673075,60.60359954468936,82.4708482798892,2.1173799646535088,12.51925154915159,1.0,13.553030566519794,5.638266289256336,23.966802620214708,13.649579136660321
89655,1,20,59,14,12,10,0,102,USA,37.70301083369441,4.773994014270755,43.40796818255575,74.63236042239402,8.4194028989873,75.87698953756819,52.223645153743746,99.0,99.67450308630964,99.0,99.5759415258035,99.1207024309266,99.3756367170896,98.452178205206,75.32287974272674,86.49926786234823,66.51034893630327,68.80982296798709,81.89134079507176,41.68691580242188,71.8673250198251,99.6635329355446,98.04914646712541,72.12523512955323,97.69472431981262,99.6298510640463,64.35189813608548,96.71870695339089,1.9895667704953723,4.988294158485161,1.8835487900494883,2.1083122362595503,48.07670343183918,34.12556235771552,1.0
289503,1,56,9,17,11,9,7,109,Australia,1.0,1.0,33.038220660422525,2.7765871849072568,20.561530401874762,1.0,29.473450015379456,34.84997484138398,17.11734969494421,63.53406225256617,57.946348166777,19.2114517347637,11.35054957986543,71.7487486783483,30.611790322493704,74.87692820914225,81.50662616521129,16.752530593318255,18.98397532185942,12.993014428773478,8.762443248801645,95.01709834844974,70.07894547098226,84.56716102782389,57.75674281970055,91.34138000293683,99.36197777571101,82.88265030505272,50.183921557856365,38.5265098022748,15.09685281157391,69.15744480784218,77.5637764425644,30.49117442662336,74.91866798595385
139541,2,35,16,50,13,20,10,102,USA,5.059966819259941,28.966673346581445,3.688057736559159,36.380627243456786,9.068460239733724,14.087982640138051,14.282856410831698,77.5531130315029,50.63550054933802,62.034618989035664,88.11866088490251,53.441633783084455,60.225336049293276,95.89792084771852,25.014717244568544,53.95060925674363,14.002342391831263,17.865663527580637,56.018839058953176,17.82700499716219,45.87796928698316,91.00916731477241,66.54624894983101,96.55305110436132,70.54709916894535,77.35318352774686,98.19288490993267,48.305582994432655,26.239635196991657,46.8080809597364,42.743613439347484,3.4494706658276755,68.12570526155298,14.207986596123675,39.164121453558494
141341,2,23,41,16,14,2,11,102,USA,56.226739093585024,61.91892508169872,87.43748015944948,59.13772006023231,91.55657756489688,45.936737500516585,1.0,44.397603800530305,56.97016483628056,53.76502334688104,33.7921982229756,59.13772006023231,72.40894963476512,4.9480286306779675,98.74232671565449,82.19946571129663,93.72983996355435,95.77705107163649,83.34590082095656,99.67349385417879,71.05247102613345,49.578001819627275,33.453751050166034,52.496530987935046,80.98379288575211,37.050328652931285,49.99999999999858,48.305582994432655,51.450450982576456,37.79301445376893,70.4714220996438,70.28119891898956,11.652815607254041,81.35350509583145,34.571415401094725
258649,2,16,18,37,9,3,11,107,USA,27.275013565319853,23.002631534593064,28.773707088354342,58.71997976386746,6.169520740884394,49.99999999999858,45.06434861754923,85.87673498921583,64.53469706952234,97.61205212583025,33.104268824151234,92.39851927298366,89.20048547787871,53.694512358255906,38.00614232539431,22.914481651507117,28.593976969392457,67.24885676861538,65.64711765724587,45.66479924381599,26.016015886155145,21.549451047141275,8.86786533280204,59.28595610939959,26.259510286198037,5.524427740784873,40.39427439640821,58.46198478449537,64.97439451463316,57.63140255323418,91.19146308714903,50.37071458413487,42.62918553286505,66.9308230275501,65.67904193769476
116412,1,41,13,57,8,7,5,102,Canada,76.30435748423997,84.11426570792503,95.45650955974043,89.95808132590957,45.69101423380141,91.55657756489688,2.7499338129192665,88.59879334615641,80.9158733380425,99.54800967308927,33.70576361322108,83.29083516369599,44.50222636145577,97.51155004048303,47.99233545404695,17.11734969494421,13.234684165010492,96.60969415338707,23.934694948060837,32.54383356563801,96.66053255329552,4.077717619087025,47.19168211406509,22.535590448916935,3.351347693632576,36.23605888348368,3.2140818418625656,1.0,67.3260311456894,73.19020655694652,87.61626691846152,51.45242388555505,20.095747650381668,96.29176126262075,37.61317345856344
69065,2,23,38,59,16,31,6,101,USA,83.79589734990736,89.9625610576469,91.4048634828622,53.441633783084455,75.896469460812,66.01067157866157,58.035300002071665,47.970263513904285,63.20312309096943,45.40024373105052,66.20780177702142,41.99495664515888,60.225336049293276,21.025779143228192,90.03534692297274,91.29658428621372,97.27619531197854,63.31946390461832,8.490408007008512,84.9464681882871,97.96641038608618,91.00916731477241,99.37509143900036,86.12872371318815,80.98379288575211,89.20048547787871,20.072901064652967,75.42677453203078,1.0,1.0,1.0,5.035395486477029,8.682797163853309,7.927984176145856,5.635294664448608
78227,1,22,19,14,16,21,9,101,USA,12.44059653585208,87.9577765080262,1.0,1.0,76.7161700353987,1.0,50.87869737842715,66.69139207970102,80.9158733380425,27.89944823044962,27.999307699752535,97.89506570647995,86.9295000701353,33.69777385863253,52.45351877055907,3.890549688866855,23.59305727208681,99.17618813377487,99.0,46.256957089828006,19.5298787259662,2.21339953341149,24.859259813697662,1.0,16.266918122059394,46.3923581404963,18.736579827812932,1.0,62.03145947103508,73.19020655694652,96.04631989948655,44.20134574873799,73.48346135784982,17.875995259367897,32.99807104191294
46100,2,40,55,17,16,29,4,101,USA,33.927915451124136,79.42646223603026,60.5424373119057,8.513015135789828,45.2259618242183,26.468749470533226,21.709330571400272,2.030116182693007,1.0,29.2312123443686,1.0,1.0,34.78467417757349,7.387219948164201,47.531012923146136,45.17371817583938,47.90708649651623,1.0,12.295540239747453,97.41852532010091,84.06143549742728,71.43810549725782,79.42646223603026,34.02330933641292,46.98563916064137,57.8214434189569,98.19288490993267,42.68003802225007,81.1347120021669,73.33319121504621,58.854938377407905,66.74032908262433,90.75306645260173,81.35350509583145,79.86341080358977
120754,2,17,51,4,15,11,6,102,Canada,82.36733891799679,76.99736846540372,71.22629291164247,21.98554323401359,88.55650798049987,82.49414361582035,85.83094718467828,56.29904489696986,64.53469706952234,26.81939930077658,56.50795454375839,54.063262499480516,71.58235461751946,58.284910629285946,59.205547433731795,30.390084313250185,35.863114210481,75.2622122206759,59.48073062366848,78.69723851442359,65.52574711047504,35.98478209725613,55.28135202338723,53.49797160417478,31.25925362667769,38.38945363702777,30.63992438136114,32.29361888896099,11.339417536124046,9.597163351753352,35.33576144754812,16.266918122059394,14.02178810181016,39.50535605806317,13.649579136660321
167236,2,33,51,5,9,29,5,103,USA,62.75273974392064,20.573537763966584,82.88265030505261,80.15066620083473,66.19844583264802,51.01676241556953,58.035300002071665,42.02922709697276,20.67268965707339,45.40024373105052,21.90870165318364,41.99495664515888,43.158876559428165,80.57148528841765,93.83316744554895,85.51395057332343,97.27619531197854,93.52770109924222,38.04138284016847,93.5656869093541,66.23505277541807,38.42014413139253,20.573537763966584,70.65410972728665,64.87415180158689,14.378524128681903,55.302777255909916,42.68003802225007,62.9221026813139,77.31892438549448,89.71574307109427,77.02082321396949,11.652815607254041,35.09415280946621,58.035300002071665
242334,1,16,46,45,22,25,10,106,USA,94.2805520962296,92.04776774279742,94.734671788117,83.28485890970524,73.09049750610438,56.99678035513409,87.73004283799435,46.090043311691545,29.581762687260635,78.41464627708172,72.74322579062357,1.0,16.43571209969147,94.95017036800039,3.368406460442955,41.583891888387654,14.425288475719015,1.0,2.6242539865913415,2.6036098715410674,37.5868434385456,99.26866041637095,74.72943511559401,92.16196389768993,99.01814618675814,98.74372619654946,98.42992568877492,94.38229145503419,91.20527462144923,87.59257177827021,12.433999980826059,99.18713026962064,95.3637252206056,66.9308230275501,95.42391757198754
34974,2,19,19,53,21,30,3,101,USA,33.42310129563086,23.002631534593064,59.316179143202476,47.810544909075986,26.569667184096602,59.96455073421714,21.90870165318364,69.60365368304599,46.32138626874536,83.21243289066717,62.34008261658903,43.91268057637768,54.44332608373179,83.23803042156646,8.231018064000267,16.158046790869236,10.306438846305383,20.99081604949606,40.51926937632845,11.50714455443594,10.313414471076555,67.28307332190337,36.21588033259451,75.67701117574552,36.46593774743093,74.72943511559401,74.88244503141595,73.55834364977648,46.207135713379785,31.065236237279777,12.286541527247522,71.91948341704608,56.4544420238056,85.78653499209838,47.19168211406509
279769,2,27,43,11,20,9,1,109,Spain,86.69990583454319,92.76668478665965,35.81736676013651,88.64046967681088,71.15813214473707,66.01067157866157,83.6093633598631,90.72714674186295,85.26869520075695,69.99751071601315,95.46494093275498,92.14274646283457,96.0687808460741,38.87170207648552,75.57443544675277,85.51395057332343,56.26552051410175,72.34611144766149,91.50959199298825,29.566759293785054,75.662292729603,48.171688809474915,38.0810749182985,58.701033451356636,89.68114552481791,7.659450106658554,20.072901064652967,88.55650798049987,68.45559574912659,55.91895338249731,92.12810100291642,44.33191778008268,49.525487831820726,96.29176126262075,34.571415401094725
310127,1,16,13,49,22,13,4,110,USA,36.4753515861176,46.8616625569893,33.50591881826929,79.11094946766809,1.0,71.41099419704676,30.46290046715066,74.44983440704169,60.728061954840825,65.92261478234616,49.39681158829484,64.67544802501914,53.556183128907946,96.96436829187974,10.900162926608033,3.9595162485978506,17.427024341040777,45.1973684261817,58.854938377407905,8.703415713782988,6.1215934822344735,32.424031140964416,17.480198646710647,51.59328961075215,31.530690686149,43.82486237037028,25.43915001064272,65.11427827745615,97.212601402514,99.38202868285259,97.33520334249431,71.75838645216538,97.23801687866705,76.99047717112194,71.38921400774188
103152,1,53,41,9,10,29,2,102,USA,40.15759657279534,49.46078375067634,63.961477249015104,10.714195593724298,76.7161700353987,25.0308986798388,42.12105509488873,63.3708128922724,51.87270511600434,63.53406225256617,57.946348166777,48.9377169468961,65.44478241121891,67.22611925578326,87.21013862788948,85.51395057332343,95.36894202082613,56.62565795263481,40.56094673416658,84.99941429810258,85.1758837078429,79.66260474378544,85.68113180055286,54.44332608373185,68.50084497134463,56.687055095672974,96.78591815813411,43.73447948589535,42.849202023507075,18.510816413584024,38.61055267488479,91.74400698167744,37.023634211068725,39.82652432314637,24.240696134801567
326904,1,24,5,19,12,7,1,111,UK,67.83413355411341,49.46078375067634,73.70462543469392,53.185121557385685,45.69101423380141,80.35947022086873,63.892946217285214,98.04573675743802,98.34162882046974,79.98271330943305,75.28209110360444,87.16186232831421,89.7400143986439,99.52784010077323,98.2124738922015,91.29658428621372,99.0,74.61390353739301,99.05677446863729,81.41475722390544,63.080058676461306,64.41370462429472,82.15417819623713,43.344921433791285,82.88265030505272,84.44731220264532,8.063817929275558,54.18252200787731,2.4876428504291255,15.10389698892294,3.9536801005100273,5.9282486571625554,9.911413245848223,10.878069661841323,9.739235341717233
258300,2,20,40,8,3,27,10,107,USA,20.39930824141649,8.063817929275558,9.33740888717611,64.06235791054291,26.569667184096602,35.16659218219144,40.17220037646791,29.33663762289231,18.07413941207355,47.4283312062351,50.593135699815036,16.339178535837107,17.11734969494421,62.81128849233477,3.770479816077753,7.834533999019911,28.593976969392457,4.069749353999896,12.923435234695575,8.7916611703412,10.313414471076555,61.40485267302421,27.220086945751973,70.44701254587068,47.263624580874534,47.65939602551936,98.86480877159147,42.58820505516337,86.05748381699209,70.60326489133035,83.1835362374826,89.43795809684354,88.5226331939582,72.08762914155761,74.31609562768182
75543,2,18,27,36,18,29,8,101,Canada,26.086814600447838,37.234191385917086,40.6838208567944,69.25100862044388,17.11734969494421,25.882551149099697,17.88661623946294,7.538127536593549,9.454964255860347,26.81939930077658,6.042297071122974,9.369813365583099,28.417645382477644,18.93461870143412,38.99834309661901,30.390084313250185,43.44086596153767,4.069749353999896,71.58235461751946,85.48287799381364,30.63992438136114,62.595520401963256,50.48092431787023,59.28595610939959,41.82043671123682,42.99668277844631,86.98840586106246,68.70258339069414,98.39838211431868,48.64867122355571,98.9931556093511,99.4871291106598,74.02502740042638,97.60574978768477,99.60405501835646
219089,2,22,27,42,0,14,6,105,USA,36.47580823944185,42.80857461825059,82.88265030505261,36.380627243456786,66.19844583264802,1.0,39.164121453558494,86.83637902208864,56.97016483628056,80.90407859348738,83.38855564847916,84.6203993462982,86.3743755446095,67.68583273799294,57.60749806260782,74.87692820914225,52.09291350348076,49.03819143458776,32.25972665545132,65.28896729696976,51.03149623323941,78.81726790499488,57.1914253817464,81.41475722390544,80.98379288575211,62.94967134706582,87.88726300699477,42.68003802225007,69.35750814000625,84.60948438918092,66.6913920797009,59.414221282929645,35.48102721108222,30.49117442662336,98.51433266565493
98898,2,21,59,53,23,5,2,102,USA,28.963387129747275,75.34008785972469,35.81736676013651,36.380627243456786,25.0308986798388,2.9706885863831474,48.576617450646324,56.31434375436572,38.03089399597786,87.17481078845185,27.66999246277524,47.70466906821406,47.4283312062351,58.25364669194022,31.122227016365883,20.62737789529018,68.43962164102402,3.453357380102119,61.958617159828464,84.9464681882871,1.0,35.69384770455139,33.453751050166034,34.02330933641292,29.452900831051807,47.38424542522603,65.69238152771845,31.747142483319834,72.02186646682043,77.31892438549448,58.854938377407905,63.11148672055191,93.41517453375116,49.51248786451873,58.035300002071665
206765,2,19,0,21,16,20,8,104,USA,34.68823253350803,57.708912917791565,46.87999385447824,47.810544909075986,65.03935511670318,13.771182135799876,17.88661623946294,51.72173665639025,58.55236278061574,91.86904674501659,44.67079951304356,54.063262499480516,41.14506162258914,12.09412374001377,97.06496661413485,96.83683486410723,99.49207763224274,82.5422801540393,77.19398147516756,62.88780464148539,95.64331458828849,66.12377065086628,85.40624108122324,53.49797160417478,73.74048971379887,57.003317221551015,21.62407111251096,73.55834364977648,32.320286709318424,66.39018662627882,12.286541527247522,35.72345774980255,17.47546846224384,66.9308230275501,47.19168211406509
273311,2,31,14,11,7,31,9,108,Netherlands,65.31176746648902,1.0,41.91533974070052,84.6203993462982,80.35947022086873,87.33959614283856,75.85958331893107,74.44947184038182,63.20312309096943,29.2312123443686,66.20780177702142,95.05909897483161,94.14497980466729,48.53763055243792,99.63346203899971,97.39639012845555,99.0,99.52784010077323,98.81381887109012,81.45293791536483,30.852352642443492,34.34568935666255,75.34008785972469,17.601766613999473,64.87415180158689,2.9027192919252514,3.5467133857440984,92.01962974840148,36.14275152406924,60.42477581553817,80.97280035630354,26.28545322050678,22.510403978694114,26.059328894242867,21.709330571400272
276899,1,20,18,56,21,7,0,109,USA,37.70301083369441,31.560378358973026,48.47497472547985,44.25442868298546,20.21548134609074,5.872818118300017,93.12024965164437,43.655914399210815,41.772148309260274,85.64602139611941,49.39681158829484,28.357182624091593,35.93764208945419,26.632797507014317,56.642175048064644,50.444855885907884,66.51034893630327,35.752386609459336,2.6242539865913415,89.12969944645124,71.8673250198251,49.87289693140963,17.480198646710647,56.885539292462795,63.333561068866004,86.32158378821839,21.13987954689776,59.797915543157785,51.91754074309938,50.4621874971607,50.857525840515905,14.230858476096529,52.88414344558328,89.55586279109923,66.11822851590068
222669,2,29,47,27,14,4,9,105,USA,30.1860031641215,16.747620550392412,54.36555360329919,47.70466906821406,61.07139808454821,10.636437729519969,43.8453517351694,70.13117818231984,74.99408138629997,77.4421785863118,78.09129834681323,41.99495664515888,64.3925588198357,48.53763055243792,91.38991217899706,88.55650798049987,99.28903108451607,87.77079270679633,83.34590082095656,38.2372666632848,71.05247102613345,85.41314717203397,86.77776916771938,86.12872371318815,80.98379288575211,77.35318352774686,39.44843304817931,70.35319944682698,18.86528799783011,17.470860014697195,34.84997484138398,16.82603599576234,18.605107809955825,39.82652432314637,34.571415401094725
89796,1,19,57,56,6,11,0,102,USA,40.179112771535245,36.54375437401734,53.55618312890812,1.0,77.93512099923532,87.62360535106382,22.535590448916935,25.11909054195013,41.772148309260274,1.0,91.15623620881456,23.643949523418712,1.9639993921095993,89.51662305405421,3.368406460442955,32.96395269530268,24.01553101213875,1.0,1.0,14.486049426673304,28.1326749801718,56.21355262825239,94.47557225921162,94.87900696723284,26.592618623731795,78.30797746527924,49.49875553694591,1.0,27.13977576631757,9.994604431249257,7.180141644508581,53.09290701174194,79.8214356902007,23.966802620214708,32.81043085041472
124804,1,40,44,44,17,8,7,102,Sweden,99.0,91.35510392462345,95.45650955974043,99.6062538603718,81.1885734906025,84.49314686490402,99.52784010077323,27.318507249333862,85.68113180055275,5.102178680518591,17.593372748471154,33.2971634767795,28.224864339480575,48.05036885527579,89.43277086223088,93.70362584385214,53.073836758051584,98.15081607196635,75.0312598445779,77.5637764425644,67.93474740485391,54.16723352054123,47.19168211406509,54.44332608373185,73.58796746462082,66.72472775425962,1.0,95.68148758840823,31.292288097321403,60.60359954468936,31.28674622915665,55.07623775225022,2.9895442538276598,17.875995259367897,51.923296568158094
173692,1,17,54,2,11,4,8,103,USA,60.318121560898874,67.45616643435892,48.47497472547985,64.96770596500653,51.6679506587941,56.99678035513409,52.223645153743746,20.93822827167969,48.09386819209789,47.689773852054714,2.6527369201044593,28.357182624091593,44.67079951304356,11.119567381016623,81.41475722390544,59.293134367405116,80.6731691860358,40.434807185092495,52.54107759706261,94.14238126470923,96.14431399454031,57.47376918911107,86.01734838160507,25.968848382253157,47.30504833157312,59.236015459794885,25.43915001064272,79.83354698615312,46.59266563368493,32.326088516707244,55.137203674949376,26.844462737322914,29.407928035052407,89.55586279109923,60.65892388614958
271919,1,27,43,2,15,24,9,108,USA,66.57026742309819,60.18072278051625,28.17955672026264,82.4708482798892,35.108318953570915,55.830976460441036,89.41168157878826,58.854938377407905,45.63444639669791,36.46593774743093,63.944078383121166,38.409904521478666,65.44478241121891,83.99766180589484,16.348852552812644,24.3543369865842,13.234684165010492,33.216619884933806,29.2312123443686,20.095747650381668,33.024071419858416,52.86655318460737,33.429732576898715,59.94916971135797,52.223645153743746,26.61357931938892,72.45946413723033,69.4156405997457,81.8058759907251,64.91753336498903,87.61626691846152,81.7480775831524,69.21080137353118,81.35350509583145,61.450021863645304
325243,2,20,12,19,13,24,0,111,USA,43.77326090641202,52.57787559748709,13.42929580372271,31.77158528160487,53.95060925674363,44.99504097618501,73.80819408488429,40.29754265921218,34.29014070741786,60.225336049293276,3.4351090716735797,54.063262499480516,54.44332608373179,49.0756605725677,41.998198589891786,46.65271327404656,32.17954261031346,20.99081604949606,82.38953820086851,54.33520075618111,40.39427439640821,79.26419127960321,94.2497690484131,30.63218018601941,31.25925362667769,99.10539284662502,65.52574711047504,68.70258339069414,49.99999999999858,57.63140255323418,15.053531811709632,42.977345193462895,61.01069607724554,89.55586279109923,61.15337443158933
26054,2,24,49,14,14,6,3,101,USA,98.08421631110821,83.25237944960452,91.4048634828622,80.15066620083473,80.35947022086873,90.63018663441358,95.24464839547647,79.54868014044939,98.3101684487608,89.9307629908659,78.09129834681323,47.70466906821406,55.989958694574455,48.53763055243792,98.74232671565449,91.29658428621372,95.68148758840823,97.5535711178419,38.04138284016847,95.70424778762697,96.19374149497719,55.196235194102144,71.03332665341549,34.02330933641292,75.94333318302654,72.76718201217892,1.8071150900638884,75.42677453203078,26.239635196991657,25.048837768764088,62.811288492334825,14.018270540290615,6.101515552794581,85.08412333851334,14.282856410831698
307003,1,20,43,9,23,30,2,110,USA,1.0,1.0,3.9337027838011664,1.9201191433458717,24.93622284681038,1.0,22.535590448916935,66.5885881784481,41.772148309260274,43.08710500282825,67.1714764496063,59.50871942031665,70.76878765562839,82.49956139431197,62.77458622907699,75.93679350049774,86.71349351135382,26.78824878547178,71.00186778562642,50.43936396603607,37.5868434385456,69.71386132287404,42.99668277844631,67.20549961186697,47.30504833157312,86.32158378821839,78.02095385526434,54.3751261218614,19.821365466282344,16.409363679595884,22.331027267183856,26.844462737322914,33.91083352006473,39.50535605806317,27.58490170220736
114220,1,28,35,5,13,23,4,102,USA,16.298596513376253,28.5405116565955,5.498141602288726,58.46198478449537,20.561530401874762,66.19844583264802,6.521220969316275,76.15196988575985,70.07894547098209,72.10055176954745,89.39717246292184,69.69101146171175,52.964175030515435,67.22611925578326,49.10753124262885,28.267673322213682,44.299389968876426,56.62565795263481,46.4438168710891,73.48346135784982,47.9668538851372,5.222796433690533,1.8221475069687187,65.3435195458141,1.0,26.61357931938892,42.291087082205365,1.0,51.10345090612287,34.23160425600963,81.98815863012373,33.57488279193916,55.608646060651324,49.51248786451873,47.11585655441377
296578,2,19,3,28,14,17,10,109,USA,35.96323337219815,57.708912917791565,23.23512349102603,53.28300011763815,37.13891197395856,4.926259687908782,73.80819408488429,58.57189268800664,34.29014070741786,72.40894963476512,56.50795454375839,68.88674933652726,54.44332608373179,44.463922165544204,34.08619364062818,26.575607003584423,55.02122998860722,28.66808138882041,65.64711765724587,37.1121953585116,21.62407111251096,81.25069600859786,73.64158585816887,80.57794121246536,68.74074637331933,89.20048547787871,86.98840586106246,27.39466858187575,82.51494454378076,66.39018662627882,39.12840574502866,75.22616924738367,96.00986929477745,99.0,61.15337443158933
251379,2,43,17,14,10,14,7,107,Canada,41.669108846333586,75.34008785972469,48.12729488399276,47.70466906821406,12.47330482372206,31.1132506634697,53.319429804707454,56.31434375436572,56.97016483628056,69.99751071601315,78.09129834681323,25.710640422264248,43.158876559428165,53.41024752405781,38.63883899048386,53.95060925674363,68.43962164102402,39.49062956608225,2.8566674935086525,51.824706498066064,30.852352642443492,81.11362089772024,57.1914253817464,64.78278589337833,53.01436083935573,94.99002850697514,65.69238152771845,80.19514273855225,47.58312472517491,73.33319121504621,38.763436284558,48.10738101833368,49.525487831820726,30.49117442662336,53.319429804707454
208338,2,23,54,40,8,27,9,104,Netherlands,10.124946505403415,13.22223083227749,1.0,1.0,39.96934393210995,17.908775923854762,75.85958331893107,29.42870179479013,38.03089399597786,29.2312123443686,53.29311963406161,3.0754683431158867,26.81939930077658,72.19114017691345,59.821672241187855,49.56063603396092,95.68148758840823,5.518383821948504,56.018839058953176,77.70620629091718,45.87796928698316,67.52247311050343,79.42646223603026,46.256957089828006,40.99644796096635,57.8214434189569,87.88726300699477,42.68003802225007,49.51646203619191,33.40694941671984,31.027056149688406,88.5842256885278,68.12570526155298,44.64654924803892,25.80553116473422
264540,1,27,49,6,15,12,2,108,France,14.318868199443955,15.084048449017757,1.0,1.0,81.1885734906025,61.07139808454821,33.58339906695974,23.250775590336417,27.638634649833904,20.017286690563964,1.0,74.50142217039121,40.31097559507873,52.92361192269021,53.56731399149413,62.61750720984338,48.68203031647215,78.68758818548724,80.05715289906334,69.21080137353118,1.0,1.0,1.8221475069687187,4.235580745426944,12.26995716200264,22.12609129554656,18.736579827812932,1.0,50.183921557856365,34.23160425600963,61.389447325112315,84.53344341718957,37.023634211068725,35.09415280946621,32.99807104191294
35056,1,25,25,48,2,1,4,101,USA,92.6627248721777,94.2497690484131,95.45650955974043,53.185121557385685,81.1885734906025,88.24351183291469,59.61189674467573,58.854938377407905,70.07894547098209,40.92026450019563,57.946348166777,79.05269259105376,36.18273462646164,62.553226842568904,31.65255594468232,13.85480603215845,35.683822142085546,16.752530593318255,64.06235791054291,50.93650051561667,53.04877238159048,42.464941137708195,10.49991745079825,65.3435195458141,25.42533077083897,91.34138000293683,62.7658086140799,19.60253669358994,44.67537398069044,42.903871202689004,5.657455689244756,69.15744480784218,84.99941429810258,17.875995259367897,66.08916647993237
173589,2,21,1,21,11,3,8,103,Germany,30.1860031641215,42.80857461825059,60.5424373119057,70.13473438320716,9.068460239733724,35.93764208945407,17.855609388338962,52.74554957826348,44.29159025946308,49.58131153933135,78.09129834681323,47.70466906821406,34.78467417757349,63.026088336460134,40.84088159152816,17.11734969494421,47.90708649651623,72.34611144766149,61.958617159828464,21.525833663213064,51.03149623323941,27.794902936166807,4.849929977967491,70.65410972728665,64.87415180158689,5.009971493021538,60.55156695181773,37.13891197395856,96.84468413205752,95.50891987977968,94.2497690484131,85.98172945970623,76.67913134796015,85.08412333851334,97.12389438060234
137733,1,45,56,36,13,11,10,102,Canada,77.45020261383843,33.56443166115514,89.86526647580195,68.70258339069414,81.1885734906025,61.07139808454821,68.07622402073508,87.82785551467782,75.68591836594749,76.14428173605461,89.39717246292184,83.29083516369599,69.4387851150434,83.99766180589484,71.84876806160958,95.74707900680392,90.7742340882254,47.15427409876639,46.4438168710891,24.042900881524474,67.93474740485391,95.59314917627557,78.35350300402342,75.54997385039337,98.0979983975011,88.09947126256975,88.78225472418683,69.4156405997457,12.999734544277203,11.969716158754522,9.892669062583508,23.662653344441537,60.2364043211619,7.927984176145856,16.380896680795246
84695,2,14,30,34,11,3,11,101,USA,13.300094165453658,42.291087082205365,18.091093533910794,2.182168546162984,80.19514273855225,1.0,26.19180591511258,68.5344066868521,85.63451242578503,47.4283312062351,62.34008261658903,73.53125052946376,67.45616643435892,49.0756605725677,98.0288433855842,96.83683486410723,88.69781772945885,79.00918395050098,94.55518729307437,93.59987873933267,90.31994505042348,63.77933526110843,64.70990500369106,53.49797160417478,63.53406225256617,42.99668277844631,50.50840487755136,82.4708482798892,11.339417536124046,22.99146730217373,21.19945721193062,16.266918122059394,10.873983023952547,34.12556235771552,20.866239721879907
106857,1,54,18,6,23,15,3,102,USA,1.0,1.0,8.249868625147684,1.0,25.158187457547825,1.0,11.734640245817701,71.00186778562642,22.171947493611015,63.53406225256617,69.75039977186134,64.67544802501914,86.9295000701353,71.7487486783483,15.510568996188653,28.267673322213682,61.76273333671202,20.526002638217875,34.79835408249858,7.192308219868849,3.7302118512646842,91.64763948633686,65.67904193769476,99.52784010077323,46.66577108930471,91.34138000293683,85.20819150822626,74.16973230320127,23.831246036348006,11.969716158754522,3.9536801005100273,12.362471450670682,69.21080137353118,39.82652432314637,70.59207196494458
88167,1,20,16,30,1,25,11,101,USA,78.92091193867782,92.04776774279742,63.571847377224856,15.921465128015797,35.18913289854396,90.83746284151164,95.28414707501008,10.158410429339739,29.581762687260635,25.56560193899287,55.419208390362996,3.149557071884857,16.43571209969147,8.10044689153574,11.58102915412752,17.46199000427245,27.556236074571927,2.151390653336037,17.11734969494421,50.43936396603607,8.863857749801383,34.838911893208206,1.0,46.284843661040384,9.94667038579641,33.764947224578975,96.90713480562715,75.19121993617478,99.65550273892325,72.78553401282983,99.66707178528566,99.61615979975613,99.43187128494719,85.78653499209838,76.40694272791006
3844,1,32,12,30,0,9,1,101,USA,48.127294883992704,65.40796685857111,38.067298615952495,14.33903948472684,45.69101423380141,88.24351183291469,42.12105509488873,58.854938377407905,80.9158733380425,32.114260191230755,80.45593114895769,23.643949523418712,57.18008180471179,71.7487486783483,76.77998568408236,85.51395057332343,70.12165053195866,70.33237939477914,75.0312598445779,37.023634211068725,77.08551834849004,63.15579977474232,65.67904193769476,43.344921433791285,86.96632865979723,88.09947126256975,47.42212440251018,15.530101051614082,3.4543017739622,15.10389698892294,5.657455689244756,9.994604431249229,9.911413245848223,7.927984176145856,12.887763580526325
31729,2,14,8,19,22,22,3,101,USA,18.258346686625117,52.57787559748709,34.61916573918188,36.99571155383836,12.97238277253956,7.436016474257286,30.69242588388164,16.676405949961918,13.489921776969908,19.490233876291597,22.40974990335252,12.660403857158286,32.54383356563801,49.0756605725677,40.99474994514782,63.253774141245344,28.593976969392457,36.95641966039261,34.352882342751116,71.08701564560687,21.62407111251096,38.3564971802312,27.220086945751973,36.162632748775025,36.46593774743093,42.99668277844631,65.52574711047504,42.58820505516337,68.57019616941119,53.15156358542765,76.81782783447204,89.43795809684354,29.316092305772713,76.99047717112194,61.15337443158933
25670,1,22,58,45,10,5,3,101,USA,64.0107868215058,49.46078375067634,89.86526647580195,10.714195593724298,71.9500762518129,29.81782479991668,89.41168157878826,14.942565127935723,27.638634649833904,45.44302405066958,22.60077033503822,5.368564900396208,20.847780014460227,20.62241428251221,60.19896459797957,45.17371817583938,61.76273333671202,86.05748381699186,29.2312123443686,60.2364043211619,53.04877238159048,33.592570980842254,78.35350300402342,32.54383356563801,16.266918122059394,31.333377765149464,37.234191385917086,33.53431189536067,40.127033024696004,34.23160425600963,49.99999999999858,23.662653344441537,50.93650051561667,77.33488278773791,24.240696134801567
195618,1,20,2,52,11,16,2,104,UK,29.30098431528708,52.09291350348076,1.0,83.28485890970524,3.1465489421878914,52.004524179074735,56.6550785662057,60.68743677295197,48.09386819209789,78.41464627708172,98.6846009030711,23.643949523418712,10.233315122673844,82.49956139431197,11.58102915412752,54.88643771118808,50.79971971025083,64.24761339053771,2.6242539865913415,1.0,1.0,94.7938677730906,99.62529287145958,98.59088994220872,78.09129834681312,86.32158378821839,21.13987954689776,88.0302838412423,79.83086386110813,97.22106987591201,18.801049858689595,71.75838645216538,67.00192895808408,66.9308230275501,98.98509292623419
220151,1,63,29,40,20,20,7,105,USA,16.298596513376253,3.019669333842657,43.21514997613417,63.652467915599175,1.0,25.0308986798388,55.263629249518715,95.06416399370619,58.08466025929653,99.19345588125475,98.04461905111657,83.29083516369599,77.01311750261641,83.99766180589484,4.737501861871692,8.194386905717607,5.43365127939073,20.526002638217875,64.06235791054291,4.872688754605363,6.000161967967543,84.75425576283408,70.07894547098226,94.77909849696766,46.66577108930471,61.76273333671213,81.26342017218394,82.88265030505272,62.03145947103508,87.42678902469072,72.23384881392207,47.82170921200657,88.28075826138559,3.3342664290154715,56.71470844881128
121003,2,21,51,26,10,13,6,102,Canada,5.059966819259941,16.747620550392412,48.12729488399276,3.0754683431158867,1.0,1.0,62.685739247457434,6.966800263759168,20.67268965707339,66.06762283826549,1.0,1.0,1.0,58.25364669194022,40.84088159152816,24.3543369865842,82.88265030505272,58.61780956927589,1.0,29.566759293785054,66.23505277541807,1.0,38.0810749182985,1.0,14.410582680954661,1.0,15.903862568815157,1.0,94.39016817488687,87.84587842470967,99.66381458582202,55.668082219914254,44.78883368500453,99.55215657014026,97.12389438060234
20972,2,42,39,17,23,24,2,101,USA,62.75273974392064,71.03332665341549,35.81736676013651,53.441633783084455,91.55657756489688,66.01067157866157,25.80553116473422,8.9866184332856,31.945871788203334,1.0,33.7921982229756,64.72479717011902,7.648959173274079,13.513620199922286,27.00868799896483,8.194386905717607,20.457096935902428,21.773925274910596,32.25972665545132,73.74048971379887,56.175137629626704,55.196235194102144,28.966673346581445,34.02330933641292,24.056666816970278,98.6106658859087,55.302777255909916,59.55017917542108,61.98255834797078,42.27146376772623,23.74815518018326,66.74032908262433,76.67913134796015,91.51438874914072,58.035300002071665
34306,1,31,43,52,7,29,3,101,USA,34.960644883293924,33.56443166115514,19.180033328925163,82.4708482798892,45.69101423380141,75.896469460812,4.440034052798524,90.78367717117158,85.68113180055275,94.89782131947823,39.636916846050894,87.16186232831421,77.01311750261641,90.64706074455307,87.21013862788948,93.70362584385214,95.36894202082613,61.29976780711877,58.269695887561284,73.48346135784982,67.93474740485391,85.70586897669023,51.87270511600451,80.238196328105,90.59164364262006,71.5236105989706,88.78225472418683,64.46531457556091,21.484417328430965,47.33197466719491,24.36667743994991,30.168444341118146,16.400122364874676,26.059328894242867,20.178564309796258
101122,1,26,57,38,18,18,2,102,USA,99.57098579107947,94.2497690484131,82.47693013887124,47.87586579427381,97.16847401524115,88.24351183291469,99.26604590433521,2.818328557637301,33.4297325768986,1.7707981883185226,22.60077033503822,28.357182624091593,1.0,16.742576542171378,16.348852552812644,1.0,13.234684165010492,99.17618813377487,1.0,84.99941429810258,1.0,1.8406918759228432,33.429732576898715,27.409635915245588,1.0,14.045757510992814,5.379454201511749,64.46531457556091,91.36244072666955,73.19020655694652,97.44729224583023,75.7080910490638,37.023634211068725,91.51438874914072,99.41468443269127
119374,2,34,1,43,11,1,6,102,USA,58.85493837740796,61.91892508169872,66.57026742309836,53.441633783084455,55.830976460441036,61.101068989654436,39.164121453558494,47.970263513904285,11.211724100645796,84.15710265842984,21.90870165318364,70.13473438320716,47.4283312062351,38.87170207648552,41.948427437952034,40.8204093289915,47.90708649651623,49.03819143458776,16.654099179040458,56.37210185571547,51.03149623323941,43.96458124478801,61.91892508169872,46.256957089828006,40.99644796096635,37.050328652931285,49.99999999999858,37.13891197395856,82.65817066713248,55.91895338249731,74.12755151230016,80.1804787722698,87.70991929816626,85.08412333851334,71.63636970116852
128595,2,19,8,5,1,12,8,102,USA,53.05256013976634,85.20819150822626,71.22629291164247,78.930623981037,26.569667184096602,78.44189817358415,1.0,63.06417377812289,93.32160981279628,76.20132219233813,73.45557273577765,64.06235791054274,63.20312309096943,2.6242539865913415,94.05021961510249,95.13226897091977,83.18027635575788,91.55277914081012,40.51926937632845,88.49285544556074,93.22069447116962,46.82216652462898,85.40624108122324,30.63218018601941,78.47416633678381,10.799514522117988,17.51142959544154,68.70258339069414,44.31686177731541,57.63140255323418,73.39148854164074,35.72345774980255,2.0528534047376468,89.55586279109923,42.532852754387704
291917,2,19,26,28,2,10,8,109,Singapore,29.695360743129214,27.54053586276666,46.87999385447824,53.28300011763815,26.569667184096602,4.926259687908782,69.30757411611546,61.94914293167915,52.45351877055924,43.158876559428165,73.45557273577765,59.105415786523,58.854938377407905,67.23807905407995,63.17851639771209,67.25861939826268,47.29334144891749,54.388598308683754,59.48073062366848,62.88780464148539,70.30114211772138,70.70141408219183,73.64158585816887,41.86477327317664,68.74074637331933,66.12530199496246,74.88244503141595,58.46198478449537,75.44649926802254,78.53212677802628,80.0890261841572,50.37071458413487,61.01069607724554,72.08762914155761,88.89737441320062
186389,2,25,34,10,14,3,11,103,Canada,2.4704184932420645,1.0,1.0,16.239754440940516,1.0,35.93764208945407,58.035300002071665,65.643046315258,80.3671613682983,66.06762283826549,53.29311963406161,30.92981159264579,34.78467417757349,93.64238429658258,36.45759337950136,62.61750720984338,47.90708649651623,63.31946390461832,2.8566674935086525,11.243697957803903,61.25946572680101,48.171688809474915,71.03332665341549,58.701033451356636,24.056666816970278,77.35318352774686,24.565864920511927,31.747142483319834,42.769737780757055,69.1661111306675,38.763436284558,14.018270540290615,44.78883368500453,59.21514729374104,58.035300002071665
21317,1,23,5,1,22,25,2,101,USA,31.16317994924262,96.58529297009034,1.0,4.878981883811036,8.962940915860145,61.07139808454821,86.45666036915668,17.565421900258627,39.4575626880914,7.400872305432202,3.1396047715357156,43.64141819818519,17.445521498293687,57.77181115832951,3.3657144731954673,20.62737789529018,1.0,16.752530593318255,2.0484137323826275,1.0,58.10228715703602,2.6242539865913415,1.0,17.983638162857602,1.0,51.547120780486466,37.234191385917086,3.4748885625997303,41.93925368580068,60.60359954468936,18.011841369873252,26.858617186241332,64.78278589337833,77.33488278773791,28.527221823082982
132542,2,26,11,19,19,8,9,102,USA,57.543242869027836,86.77776916771938,54.36555360329919,53.441633783084455,39.96934393210995,31.1132506634697,58.035300002071665,23.05741018832211,15.669449792360979,25.45996442274705,21.90870165318364,36.380627243456786,38.93485830207197,38.87170207648552,24.035215611466498,28.267673322213682,27.705051260604677,14.245908175891344,26.715253344971444,56.37210185571547,35.73896974224084,34.34568935666255,47.596179817294626,1.0,35.1258481984101,27.23281798781821,75.43413507948515,59.55017917542108,81.1347120021669,42.27146376772623,94.2497690484131,55.668082219914254,54.26599085816497,94.13055647783642,92.91508350555785
25002,1,17,57,15,20,3,3,101,UK,19.41870476075593,14.002342391831235,12.313095417253464,20.028241776119472,15.84780352374321,46.99412107765221,65.34351954581427,1.0,1.0,17.83629031343594,20.98463817665521,5.368564900396208,16.43571209969147,5.512007501598248,41.09377726597228,32.96395269530268,42.82463416453311,14.944855358607043,27.840394651610865,71.73232667778342,67.21963358910307,28.881780397991264,13.982651618391913,56.885539292462795,13.529248624911673,38.740534273195976,49.49875553694591,48.90503595078849,98.92667072812264,90.57410162984377,91.37410329231693,87.40027778817034,95.3637252206056,92.82346852083447,95.42391757198754
30462,1,17,39,40,0,18,3,101,Canada,76.78202867655068,62.44180605288369,33.50591881826929,74.63236042239402,86.57756514962205,56.99678035513409,87.73004283799435,9.403717005237638,41.772148309260274,21.585353722915272,16.19559232062153,1.0,10.233315122673844,40.658217719685524,4.641219625202325,1.0,11.64927475277716,22.58667220257354,27.840394651610865,29.07001713775793,15.59598740366792,57.47376918911107,47.65939602551936,62.10760514616891,41.943384449373866,82.48283497451916,25.43915001064272,70.26508838753557,59.32721790184644,50.4621874971607,33.9659964500367,71.75838645216538,90.26076465827953,28.925397546363968,55.07623775225028
65441,2,30,27,12,0,21,6,101,USA,57.543242869027836,52.403820182702646,66.57026742309836,16.239754440940516,55.830976460441036,90.63018663441358,43.8453517351694,92.11895374367123,96.21941950767757,66.06762283826549,66.20780177702142,95.05909897483161,91.86904674501659,72.19114017691345,81.20759034228661,62.61750720984338,76.00485587797846,44.24036830069821,67.74027334454553,91.03705908413667,87.75190106309344,63.49223593242601,83.25237944960452,70.65410972728665,59.00355203903064,77.35318352774686,65.69238152771845,1.7823386851823528,16.597775609720713,8.165431414597577,20.33982698209911,14.018270540290615,54.26599085816497,44.64654924803892,17.855609388338962
186449,2,17,14,49,19,3,11,103,USA,94.31423275108864,67.6991349370075,90.6625911128209,96.3006166334876,59.55017917542108,86.22881786419691,89.20048547787871,27.24801532452628,23.124395931777997,26.81939930077658,6.042297071122974,73.53125052946376,20.67268965707339,53.694512358255906,46.038124592193924,30.390084313250185,39.62383943814069,63.04358033960449,46.82434645388838,67.04630895707658,35.44845706311651,38.3564971802312,40.90811813974602,25.344952235595855,31.25925362667769,38.38945363702777,40.39427439640821,73.55834364977648,96.60969415338707,95.96914904414416,93.36374642288627,95.44701520521164,65.48158958671098,72.08762914155761,99.60405501835646
54552,1,25,40,35,23,19,5,101,USA,97.79690078342867,94.2497690484131,92.91134497975429,99.54914615913515,81.1885734906025,45.2259618242183,79.73389095000289,80.97280035630354,96.31194226343769,23.85571826394252,80.45593114895769,87.16186232831421,96.30317990276797,43.19382167571155,83.98845767913645,95.74707900680392,84.87183008061447,74.61390353739301,14.454226894048105,50.93650051561667,98.27719708682389,87.53599401349629,70.07894547098226,80.238196328105,98.0979983975011,66.72472775425962,32.30086506298957,95.68148758840823,19.220287869559797,22.158760642680534,2.5527077541662067,44.20134574873799,24.042900881524474,49.51248786451873,24.240696134801567
165486,2,49,10,53,21,12,5,103,USA,72.72498643467713,57.1914253817464,82.88265030505261,70.13473438320716,84.49314686490402,83.66082146415988,17.855609388338962,64.4990779584212,85.26869520075695,25.45996442274705,78.09129834681323,70.13473438320716,86.3743755446095,25.197168825149134,82.09625806291285,78.64360704103217,76.00485587797846,67.90892130832316,32.25972665545132,88.15258071082917,84.06143549742728,87.40027778817046,79.42646223603026,93.78554924013008,93.17991654500008,92.3405498933381,29.328766576388233,53.95060925674363,4.715852924986692,25.048837768764088,6.5624904528720975,16.82603599576234,8.682797163853309,10.878069661841323,11.02956043416009
235245,1,29,9,20,14,15,6,106,Yugoslavia,22.777503227733206,15.084048449017757,1.0,7.542847206751148,66.94677104914928,84.49314686490402,42.12105509488873,30.489705484806677,75.68591836594749,1.0,57.946348166777,19.2114517347637,14.2706461653477,83.99766180589484,52.45351877055907,49.56063603396092,53.073836758051584,61.29976780711877,80.05715289906334,28.20459265453337,42.903871202689004,59.33643675927584,82.15417819623713,48.88792965914092,57.75674281970055,91.34138000293683,37.234191385917086,11.829477806808967,8.853899157728023,9.139987713136179,5.657455689244756,14.930461868833419,32.54383356563801,17.875995259367897,24.240696134801567
197277,1,37,27,58,8,2,3,104,USA,22.777503227733206,5.236587545981379,38.067298615952495,63.652467915599175,51.07837601973398,6.14410493977671,42.12105509488873,64.48491567104492,45.63444639669791,36.46593774743093,75.28209110360444,54.24481320760782,80.53865605787837,67.22611925578326,72.85722058736661,74.87692820914225,61.76273333671202,65.88150455292742,75.0312598445779,50.93650051561667,72.61901380720087,72.92407924715394,74.31609562768182,59.94916971135797,63.20312309096943,71.5236105989706,62.7658086140799,59.37039484136545,39.22532099431328,42.903871202689004,46.17660171452587,20.597804832851892,41.60700518705539,35.09415280946621,70.59207196494458
327822,1,23,0,45,21,18,1,111,USA,1.0,1.0,1.0,14.33903948472684,1.0,9.068460239733724,18.145762469524954,87.03652229280965,58.08466025929653,96.78591815813411,69.75039977186134,79.05269259105376,48.729091361349106,97.51155004048303,1.0,13.85480603215845,13.234684165010492,13.27157339255723,40.56094673416658,1.0,1.0,27.5456539692766,47.19168211406509,80.238196328105,1.0,41.27219492504753,72.45946413723033,1.0,90.25770205587958,99.56100932266213,99.63152100225352,37.06068052157116,77.5637764425644,35.09415280946621,99.31250139480824
65311,2,19,17,24,16,20,6,101,USA,49.070487566310476,57.708912917791565,90.6625911128209,42.36174007540245,1.0,78.44189817358415,45.06434861754923,65.27488634382121,34.29014070741786,83.21243289066717,17.57742842669819,77.94852195433975,63.20312309096943,71.52971542119849,49.08490303257088,42.48922806090303,4.174789106715124,67.24885676861538,46.82434645388838,88.49285544556074,60.60359954468936,1.0,1.0,5.0609644424642255,36.46593774743093,1.9508535328711787,30.63992438136114,1.0,39.62889595653024,35.331007974480485,15.053531811709632,46.66577108930471,42.62918553286505,99.46773126332607,20.866239721879907
224685,1,16,7,36,10,6,10,105,Denmark,92.98998456519485,76.90651235726591,73.07624464740519,74.63236042239402,46.11100570929818,80.09800138568346,99.0,1.0,13.81572005327331,1.0,26.176894918892657,1.0,1.0,50.494282940076005,37.023634211068725,63.6332320645019,50.79971971025083,26.78824878547178,17.11734969494421,25.12307179085471,52.505314968993446,96.89361746781822,74.72943511559401,97.03997816874039,63.333561068866004,69.14764735755358,82.10246121464888,99.0,99.0,99.0,93.71705502640737,92.2265643642063,98.60742234435702,99.63785082300456,99.0
25631,2,25,51,44,8,5,3,101,UK,97.69596114547562,83.25237944960452,82.88265030505261,92.14274646283457,84.49314686490402,87.33959614283856,90.17368850612843,5.750230951583532,15.669449792360979,53.76502334688104,2.125121370446294,12.124301089074606,16.135186567182956,1.0,14.186979273334174,3.890549688866855,1.0,3.453357380102119,26.715253344971444,91.03705908413667,45.87796928698316,42.56949810045177,7.233315213337107,1.0,35.1258481984101,67.94879774837898,99.28463248557068,80.19514273855225,99.5942454815555,90.76405995088896,89.71574307109427,97.83343767738234,97.4423182950676,94.13055647783642,98.51433266565493
270506,1,50,0,32,22,8,6,108,USA,26.27784511435877,33.56443166115514,33.038220660422525,82.4708482798892,56.4544420238056,6.14410493977671,11.734640245817701,88.59879334615641,96.31194226343769,63.53406225256617,95.9083538786092,96.0323757739917,69.4387851150434,52.92361192269021,83.14027010843608,85.51395057332343,81.50662616521129,86.05748381699186,84.67710944081546,20.095747650381668,85.1758837078429,96.13472423895735,97.91544687171415,94.77909849696766,90.59164364262006,91.34138000293683,52.57787559748709,64.46531457556091,11.142041638644457,22.158760642680534,15.09685281157391,33.57488279193916,9.911413245848223,14.207986596123675,12.887763580526325
123071,1,41,30,35,12,27,6,102,Singapore,69.0862666031162,79.88105043362498,68.9285864716831,78.16576113284259,61.76273333671202,29.81782479991668,55.263629249518715,13.285597221116973,17.11734969494421,20.017286690563964,1.0,19.2114517347637,61.349416119693956,24.769386228452646,77.73041469302734,82.19946571129663,61.76273333671202,70.33237939477914,23.934694948060837,81.41475722390544,88.7050654558816,38.61876363824115,65.67904193769476,10.093777116369637,63.20312309096943,17.920341442966446,23.002631534593064,78.67594907520959,78.05259082332373,64.91753336498903,92.35615236245212,55.07623775225022,55.608646060651324,91.51438874914072,66.08916647993237
233331,1,60,59,2,15,5,4,106,USA,31.16317994924262,23.74815518018309,5.498141602288726,37.376126900058125,56.4544420238056,39.96934393210995,68.07622402073508,87.03652229280965,80.9158733380425,83.58163009082807,89.39717246292184,59.50871942031665,77.01311750261641,80.17625967302877,1.0,1.0,1.0,37.77526335357368,23.934694948060837,2.9895442538276598,1.0,11.934721812005705,1.0,70.5644345908944,12.26995716200264,26.61357931938892,57.708912917791565,3.4748885625997303,56.60376217596507,38.5265098022748,78.89148812638973,58.67589879495944,73.48346135784982,49.51248786451873,24.240696134801567
205783,1,29,37,57,13,2,8,104,USA,60.1051359694892,49.46078375067634,58.85493837740813,95.58814230780956,20.561530401874762,29.81782479991668,72.13117650841292,91.4674761140094,80.9158733380425,94.89782131947823,75.28209110360444,59.50871942031665,73.30402866692373,97.51155004048303,25.55152039538754,28.267673322213682,53.073836758051584,51.8976637847569,52.371791064982006,9.911413245848223,8.762443248801645,36.08842942696998,1.0,65.3435195458141,63.20312309096943,46.3923581404963,42.291087082205365,64.46531457556091,95.5775372625859,99.20409812900482,96.04631989948655,93.70817680018945,84.99941429810258,63.96838866723374,74.91866798595385
146855,1,39,35,7,1,29,0,103,USA,73.96021344663552,94.2497690484131,82.47693013887124,86.41961753091277,12.407428221726605,71.15813214473707,42.12105509488873,5.147253564753086,64.18263323986054,10.075946317748162,1.0,8.138245840943256,36.18273462646164,4.729362029302351,75.81695156631247,78.64360704103217,74.100982744271,51.8976637847569,34.79835408249858,84.99941429810258,77.08551834849004,3.072457185343154,1.0,1.0,35.72345774980255,1.0,32.30086506298957,74.16973230320127,87.88170563017707,90.31994505042348,84.90314718842296,87.13938827304457,64.78278589337833,77.33488278773791,74.91866798595385
236714,2,21,3,58,1,5,8,106,USA,13.674325910188571,2.927353568968698,72.36136535016311,41.99495664515888,50.53116852032986,14.087982640138051,3.5713024619715696,92.11895374367123,63.20312309096943,98.85878534474193,78.09129834681323,84.6203993462982,68.46322926279544,84.36304352175205,83.8259847082877,58.313084197575165,99.65427914810834,84.34337495220132,32.25972665545132,69.59000458286471,71.05247102613345,33.00886114124933,33.453751050166034,52.496530987935046,75.94333318302654,37.050328652931285,24.565864920511927,17.11734969494421,38.01744165202632,84.60948438918092,17.11734969494421,3.4494706658276755,68.12570526155298,39.82652432314637,62.685739247457434
262394,2,17,45,8,17,6,1,108,USA,35.96323337219815,52.57787559748709,53.12000614551897,64.06235791054291,31.747142483319834,21.55810182641281,26.19180591511258,26.220191811891254,34.29014070741786,30.736721929339495,68.01434649002357,9.369813365583099,28.417645382477644,35.40405306078168,84.50104813567418,90.7025534667996,86.04643655114467,63.04358033960449,53.17565354610883,78.69723851442359,74.88244503141595,66.12377065086628,77.82092340640315,36.162632748775025,68.74074637331933,82.5198013532862,35.44845706311651,58.46198478449537,46.207135713379785,48.64867122355571,18.03168615767558,11.039189487614777,56.4544420238056,98.9965433323888,78.35350300402342
98783,2,51,9,4,13,5,2,102,USA,87.61723908821011,86.77776916771938,91.4048634828622,70.13473438320716,84.49314686490402,93.48525340387232,25.80553116473422,71.22820787229068,93.2872842997682,18.42776043837648,78.09129834681323,70.13473438320716,86.3743755446095,53.41024752405781,58.71657309947739,62.61750720984338,47.90708649651623,76.59096398990584,38.04138284016847,38.2372666632848,71.05247102613345,72.71316945068054,71.03332665341549,64.78278589337833,80.98379288575211,67.94879774837898,20.072901064652967,84.5933664326293,3.155315867938967,2.1550420242131025,11.325256012873183,19.819521227727023,8.682797163853309,30.49117442662336,1.9807224414555975
159508,1,18,9,25,23,26,3,103,USA,37.70301083369441,46.8616625569893,73.07624464740519,29.13517763775053,1.0,52.004524179074735,73.58796746462082,44.87159510289655,35.57062646454057,47.689773852054714,82.88265030505272,38.409904521478666,19.94284710093362,60.31294690391934,30.11342325389225,46.00010268162191,54.791869057443876,35.752386609459336,5.147253564753086,14.486049426673304,52.505314968993446,75.43910306455211,3.5064568632656545,94.87900696723284,63.333561068866004,97.32693710071919,64.35189813608548,79.83354698615312,82.38657002488117,90.57410162984377,50.857525840515905,56.942775957652316,90.26076465827953,50.55606614092534,97.55841535311481
33194,1,23,49,6,10,26,3,101,Canada,95.8796906069764,87.9577765080262,68.9285864716831,73.55834364977648,92.27885279287841,88.24351183291469,86.45666036915668,27.318507249333862,70.07894547098209,20.017286690563964,45.709546168848874,15.113676818130472,36.18273462646164,24.769386228452646,94.96080558153835,66.8333246469353,90.7742340882254,82.51494454378076,69.674603705643,95.93501744805155,96.66053255329552,17.623172961975456,37.933206440742254,13.81572005327331,41.14506162258914,36.23605888348368,18.736579827812932,19.60253669358994,44.67537398069044,30.050868353950648,24.36667743994991,81.7480775831524,60.2364043211619,30.49117442662336,42.33245874030621
23342,2,30,20,47,15,30,2,101,USA,1.0,7.233315213337107,1.0,20.791244461849743,1.0,5.030451167629934,1.0,98.16937157394852,80.3671613682983,96.36368410558077,78.09129834681323,80.15066620083473,91.86904674501659,97.66510267924343,64.19211525347072,53.95060925674363,60.398467535691054,80.6034086023285,91.50959199298825,21.525833663213064,56.175137629626704,7.6950619087282774,24.65991214027227,22.701518884824225,29.452900831051807,22.64681647225015,8.753511897216725,12.97238277253956,13.747000525356498,55.91895338249731,20.33982698209911,2.1665623226142685,22.510403978694114,14.207986596123675,34.571415401094725
119479,2,59,6,30,23,1,6,102,USA,99.0,86.77776916771938,91.4048634828622,88.64046967681088,99.67285308425994,93.48525340387232,99.0,59.8538702911282,85.26869520075695,41.24825991472602,46.70688036593572,59.13772006023231,68.46322926279544,43.67753549670533,37.545361696160626,8.194386905717607,1.0,63.31946390461832,26.715253344971444,95.70424778762697,80.01509013648229,68.84175466057837,47.596179817294626,58.701033451356636,53.01436083935573,37.050328652931285,60.55156695181773,99.5731663450756,30.64249185999057,14.059962345009183,62.811288492334825,55.668082219914254,35.48102721108222,10.878069661841323,34.571415401094725
208683,1,24,18,37,13,3,10,104,USA,19.443322487838827,33.56443166115514,43.21514997613417,63.652467915599175,16.292451020166226,1.0,37.80945197566672,25.2598557410509,17.11734969494421,54.556975949327466,51.840430352222086,33.2971634767795,17.445521498293687,20.62241428251221,77.73041469302734,85.51395057332343,87.97121727048989,47.15427409876639,23.934694948060837,81.41475722390544,77.08551834849004,26.375694242845015,65.67904193769476,13.81572005327331,63.20312309096943,7.487798406242291,37.234191385917086,23.9951441220185,73.25404655504099,80.77786188366656,84.90314718842296,72.48797438327796,16.400122364874676,68.60058485381398,79.02888421023272
40765,1,28,32,13,15,15,4,101,USA,81.83860691644213,96.58529297009034,19.180033328925163,97.57176437470537,16.292451020166226,66.19844583264802,96.28464744855683,30.489705484806677,12.562519840547253,83.58163009082807,57.946348166777,1.0,20.847780014460227,67.22611925578326,5.7774109389276305,17.11734969494421,7.6989239167481855,28.79653607930709,1.0,16.400122364874676,28.301933389501215,19.69893782542897,7.705354041128103,65.3435195458141,8.743747773108822,22.12609129554656,11.217745275809932,78.67594907520959,85.29862490605046,84.23552337241927,94.34254431075192,47.82170921200657,77.5637764425644,63.96838866723374,94.93180673518896
278861,1,28,44,3,18,2,1,109,USA,12.44059653585208,33.56443166115514,15.142455099184048,58.46198478449537,30.02594327788131,6.14410493977671,14.805765312576852,57.71388256228914,39.4575626880914,54.556975949327466,45.709546168848874,54.24481320760782,69.4387851150434,62.553226842568904,51.33862310361616,49.56063603396092,61.76273333671202,33.216619884933806,69.674603705643,50.93650051561667,42.903871202689004,64.41370462429472,65.67904193769476,65.3435195458141,63.20312309096943,46.3923581404963,76.99736846540372,38.57759101883818,41.93925368580068,56.21355262825239,34.90827568636843,44.20134574873799,50.93650051561667,35.09415280946621,42.33245874030621
240856,1,16,13,46,19,8,10,106,USA,81.99458354121919,81.23921667726131,92.11511920534588,59.88492177432994,97.94089421313492,84.02866242798461,12.26995716200264,35.27898971864124,83.37058464759491,3.8035866313085904,94.39568728649726,59.50871942031665,10.233315122673844,22.32598403303976,88.96503421172144,92.15079630607045,80.6731691860358,96.17146372562001,22.266214105837975,67.66316674443084,96.14431399454031,83.75714200010668,82.5198013532862,88.94283652011359,93.15583712422949,82.48283497451916,1.0,98.4165623297605,17.282132219396857,7.297609726258017,55.137203674949376,5.020354757222378,7.495455514514461,66.9308230275501,38.2372666632848
168111,2,16,40,26,17,8,6,103,UK,46.41731903598611,3.2140818418625656,28.773707088354342,36.99571155383836,53.95060925674363,69.5661629611684,92.17849549876689,34.725113656176006,52.45351877055924,16.135186567182956,38.816119411727584,59.105415786523,10.799514522117988,71.52971542119849,66.10747620334979,55.01669969009657,55.02122998860722,67.24885676861538,71.58235461751946,62.88780464148539,65.52574711047504,85.00177791403723,94.2497690484131,53.49797160417478,86.90681568138461,70.51059471376072,55.58203895537741,82.4708482798892,35.93764208945419,31.065236237279777,42.9813826315102,13.553030566519794,33.637604863282434,95.52741118509812,42.532852754387704
75078,2,25,8,36,23,25,8,101,Canada,31.42152559955909,2.927353568968698,77.8280525063858,16.239754440940516,55.830976460441036,26.468749470533226,67.23225874558347,92.77715291674645,44.29159025946308,84.15710265842984,92.17849549876689,84.6203993462982,96.0687808460741,80.57148528841765,26.00604461711751,49.56063603396092,35.53468542443608,34.82904556346739,78.51297613318877,5.974300634468989,10.225203842964703,66.19045769472592,61.91892508169872,58.701033451356636,40.99644796096635,72.76718201217892,70.67123342360873,53.95060925674363,5.609831825109964,25.048837768764088,1.0,16.82603599576234,40.094517212998085,1.0,21.709330571400272
203207,1,15,51,44,14,3,6,104,UK,68.82260167001749,57.30350820568515,43.40796818255575,54.704020423288796,77.93512099923532,87.62360535106382,52.223645153743746,68.89000863165478,72.73352751819738,34.077385217651084,43.382320882034605,93.58662019346582,98.70453490515831,14.525865828672977,81.41475722390544,75.93679350049774,77.35818626598257,54.802631573815574,98.75950003467119,82.88265030505272,47.494685031003655,67.3362604544526,29.489405286236234,51.59328961075215,82.46458131618783,19.9849098635147,99.0,54.3751261218614,52.98190565694932,41.258983812307235,82.5505107067354,84.63890055985053,38.54997813635191,45.002837651201844,4.09567426156363
312381,1,23,50,34,23,4,6,110,USA,72.76363999186668,28.5405116565955,78.23795352732941,47.87586579427381,92.27885279287841,50.53116852032986,79.73389095000289,59.99171505067375,39.4575626880914,63.53406225256617,80.45593114895769,43.64141819818519,61.349416119693956,52.92361192269021,75.81695156631247,49.56063603396092,81.50662616521129,33.216619884933806,69.674603705643,91.22179970998468,81.28692149370818,69.34796190797744,78.35350300402342,59.94916971135797,73.58796746462082,56.687055095672974,42.291087082205365,64.46531457556091,16.34316537104732,9.139987713136179,12.383733081535269,33.57488279193916,37.023634211068725,35.09415280946621,16.380896680795246
278491,2,32,47,12,19,29,0,109,Canada,76.24141630310271,89.9625610576469,41.91533974070052,84.6203993462982,50.53116852032986,40.894584213473934,83.6093633598631,8.9866184332856,50.63550054933802,15.219684361003004,1.0,20.791244461849743,23.061104035291663,17.11734969494421,72.58720034524305,58.313084197575165,47.90708649651623,76.59096398990584,26.715253344971444,91.03705908413667,84.06143549742728,63.49223593242601,83.25237944960452,28.20459265453337,80.98379288575211,67.94879774837898,24.565864920511927,59.55017917542108,77.13505472270435,60.42477581553817,84.11426570792503,55.668082219914254,58.97185396875591,96.29176126262075,67.23225874558347
35377,2,22,20,20,18,1,4,101,USA,73.91318539954938,79.42646223603026,77.8280525063858,59.13772006023231,45.2259618242183,61.101068989654436,71.63636970116852,13.667381739766483,20.67268965707339,33.13730422869742,11.881339115094278,8.513015135789828,34.78467417757349,21.025779143228192,79.38519475590067,66.8333246469353,72.29494873939228,67.90892130832316,43.98116094104404,95.70424778762697,66.23505277541807,56.59402553823344,61.91892508169872,40.06999034374928,75.94333318302654,47.38424542522603,12.112736993001931,88.55650798049987,72.89510690153799,93.32981256886353,66.6913920797009,40.585778717067456,44.78883368500453,88.48499779615781,71.63636970116852
49325,2,38,26,14,15,8,5,101,USA,46.94743986023093,71.03332665341549,54.36555360329919,5.474027310624237,66.19844583264802,61.101068989654436,34.571415401094725,52.74554957826348,85.26869520075695,25.45996442274705,40.17220037646791,47.70466906821406,55.989958694574455,63.026088336460134,56.49495686072771,45.17371817583938,52.09291350348076,39.49062956608225,67.74027334454553,56.37210185571547,71.05247102613345,81.11362089772024,52.403820182702646,76.22732636636681,80.98379288575211,94.99002850697514,55.302777255909916,59.55017917542108,9.882997268647586,5.750230951583532,8.80329369768259,36.88851327944508,22.510403978694114,54.38260045296113,1.0
150555,2,30,45,51,14,23,1,103,USA,14.62767898904525,16.747620550392412,1.0,47.70466906821406,61.07139808454821,14.087982640138051,30.105722373059507,93.40939776814287,69.241915284083,84.15710265842984,78.09129834681323,80.15066620083473,89.26937941052824,93.64238429658258,47.531012923146136,36.531263140029694,8.552307569892605,58.61780956927589,78.51297613318877,38.2372666632848,87.75190106309344,91.82942170262857,61.91892508169872,86.12872371318815,80.98379288575211,94.99002850697514,79.92709893534379,70.35319944682698,26.239635196991657,17.470860014697195,54.846168774782996,11.41577431146905,63.60458836831259,26.059328894242867,30.105722373059507
274002,1,20,10,42,0,10,10,108,USA,37.70301083369441,72.29494873939228,19.94284710093362,59.88492177432994,15.84780352374321,37.10034335235076,47.7763548462533,55.858187591431545,9.602088838966921,61.46221350641065,91.15623620881456,74.50142217039121,13.188630176919133,78.50597053818706,16.797176158561513,32.96395269530268,17.427024341040777,3.8285362743762335,27.840394651610865,54.82628182415766,15.59598740366792,83.75714200010668,38.38945363702777,97.03997816874039,78.09129834681312,82.48283497451916,85.870934111515,48.90503595078849,97.56270412644426,97.22106987591201,71.63116465773368,75.21206109473849,97.23801687866705,97.60574978768477,92.64653721661432
276659,1,32,6,45,22,4,0,109,Singapore,44.125363741346746,28.5405116565955,43.21514997613417,42.58820505516337,66.94677104914928,25.0308986798388,68.07622402073508,53.11798253744837,45.63444639669791,27.89944823044962,63.944078383121166,54.24481320760782,57.18008180471179,67.22611925578326,60.19896459797957,74.87692820914225,57.44425564700225,51.8976637847569,58.269695887561284,37.023634211068725,63.080058676461306,55.46536009609389,37.933206440742254,48.88792965914092,63.20312309096943,56.687055095672974,72.45946413723033,43.73447948589535,29.586298991901856,26.016015886155145,27.76615118607495,37.06068052157116,41.60700518705539,35.09415280946621,37.61317345856344
36956,2,19,51,26,18,5,4,101,USA,50.39837934269161,72.45946413723033,59.316179143202476,9.848895463132322,53.95060925674363,40.03544926577973,69.30757411611546,40.29754265921218,40.23918650456716,34.78467417757349,38.816119411727584,43.91268057637768,67.45616643435892,31.027056149688406,35.05809521923965,13.115617267684058,21.800272892309238,36.95641966039261,77.19398147516756,74.9804753003109,26.016015886155145,17.591728760230296,11.905198398291134,1.0,26.259510286198037,29.489405286236234,65.52574711047504,47.87586579427381,56.62565795263481,39.70545999798901,31.624997092283593,84.29098216856346,65.48158958671098,85.78653499209838,33.429732576898715
91831,1,21,11,18,16,22,0,102,Canada,91.91856525617254,94.2497690484131,82.47693013887124,78.16576113284259,81.1885734906025,55.830976460441036,79.73389095000289,31.56674089194442,39.4575626880914,67.88573980876623,5.750230951583561,54.24481320760782,8.712627306090496,52.92361192269021,75.81695156631247,66.8333246469353,57.44425564700225,65.88150455292742,58.269695887561284,88.28075826138559,72.61901380720087,29.92739124837837,24.859259813697662,22.535590448916935,68.50084497134463,10.551767248969924,57.708912917791565,43.73447948589535,85.96282872728295,64.91753336498903,84.90314718842296,93.70817680018945,64.78278589337833,96.29176126262075,51.923296568158094
253747,1,19,16,38,21,23,8,107,Bulgaria,62.788954456931606,62.44180605288369,77.51836932816263,49.47664252260131,67.97952772928915,71.41099419704676,26.412032535376227,77.62653243552768,83.37058464759491,85.64602139611941,82.88265030505272,69.69101146171175,40.269335632185744,60.31294690391934,28.20459265453337,28.82365187556678,38.88776370935125,45.1973684261817,90.78367717117158,21.356392958964705,1.0,73.19020655694652,61.61054636296922,21.389234492588685,73.40738137626522,54.122030713014226,73.67177934677,98.4165623297605,60.37388968274291,68.54137944829739,55.137203674949376,84.63890055985053,52.88414344558328,15.022086408344563,55.07623775225028
110058,2,21,50,40,16,1,4,102,USA,81.74165331337178,75.34008785972469,35.81736676013651,70.13473438320716,55.830976460441036,70.76878765562856,98.51433266565493,5.750230951583532,20.67268965707339,5.057819312966302,11.881339115094278,8.513015135789828,10.186151472267312,43.67753549670533,38.63883899048386,40.8204093289915,52.09291350348076,10.954729552571052,49.99999999999858,56.37210185571547,45.87796928698316,53.79473498358533,7.233315213337107,34.02330933641292,46.98563916064137,89.20048547787871,79.92709893534379,59.55017917542108,64.78766991412851,69.1661111306675,50.808806724323006,77.02082321396949,58.97185396875591,10.878069661841323,95.24464839547647
202878,2,19,36,0,4,28,5,104,USA,83.39230986942073,81.26342017218394,46.87999385447824,69.25100862044388,75.42677453203078,95.0737403120877,59.82779962352896,1.0,18.07413941207355,2.127456191033147,1.0,33.98932842133539,13.81572005327331,1.0,85.25015092670196,93.07869517425445,73.5016449847086,58.746642970756454,59.48073062366848,85.48287799381364,83.27341643809916,85.88946972652013,81.75583192499732,25.344952235595855,93.5656869093541,66.12530199496246,95.64331458828849,78.16576113284259,39.62889595653024,7.01428938131528,7.472242555693413,75.22616924738367,61.01069607724554,76.99047717112194,56.53893235643574
163223,1,28,1,49,9,23,4,103,USA,99.29940180599328,96.58529297009034,95.45650955974043,63.652467915599175,92.27885279287841,91.55657756489688,99.65970436342059,13.285597221116973,45.63444639669791,5.102178680518591,5.750230951583561,43.64141819818519,32.1448990198478,13.171612727054935,18.960142309248226,24.3543369865842,3.5441884953657734,20.526002638217875,64.06235791054291,55.608646060651324,15.574641162813691,28.729818987827286,1.0,27.409635915245588,52.223645153743746,10.551767248969924,81.26342017218394,98.94115709842185,75.69012994028208,77.08551834849004,49.99999999999858,96.87397727993925,55.608646060651324,54.38260045296113,70.59207196494458
117018,1,29,45,33,9,12,5,102,Sweden,29.921054529014697,1.0,23.542947406190677,14.33903948472684,85.3108077081198,66.19844583264802,63.892946217285214,86.22534941325966,89.8940151667648,83.58163009082807,51.840430352222086,48.9377169468961,97.77679069619751,71.7487486783483,38.056114105768984,45.17371817583938,16.444064482690663,78.68758818548724,40.56094673416658,24.042900881524474,47.9668538851372,51.56411713841146,82.15417819623713,84.56716102782389,25.42533077083897,46.3923581404963,37.234191385917086,23.9951441220185,1.0,1.0,9.892669062583508,4.2642639367628306,9.911413245848223,3.3342664290154715,28.527221823082982
106062,2,22,41,9,6,11,3,102,Singapore,13.674325910188571,28.966673346581445,29.92105452901481,59.13772006023231,29.81782479991668,1.0,43.8453517351694,23.05741018832211,26.128983665461305,69.99751071601315,27.66999246277524,1.0,23.061104035291663,38.87170207648552,31.122227016365883,49.56063603396092,60.398467535691054,39.49062956608225,12.295540239747453,42.72307250299582,10.225203842964703,55.196235194102144,61.91892508169872,52.496530987935046,29.452900831051807,62.94967134706582,49.99999999999858,59.55017917542108,86.93270420526017,64.85190053121335,70.4714220996438,80.1804787722698,76.67913134796015,91.51438874914072,92.91508350555785
236031,2,33,54,1,15,16,7,106,Canada,80.6815904479455,61.91892508169872,41.91533974070052,92.14274646283457,45.2259618242183,93.48525340387232,75.85958331893107,89.99476606781911,85.26869520075695,87.17481078845185,72.33000753722172,88.64046967681088,30.736721929339495,99.61912265989758,13.389145465184072,45.17371817583938,8.552307569892605,63.31946390461832,61.958617159828464,1.0,2.673062899277184,17.11734969494421,1.0,70.65410972728665,29.452900831051807,42.17855658104003,1.0,65.03935511670318,78.76603322327935,87.84587842470967,80.97280035630354,80.1804787722698,58.97185396875591,44.64654924803892,75.85958331893107
250021,2,28,6,35,0,8,5,107,Australia,17.63266108200014,20.573537763966584,6.533155150032329,12.124301089074606,71.15813214473707,26.468749470533226,34.571415401094725,39.67729426625186,26.128983665461305,62.034618989035664,46.70688036593572,20.791244461849743,64.3925588198357,25.197168825149134,48.6529331597597,62.61750720984338,52.09291350348076,25.93062308515377,38.04138284016847,51.824706498066064,61.25946572680101,67.52247311050343,38.0810749182985,86.12872371318815,24.056666816970278,77.35318352774686,79.92709893534379,59.55017917542108,52.41687527482202,51.36864963094524,62.811288492334825,48.10738101833368,54.26599085816497,39.82652432314637,58.035300002071665
38252,2,42,21,51,0,9,4,101,USA,49.60162065730543,66.54624894983101,66.57026742309836,41.99495664515888,75.896469460812,35.93764208945407,17.855609388338962,47.970263513904285,63.20312309096943,41.24825991472602,40.17220037646791,64.72479717011902,30.736721929339495,58.25364669194022,75.57443544675277,74.87692820914225,76.00485587797846,63.31946390461832,61.958617159828464,81.45293791536483,45.87796928698316,57.987103349388065,61.91892508169872,34.02330933641292,89.68114552481791,62.94967134706582,24.565864920511927,53.95060925674363,27.97813353317639,33.40694941671984,1.0,70.28119891898956,14.973082087715454,59.21514729374104,48.576617450646324
48737,2,18,3,15,17,5,5,101,USA,23.758583696894362,5.379454201511749,28.773707088354342,74.22680595634887,21.671423710050647,35.16659218219144,35.36705841812295,85.04376536305949,75.81695156631247,99.44341442676227,56.50795454375839,82.09122407614211,89.20048547787871,26.799440190550882,28.39449260468919,5.648760238916267,28.593976969392457,36.95641966039261,77.19398147516756,45.66479924381599,30.63992438136114,54.15383610184341,19.00967208037636,85.07826600534418,47.263624580874534,29.489405286236234,98.86480877159147,27.39466858187575,66.78338011506327,70.60326489133035,86.07981064123248,81.43027151090689,61.01069607724554,28.925397546363968,42.532852754387704
172942,2,42,2,10,23,26,7,103,Singapore,1.0,42.80857461825059,1.0,30.92981159264579,3.7542264838543957,7.601480727013083,11.02956043416009,33.90161694370457,15.669449792360979,66.06762283826549,33.7921982229756,16.239754440940516,19.490233876291597,72.19114017691345,26.00604461711751,36.531263140029694,56.26552051410175,21.773925274910596,21.487023866808073,29.566759293785054,26.153560990154347,7.6950619087282774,7.233315213337107,12.993014428773478,1.0,22.64681647225015,49.99999999999858,48.305582994432655,69.35750814000625,90.76405995088896,62.811288492334825,70.28119891898956,97.4423182950676,17.875995259367897,34.571415401094725
48868,1,14,32,1,23,5,5,101,USA,14.55522391586922,2.7238046880180633,33.50591881826929,29.13517763775053,29.94808702969675,80.09800138568346,1.0,99.16208860858171,99.67450308630964,99.11446288744287,94.39568728649726,97.89506570647995,74.77065778176427,50.494282940076005,49.37564805654762,24.838748627111585,17.427024341040777,96.17146372562001,81.89134079507176,37.38249279015383,47.494685031003655,4.520743135778574,29.489405286236234,46.284843661040384,17.535418683808842,1.0,2.7436655813458657,27.7341865131485,38.16804231175087,55.07623775225022,99.34035983307604,17.11734969494421,62.38682654143372,1.0,9.994604431249229
329004,2,45,31,8,21,6,2,111,China,15.605748247716036,7.233315213337107,48.12729488399276,53.441633783084455,25.0308986798388,10.636437729519969,30.105722373059507,79.54868014044939,44.29159025946308,94.55163964211795,66.20780177702142,41.99495664515888,83.21243289066717,72.19114017691345,47.531012923146136,78.64360704103217,43.73447948589535,72.34611144766149,12.295540239747453,29.566759293785054,45.87796928698316,59.37446596097516,61.91892508169872,81.41475722390544,59.00355203903064,37.050328652931285,44.69722274408724,53.95060925674363,22.044487307329376,17.470860014697195,46.766679265890104,26.28545322050678,26.650481798648855,7.927984176145856,53.319429804707454
144485,1,14,21,27,20,30,11,102,USA,22.569216556330986,17.932249948225092,24.228751316149385,34.03205562984181,51.6679506587941,15.224039783829369,47.7763548462533,31.79628469667489,54.44332608373202,25.56560193899287,20.98463817665521,43.64141819818519,70.76878765562839,11.119567381016623,92.12013084819557,83.22475351117635,95.79065569603574,77.41332779742356,81.89134079507176,97.67626658692791,47.494685031003655,51.143838855669856,70.51059471376072,41.01418900333107,63.333561068866004,59.236015459794885,44.49629171536981,22.914481651507117,25.243409940853894,23.948036756942713,29.941898306264306,34.010380936226,20.971115789764326,50.55606614092534,32.81043085041472
321270,2,16,27,23,16,25,10,110,USA,1.0,1.0,1.0,4.1425430837941235,17.11734969494421,4.926259687908782,26.19180591511258,45.985793902462774,28.557470106690573,55.989958694574455,50.593135699815036,54.063262499480516,49.99999999999858,39.89486403050779,56.18830886320245,74.90872601174459,62.64068640317316,63.04358033960449,28.417645382477644,25.019524699686087,65.52574711047504,70.70141408219183,55.28135202338723,59.28595610939959,68.74074637331933,74.72943511559401,74.88244503141595,53.185121557385685,27.075920752843132,22.99146730217373,18.03168615767558,35.72345774980255,51.84839431971352,45.002837651201844,37.933206440742254
190328,2,20,36,7,21,21,0,104,USA,88.15485748557933,88.78225472418683,90.6625911128209,83.30333675728741,26.569667184096602,92.5639835257391,69.30757411611546,94.2497690484131,89.78597966804489,86.3743755446095,87.62929142411929,97.02931141361341,58.854938377407905,86.63338107695051,56.18830886320245,63.253774141245344,51.16041356852554,41.253357029240476,46.82434645388838,28.91298435439026,93.22069447116962,87.6001464463186,85.40624108122324,92.59095325683506,82.88265030505272,74.72943511559401,40.39427439640821,86.41961753091277,39.62889595653024,88.68818169815381,31.624997092283593,8.743747773108822,69.83155565887887,23.966802620214708,51.87270511600451
245041,1,25,48,45,19,29,0,107,USA,71.5518825486115,54.846168774782996,89.86526647580195,14.33903948472684,81.1885734906025,9.068460239733724,99.65970436342059,14.942565127935723,22.171947493611015,7.400872305432202,27.999307699752535,54.24481320760782,44.50222636145577,1.0,66.66494805991243,88.55650798049987,39.95646936187677,65.88150455292742,23.934694948060837,41.60700518705539,94.49472941362046,80.7227527738338,99.02329346947283,65.3435195458141,57.75674281970055,61.76273333671213,32.30086506298957,86.73819538201224,47.426117923277445,22.158760642680534,49.99999999999858,14.930461868833419,28.20459265453337,99.0,56.71470844881128
143438,1,18,55,25,20,18,11,102,USA,38.93784183262085,14.002342391831235,58.60425385782702,49.47664252260131,86.57756514962205,8.569488235891527,47.7763548462533,68.89000863165478,66.85561577610315,61.46221350641065,78.00663739513197,38.409904521478666,78.58858792556782,55.42754164975008,92.12013084819557,99.56422237074469,95.79065569603574,77.41332779742356,58.854938377407905,75.6456630134129,67.21963358910307,82.78443914642628,70.51059471376072,81.21427908087765,93.15583712422949,78.30797746527924,54.50575608986287,54.3751261218614,14.101077450574905,32.326088516707244,3.266656796991086,14.230858476096529,20.971115789764326,50.55606614092534,32.81043085041472
253495,1,41,27,22,14,19,8,107,USA,22.777503227733206,8.023942742092885,58.85493837740813,58.46198478449537,45.69101423380141,55.830976460441036,1.0,99.3496748328879,98.34162882046974,86.90681568138461,85.18869867852766,97.89506570647995,99.48847233567824,99.52784010077323,44.65415108872236,40.8204093289915,13.234684165010492,65.88150455292742,88.81595604155018,12.993014428773478,72.61901380720087,81.76278994088227,37.933206440742254,97.0516221226593,73.58796746462082,80.43433057250775,88.78225472418683,43.73447948589535,7.795776865804058,15.10389698892294,38.61055267488479,7.84411282770229,20.095747650381668,7.927984176145856,4.636274779390959
52046,1,24,8,37,14,14,5,101,USA,70.32580384348853,60.18072278051625,73.70462543469392,32.29361888896099,30.02594327788131,88.24351183291469,83.22054561069058,22.266214105837975,51.87270511600434,1.0,63.944078383121166,11.404612333522465,17.445521498293687,76.07937539063823,1.0,1.0,3.5441884953657734,1.0,6.958337346731412,32.54383356563801,63.080058676461306,82.78191819481094,74.31609562768182,59.94916971135797,52.223645153743746,98.11132681325103,94.62054579848518,33.53431189536067,43.76133550397299,9.139987713136179,3.9536801005100273,69.15744480784218,97.6332149299792,63.96838866723374,37.61317345856344
140872,1,32,34,24,23,28,10,102,Canada,48.127294883992704,38.76343628455788,68.9285864716831,18.363391319755294,71.9500762518129,45.2259618242183,50.87869737842715,14.942565127935723,33.4297325768986,13.093184318612003,33.70576361322108,19.2114517347637,36.18273462646164,9.951262556788066,56.89709495093541,62.61750720984338,35.683822142085546,51.8976637847569,34.79835408249858,91.22179970998468,42.903871202689004,50.26072343207289,74.31609562768182,27.409635915245588,63.20312309096943,7.487798406242291,81.26342017218394,48.953336685814406,27.07592075284299,18.510816413584024,9.892669062583508,37.06068052157116,37.023634211068725,54.38260045296113,47.11585655441377
331375,1,27,26,53,14,6,3,111,USA,49.4648378682312,49.46078375067634,23.542947406190677,47.87586579427381,45.69101423380141,45.2259618242183,79.73389095000289,71.00186778562642,58.08466025929653,63.53406225256617,69.75039977186134,43.64141819818519,52.964175030515435,95.69365444961386,46.87804003038116,62.61750720984338,48.68203031647215,33.216619884933806,18.98397532185942,46.256957089828006,72.61901380720087,48.95717011571048,65.67904193769476,17.983638162857602,46.66577108930471,61.76273333671213,27.54053586276666,74.16973230320127,12.999734544277203,30.050868353950648,9.892669062583508,7.84411282770229,55.608646060651324,10.878069661841323,20.178564309796258
115199,1,21,39,23,4,29,4,102,USA,41.47495175415992,49.46078375067634,53.66061046757994,42.58820505516337,51.07837601973398,34.81530240400832,37.80945197566672,54.27059759289705,17.11734969494421,59.079735499801416,75.28209110360444,33.2971634767795,65.44478241121891,62.553226842568904,79.59145657351883,85.51395057332343,81.50662616521129,51.8976637847569,64.06235791054291,60.2364043211619,81.28692149370818,86.63338107695051,70.07894547098226,88.47492695334438,68.50084497134463,76.10995412150169,85.20819150822626,64.46531457556091,57.51505521690808,69.12364029909389,38.61055267488479,55.07623775225022,64.78278589337833,49.51248786451873,61.450021863645304
269999,2,23,0,53,10,24,5,108,USA,15.605748247716036,20.573537763966584,6.533155150032329,1.0,80.35947022086873,14.087982640138051,58.035300002071665,22.04284529347251,31.945871788203334,62.034618989035664,72.33000753722172,3.0754683431158867,7.648959173274079,21.025779143228192,36.45759337950136,58.313084197575165,39.60153246430622,34.82904556346739,38.04138284016847,38.2372666632848,30.852352642443492,52.39052757327329,83.25237944960452,46.256957089828006,14.410582680954661,81.65516168436488,34.30761847227842,37.13891197395856,30.64249185999057,17.470860014697195,34.84997484138398,55.668082219914254,72.49671585319584,7.927984176145856,30.105722373059507
169948,2,17,53,10,4,25,6,103,USA,71.03661287024966,62.7658086140799,90.6625911128209,74.22680595634887,37.13891197395856,25.882551149099697,89.20048547787871,1.0,1.0,5.441180697799297,38.816119411727584,4.1425430837941235,10.799514522117988,6.5624904528720975,10.058027109427712,1.0,25.12726961947294,1.0,1.0,85.48287799381364,50.50840487755136,46.82216652462898,2.2963252312841576,41.86477327317664,17.11734969494421,74.72943511559401,74.88244503141595,86.41961753091277,98.83039257476173,91.4785362151789,76.81782783447204,86.96632865979723,99.0,99.46773126332607,94.2497690484131
292215,1,22,7,12,4,15,8,109,Hong Kong,90.3363813680644,54.846168774782996,78.23795352732941,63.652467915599175,97.16847401524115,61.07139808454821,94.35622876510081,33.74743130294135,45.63444639669791,23.85571826394252,22.60077033503822,54.24481320760782,48.729091361349106,33.69777385863253,69.80205092731984,66.8333246469353,70.12165053195866,33.216619884933806,14.454226894048105,99.6502889820996,67.93474740485391,55.46536009609389,65.67904193769476,27.409635915245588,46.66577108930471,61.76273333671213,52.57787559748709,64.46531457556091,17.760547544328432,15.10389698892294,7.643847637544525,20.597804832851892,24.042900881524474,49.51248786451873,42.33245874030621
46285,1,22,33,38,0,30,4,101,USA,22.777503227733206,49.46078375067634,58.85493837740813,2.7765871849072568,35.108318953570915,80.35947022086873,1.0,87.82785551467782,80.9158733380425,86.90681568138461,80.45593114895769,83.29083516369599,89.7400143986439,48.05036885527579,91.4744297484466,66.8333246469353,90.7742340882254,70.33237939477914,69.674603705643,95.93501744805155,88.7050654558816,61.88975481397608,51.87270511600451,59.94916971135797,82.88265030505272,41.27219492504753,76.99736846540372,33.53431189536067,11.748255132801773,15.10389698892294,21.10851187360717,9.994604431249229,24.042900881524474,26.059328894242867,20.178564309796258
42903,2,31,19,53,4,21,4,101,New Zealand,33.927915451124136,20.573537763966584,41.91533974070052,20.791244461849743,61.07139808454821,45.936737500516585,48.576617450646324,92.11895374367123,85.26869520075695,97.80821267068507,59.82779962352896,70.13473438320716,86.3743755446095,76.50027093359677,90.03534692297274,88.55650798049987,95.68148758840823,95.77705107163649,83.34590082095656,33.840423460596384,66.23505277541807,53.79473498358533,66.54624894983101,46.256957089828006,53.01436083935573,85.62147587131506,29.328766576388233,26.569667184096602,25.382685646457475,10.946747345357721,84.11426570792503,16.82603599576234,26.650481798648855,39.82652432314637,14.282856410831698
294720,1,33,50,14,14,22,9,109,Canada,52.1400963820322,96.58529297009034,43.21514997613417,14.33903948472684,6.015468011871036,91.55657756489688,50.87869737842715,64.48491567104492,70.07894547098209,10.075946317748162,45.709546168848874,74.50142217039121,83.85324876846573,80.17625967302877,6.91295877817727,3.890549688866855,1.0,74.61390353739301,64.06235791054291,7.192308219868849,1.0,1.0,1.0,37.87624240388857,1.0,22.12609129554656,14.79180849177061,1.0,69.05084609642012,84.23552337241927,84.90314718842296,78.80054278806642,24.042900881524474,68.60058485381398,32.99807104191294
281885,1,18,51,59,19,8,2,109,Germany,84.88910772228758,92.04776774279742,77.51836932816263,1.0,99.67072318697114,93.62486758591967,87.73004283799435,85.35937438653923,83.37058464759491,82.1637096865611,31.693301589254332,43.64141819818519,82.19086429698166,99.67462143472699,1.0,1.0,1.0,35.752386609459336,27.840394651610865,1.0,1.0,1.0,1.0,17.11734969494421,1.0,19.9849098635147,59.47192606071229,10.536600056763831,1.0,4.988294158485161,1.0,3.4058557754059677,5.068193264807718,1.0,1.0
7000,2,18,57,31,7,16,1,101,India,68.57847440043787,62.7658086140799,23.23512349102603,36.99571155383836,94.9177941025722,64.83340781780561,78.09129834681312,4.684114642123717,13.489921776969908,5.441180697799297,17.57742842669819,12.660403857158286,32.54383356563801,6.5624904528720975,45.02498081067944,26.575607003584423,43.44086596153767,45.61140169131329,46.82434645388838,85.48287799381364,26.016015886155145,5.780029348874379,19.00967208037636,2.735353830436466,31.25925362667769,13.982651618391913,26.016015886155145,7.542847206751148,89.87838016878061,57.63140255323418,93.36374642288627,93.69665425731546,69.83155565887887,99.46773126332607,65.67904193769476
200861,2,19,40,47,22,11,4,104,USA,19.31840955205132,32.30086506298957,40.6838208567944,17.54187933309808,37.13891197395856,13.771182135799876,35.36705841812295,39.171610896042466,18.07413941207355,55.989958694574455,56.50795454375839,38.89893101034255,36.79687690902773,44.463922165544204,43.004639093248215,42.48922806090303,58.854938377407905,41.253357029240476,53.17565354610883,32.953691042920525,40.39427439640821,63.77933526110843,77.82092340640315,47.66706510853851,47.263624580874534,66.12530199496246,70.30114211772138,42.58820505516337,54.73877103055514,66.39018662627882,42.9813826315102,35.72345774980255,51.84839431971352,72.08762914155761,74.31609562768182
237261,2,19,49,12,18,13,8,106,USA,79.16268720859159,57.708912917791565,86.57070419627405,90.81894281558982,84.5933664326293,78.44189817358415,21.90870165318364,29.33663762289231,46.32138626874536,16.135186567182956,68.01434649002357,43.91268057637768,32.54383356563801,18.93461870143412,68.03026060702683,55.01669969009657,76.88702824078518,36.95641966039261,28.417645382477644,85.48287799381364,83.27341643809916,59.00559432491707,11.905198398291134,70.44701254587068,82.88265030505272,47.65939602551936,70.30114211772138,63.652467915599175,27.075920752843132,57.63140255323418,12.286541527247522,32.194701977513006,47.22811985829236,34.12556235771552,29.059420566627125
277118,1,18,15,54,16,12,0,109,China,74.57816056545772,46.8616625569893,94.734671788117,74.63236042239402,77.93512099923532,46.99412107765221,52.223645153743746,93.10003398518904,83.37058464759491,65.92261478234616,87.29220356230667,87.16186232831421,98.70453490515831,65.10699556121563,96.14666756358292,97.90863147424102,98.45896760865685,81.37448238395427,46.19023280498891,79.3726221047068,96.14431399454031,83.75714200010668,94.47557225921162,56.885539292462795,99.01814618675814,82.48283497451916,54.50575608986287,27.7341865131485,19.821365466282344,45.84458055273865,22.331027267183856,23.44500415731204,25.08133201404297,23.966802620214708,22.625616852424997
236651,2,21,8,2,2,4,8,106,Singapore,31.42152559955909,92.76668478665965,29.92105452901481,70.13473438320716,1.9528124319700737,7.601480727013083,34.571415401094725,6.345108942690672,20.67268965707339,29.2312123443686,1.0,41.99495664515888,19.490233876291597,1.0,74.5901423502541,74.87692820914225,52.09291350348076,30.29568662558205,78.51297613318877,77.70620629091718,91.03705908413644,14.997867088827974,42.80857461825059,1.0,53.01436083935573,22.64681647225015,39.44843304817931,9.301460576598942,63.857248475927804,60.42477581553817,20.33982698209911,48.10738101833368,87.70991929816626,44.64654924803892,98.51433266565493
244747,1,17,21,41,13,24,0,107,USA,42.678047223877684,72.29494873939228,3.9337027838011664,1.9201191433458717,15.84780352374321,84.02866242798461,95.28414707501008,9.403717005237638,13.81572005327331,56.91289499716851,26.176894918892657,1.0,1.0,55.42754164975008,16.006630513773075,2.3594900124509195,1.0,49.99999999999858,71.00186778562642,14.486049426673304,57.493261250278636,2.1850860690282303,1.0,13.207181549323053,1.0,28.947528973863513,64.35189813608548,18.402231663414995,61.41629070740936,36.740964169189226,63.565929724145064,26.844462737322914,83.61910331920171,81.57742612003744,66.11822851590068
7451,1,16,41,11,2,17,1,101,Philippines,29.30098431528708,1.0,6.255016295992704,34.03205562984181,73.09049750610438,80.09800138568346,52.223645153743746,77.62653243552768,48.09386819209789,82.1637096865611,49.39681158829484,33.2971634767795,74.77065778176427,99.37009696661096,27.26312618316956,37.22793729626204,9.122016043886646,40.434807185092495,65.039355116703,54.82628182415766,8.863857749801383,56.21355262825239,21.255166203304185,51.59328961075215,47.30504833157312,38.740534273195976,96.90713480562715,59.797915543157785,43.41098862817881,28.04992374818403,3.266656796991086,87.40027778817034,71.47277817691389,39.50535605806317,43.80047150705559
23545,2,18,10,53,0,31,2,101,Malaysia,20.39930824141649,27.54053586276666,23.23512349102603,26.74848719592285,48.305582994432655,44.99504097618501,10.799514522117988,57.43724019145628,40.23918650456716,51.71482449908609,56.50795454375839,29.2312123443686,71.58235461751946,75.65063070036763,61.200439417140046,78.501107382834,55.02122998860722,49.99999999999858,34.352882342751116,49.99999999999858,74.88244503141595,60.207991004079815,50.48092431787023,53.49797160417478,58.17956328876022,61.61054636296922,74.88244503141595,42.58820505516337,10.723282790157185,12.51925154915159,2.3732083900071217,16.266918122059394,21.19945721193062,61.58199982530522,29.059420566627125
108291,2,22,23,16,14,23,3,102,USA,19.748315968039748,20.573537763966584,48.12729488399276,53.441633783084455,25.0308986798388,31.1132506634697,11.02956043416009,1.0,7.391972611249315,69.99751071601315,11.881339115094278,1.0,1.0,1.0,87.08073037137069,91.29658428621372,76.00485587797846,95.77705107163649,21.487023866808073,60.87159425496816,93.86748181121254,1.0,47.596179817294626,8.962940915860088,14.410582680954661,1.0,1.0,21.671423710050647,88.25024609414902,98.57033298501506,99.35300156989251,83.17396400423456,44.78883368500453,17.875995259367897,97.12389438060234
107320,2,38,41,39,6,18,3,102,USA,57.543242869027836,71.03332665341549,19.084126661954485,64.72479717011902,9.068460239733724,90.63018663441358,67.23225874558347,30.532174046879902,7.391972611249315,87.17481078845185,33.7921982229756,8.513015135789828,34.78467417757349,29.589779021082336,11.108396349598792,5.857618735287204,1.0,58.61780956927589,26.715253344971444,29.566759293785054,26.153560990154347,4.2485312532100465,1.0,12.993014428773478,1.9176568037284625,7.659450106658554,79.92709893534379,21.671423710050647,82.65817066713248,77.31892438549448,80.97280035630354,80.1804787722698,76.67913134796015,94.13055647783642,39.164121453558494
125206,1,25,50,42,20,11,7,102,USA,85.87363839609088,91.35510392462345,82.47693013887124,18.363391319755294,66.94677104914928,91.55657756489688,83.22054561069058,61.123656849378676,75.68591836594749,13.093184318612003,92.9981312727466,69.69101146171175,36.18273462646164,76.07937539063823,25.55152039538754,40.8204093289915,19.907040067253604,28.79653607930709,29.2312123443686,4.872688754605363,81.28692149370818,96.13472423895735,97.91544687171415,80.238196328105,82.88265030505272,80.43433057250775,62.7658086140799,93.18925463440826,9.404867760584978,6.646425442125121,5.657455689244756,14.930461868833419,41.60700518705539,14.207986596123675,28.527221823082982
311021,2,27,56,56,18,1,5,110,USA,10.970999308753136,38.0810749182985,72.36136535016311,80.15066620083473,1.0,5.030451167629934,3.5713024619715696,58.67830270104173,38.03089399597786,45.40024373105052,88.11866088490251,53.441633783084455,23.061104035291663,90.94023274545907,29.04588386996008,53.95060925674363,47.90708649651623,39.49062956608225,38.04138284016847,3.9178591134474203,35.73896974224084,70.14729967836013,33.453751050166034,64.78278589337833,35.1258481984101,62.94967134706582,91.24648810278018,84.5933664326293,97.18553847166481,99.38420598162554,99.35300156989251,80.1804787722698,98.73037638467201,30.49117442662336,97.12389438060234
328470,1,20,58,10,16,28,1,111,USA,56.56869534647825,62.44180605288369,81.69065865934795,39.08901951515952,57.20631330942837,27.678385686496995,56.6550785662057,46.090043311691545,48.09386819209789,70.25853193165136,61.37045033015977,33.2971634767795,40.269335632185744,31.15277637369209,65.7783208265493,54.88643771118808,77.35818626598257,68.80982296798709,52.54107759706261,41.68691580242188,71.8673250198251,41.01979665938319,7.967776761659081,62.10760514616891,52.69495166842427,43.82486237037028,78.02095385526434,27.7341865131485,52.98190565694932,64.1514006211413,63.565929724145064,45.36397585546422,33.91083352006473,39.50535605806317,66.11822851590068
196978,2,21,39,46,1,30,2,104,Angola,80.6815904479455,83.25237944960452,66.57026742309836,80.15066620083473,91.55657756489688,40.894584213473934,58.035300002071665,1.0,4.302655353493108,15.219684361003004,27.66999246277524,16.239754440940516,5.441180697799297,1.0,52.02032500607646,17.11734969494421,64.46531457556108,49.03819143458776,49.99999999999858,95.70424778762697,21.69202253471761,34.34568935666255,66.54624894983101,12.993014428773478,24.056666816970278,32.05120225161804,65.69238152771845,31.747142483319834,97.50602920604354,64.85190053121335,92.12810100291642,99.41200713087233,68.12570526155298,94.13055647783642,99.67483095441423
155976,1,27,29,3,12,31,2,103,USA,72.76363999186668,87.9577765080262,82.47693013887124,22.733263538806,61.76273333671202,45.2259618242183,79.73389095000289,1.0,22.171947493611015,13.093184318612003,45.709546168848874,1.0,8.712627306090496,1.0,53.56731399149413,40.8204093289915,53.073836758051584,28.79653607930709,64.06235791054291,50.93650051561667,81.28692149370818,58.050759765580494,70.07894547098226,27.409635915245588,68.50084497134463,84.44731220264532,14.79180849177061,64.46531457556091,52.94122092872135,34.23160425600963,27.76615118607495,33.57488279193916,88.28075826138559,94.13055647783642,37.61317345856344
238727,2,20,41,12,5,9,9,106,Netherlands,53.05256013976634,1.0,76.76487650897081,42.36174007540245,70.35319944682698,49.99999999999858,85.83094718467828,82.43748245483914,75.81695156631247,64.3925588198357,91.38663287631312,59.105415786523,79.32731034292351,75.65063070036763,76.2997378420655,78.501107382834,88.69781772945885,58.746642970756454,91.1626011391437,58.64095210559856,35.44845706311651,76.16055538599448,69.25788961302214,75.67701117574552,90.48753652855896,70.51059471376072,45.430036846224084,58.46198478449537,9.534736569662954,22.99146730217373,7.472242555693413,19.16249926646887,5.638266289256336,23.966802620214708,42.532852754387704
38394,1,19,40,30,12,9,4,101,USA,92.98998456519485,88.86148498074533,92.11511920534588,83.28485890970524,15.84780352374321,93.62486758591967,93.12024965164437,1.0,1.0,11.173985487562703,31.693301589254332,1.0,5.3248407799938775,14.525865828672977,22.701518884824225,46.00010268162191,9.122016043886646,1.0,27.840394651610865,71.73232667778342,57.493261250278636,99.26866041637095,94.47557225921162,85.27561239450836,99.01814618675814,92.79304433161644,99.36747822895325,88.0302838412423,91.82365056326512,84.28738319745946,29.941898306264306,99.0,90.26076465827953,50.55606614092534,97.55841535311481
189754,1,18,37,32,9,9,0,104,USA,32.842722465108125,26.762908542514083,68.4116241520884,20.028241776119472,57.20631330942837,46.99412107765221,18.86528799783011,94.91511950005031,72.73352751819738,88.82601451243409,82.88265030505272,87.16186232831421,93.80915625759576,78.50597053818706,93.78554924013008,79.69335746054037,93.95438313728812,73.21175121452501,86.63338107695051,89.12969944645124,87.96288850524809,67.3362604544526,66.12530199496246,62.10760514616891,63.333561068866004,86.32158378821839,39.543731938542976,48.90503595078849,14.101077450574905,32.326088516707244,18.801049858689595,6.930956849954356,38.54997813635191,23.966802620214708,22.625616852424997
224965,1,23,9,18,10,9,10,105,Netherlands,37.542901467615934,23.74815518018309,23.542947406190677,78.16576113284259,25.158187457547825,9.068460239733724,86.45666036915668,49.65335743206259,64.18263323986054,54.556975949327466,39.636916846050894,48.9377169468961,77.01311750261641,13.171612727054935,81.39607558593809,91.29658428621372,81.50662616521129,70.33237939477914,58.269695887561284,55.608646060651324,72.61901380720087,36.08842942696998,56.53893235643574,32.54383356563801,57.75674281970055,46.3923581404963,47.42212440251018,8.552307569892605,42.849202023507075,47.33197466719491,68.71325377084054,23.662653344441537,32.54383356563801,63.96838866723374,32.99807104191294
43799,2,21,40,26,11,23,4,101,USA,85.75667542318718,86.77776916771938,72.36136535016311,95.05909897483161,84.49314686490402,75.32807768554233,30.105722373059507,39.67729426625186,56.97016483628056,37.15180008304583,78.09129834681323,70.13473438320716,26.81939930077658,10.256330377787322,82.96922609496255,58.313084197575165,35.53468542443608,87.77079270679633,78.51297613318877,91.03705908413667,91.03705908413644,85.41314717203397,75.34008785972469,81.41475722390544,75.94333318302654,77.35318352774686,65.69238152771845,70.35319944682698,64.78766991412851,60.42477581553817,66.6913920797009,85.98172945970623,35.48102721108222,54.38260045296113,58.035300002071665
54280,2,36,18,5,13,19,5,101,USA,65.31176746648902,38.0810749182985,87.43748015944948,88.64046967681088,61.07139808454821,75.32807768554233,17.855609388338962,97.05685022395994,63.20312309096943,94.55163964211795,92.17849549876689,92.14274646283457,91.86904674501659,84.36304352175205,66.340228404796,74.87692820914225,39.60153246430622,44.24036830069821,78.51297613318877,77.70620629091718,56.175137629626704,87.40027778817046,28.966673346581445,96.55305110436132,93.17991654500008,77.35318352774686,94.11982515853401,53.95060925674363,54.346954409002365,73.33319121504621,54.846168774782996,59.414221282929645,18.605107809955825,77.33488278773791,39.164121453558494
318592,1,52,41,57,15,18,9,110,USA,4.23206477706286,1.0,5.498141602288726,53.185121557385685,71.9500762518129,12.47330482372206,4.440034052798524,99.2745888687341,98.34162882046974,79.98271330943305,98.04461905111657,87.16186232831421,99.67175205324247,80.17625967302877,80.50106903960307,93.70362584385214,93.25032688720819,94.59131117331833,52.371791064982006,32.54383356563801,37.907163869258454,98.89339204371402,94.2497690484131,97.0516221226593,98.0979983975011,94.12361067440236,67.6991349370075,69.4156405997457,5.419131636790937,18.510816413584024,7.643847637544525,9.994604431249229,7.192308219868849,35.09415280946621,4.636274779390959
80283,2,22,51,59,7,5,10,101,Australia,70.30463925686774,24.65991214027227,72.36136535016311,1.0,99.67285308425994,93.48525340387232,83.6093633598631,35.0423946983492,85.26869520075695,1.0,7.821504501229896,75.29940096995824,38.93485830207197,67.68583273799294,88.59759370670099,53.95060925674363,91.44769243010387,99.64544837204335,87.70445976024939,84.9464681882871,26.153560990154347,30.373205774212465,47.596179817294626,2.989544253827688,80.98379288575211,72.76718201217892,1.0,53.95060925674363,11.74975390584791,14.059962345009183,1.7653055393491428,26.28545322050678,8.682797163853309,81.35350509583145,11.02956043416009
39827,2,23,37,27,23,12,4,101,USA,78.49980080090143,66.54624894983101,77.8280525063858,64.72479717011902,96.6548610807622,51.01676241556953,53.319429804707454,56.31434375436572,56.97016483628056,69.99751071601315,27.66999246277524,75.29940096995824,55.989958694574455,34.16187001140264,98.74232671565449,93.70362584385214,99.28903108451607,84.34337495220132,98.81381887109012,88.15258071082917,61.25946572680101,56.59402553823344,75.34008785972469,40.06999034374928,70.54709916894535,52.615754574771245,15.903862568815157,70.35319944682698,38.96105870641554,60.42477581553817,38.763436284558,22.97917678602758,35.48102721108222,59.21514729374104,43.8453517351694
223044,2,19,23,21,9,10,9,105,Netherlands,24.914390125764243,47.42212440251018,13.42929580372271,36.99571155383836,26.569667184096602,10.39944639469067,64.6329415818742,87.48571695163446,58.55236278061574,91.86904674501659,78.58858792556782,54.063262499480516,91.89955310846108,79.56525799826431,61.200439417140046,67.25861939826268,76.88702824078518,45.61140169131329,65.64711765724587,37.1121953585116,55.58203895537741,55.37178352399974,69.25788961302214,59.28595610939959,52.73637541912245,57.003317221551015,50.50840487755136,32.29361888896099,35.93764208945419,35.331007974480485,66.15957653940058,35.72345774980255,42.62918553286505,19.311718575472838,42.532852754387704
306110,2,37,59,37,9,15,2,110,Canada,12.746532566770725,10.037438942349667,29.92105452901481,1.0,61.07139808454821,51.01676241556953,25.80553116473422,82.41946872927497,85.26869520075695,37.15180008304583,78.09129834681323,92.14274646283457,86.3743755446095,67.68583273799294,44.17401957186058,53.95060925674363,20.457096935902428,67.90892130832316,43.98116094104404,51.824706498066064,40.7639845402021,49.578001819627275,61.91892508169872,64.78278589337833,70.54709916894535,42.17855658104003,44.69722274408724,17.11734969494421,28.859030683459878,10.946747345357721,87.03652229280976,11.41577431146905,22.510403978694114,77.33488278773791,8.134210253605232
121547,2,21,30,14,3,17,6,102,USA,99.40505697704384,89.9625610576469,77.8280525063858,92.14274646283457,94.37835650084708,75.32807768554233,99.37747445535263,1.0,50.63550054933802,7.144839700381453,1.0,8.513015135789828,3.5912137892501335,1.0,92.657211633585,93.70362584385214,72.29494873939228,87.77079270679633,61.958617159828464,84.9464681882871,87.75190106309344,52.39052757327329,89.9625610576469,17.601766613999473,70.54709916894535,27.23281798781821,3.5467133857440984,94.9177941025722,60.09157733583032,46.8080809597364,89.71574307109427,14.018270540290615,30.986852474538694,96.29176126262075,67.23225874558347
73708,1,33,38,44,11,10,8,101,USA,95.8796906069764,91.35510392462345,38.067298615952495,98.92913074556043,85.3108077081198,91.55657756489688,79.73389095000289,45.03878478822713,80.9158733380425,79.98271330943305,22.60077033503822,69.69101146171175,28.224864339480575,7.123265750995557,77.73041469302734,36.531263140029694,10.309452760825593,99.17618813377487,69.674603705643,93.78554924013008,94.49472941362046,39.89486403050768,96.31194226343769,43.344921433791285,73.58796746462082,1.0,1.0,78.67594907520959,43.76133550397299,38.5265098022748,98.52527446695672,44.20134574873799,9.911413245848223,39.82652432314637,16.380896680795246
154052,1,24,46,48,0,17,2,103,Australia,66.57026742309819,94.2497690484131,63.961477249015104,37.376126900058125,61.76273333671202,66.19844583264802,37.80945197566672,1.0,22.171947493611015,36.46593774743093,1.0,5.368564900396208,40.31097559507873,1.0,98.74927906227902,85.51395057332343,90.7742340882254,92.134155927042,58.269695887561284,99.6502889820996,96.66053255329552,10.23946724532081,51.87270511600451,1.0,46.66577108930471,1.0,72.45946413723033,43.73447948589535,80.33386524846037,51.77910640573515,99.26007968004001,93.70817680018945,2.9895442538276598,99.55215657014026,47.11585655441377
167321,2,21,15,13,12,30,5,103,USA,50.92951243368651,83.25237944960452,60.5424373119057,64.72479717011902,75.896469460812,35.93764208945407,1.9807224414555975,6.345108942690672,20.67268965707339,9.551783999317706,11.881339115094278,20.791244461849743,30.736721929339495,4.9480286306779675,69.50454375992024,74.87692820914225,31.560378358973026,63.31946390461832,38.04138284016847,88.15258071082917,80.01509013648229,57.987103349388065,42.80857461825059,52.496530987935046,35.1258481984101,77.35318352774686,49.99999999999858,70.35319944682698,58.18691198097582,60.42477581553817,50.808806724323006,33.25967091737266,44.78883368500453,77.33488278773791,79.86341080358977
203067,2,47,31,21,23,30,5,104,USA,36.47580823944185,38.0810749182985,48.12729488399276,64.72479717011902,75.896469460812,14.087982640138051,17.855609388338962,90.72714674186295,38.03089399597786,89.9307629908659,83.38855564847916,88.64046967681088,98.74639590052823,58.25364669194022,92.657211633585,93.70362584385214,43.73447948589535,98.81719090513047,83.34590082095656,73.74048971379887,91.03705908413644,83.3149210976419,52.403820182702646,93.78554924013008,96.00666942150986,67.94879774837898,39.44843304817931,80.19514273855225,52.41687527482202,55.91895338249731,62.811288492334825,16.82603599576234,22.510403978694114,77.33488278773791,87.05895219246986
294690,1,34,56,7,9,22,9,109,USA,99.46817949772878,94.2497690484131,89.86526647580195,95.58814230780956,85.3108077081198,88.24351183291469,97.80975799672922,13.285597221116973,1.0,13.093184318612003,69.75039977186134,38.409904521478666,4.392887950635867,33.69777385863253,10.143987317512995,24.3543369865842,23.59305727208681,16.752530593318255,2.0484137323826275,9.911413245848223,47.9668538851372,80.7227527738338,20.866239721879907,65.3435195458141,82.88265030505272,76.10995412150169,76.99736846540372,97.61600194665232,97.90628637148461,95.08507306204467,72.23384881392207,93.70817680018945,97.6332149299792,99.08232312195366,86.43989593768629
288872,2,41,39,56,12,20,6,109,USA,96.29820558493748,86.77776916771938,72.36136535016311,53.441633783084455,84.49314686490402,83.66082146415988,99.36791336755778,20.059795162356977,38.03089399597786,9.551783999317706,46.70688036593572,30.92981159264579,7.648959173274079,58.25364669194022,17.55264221674682,24.3543369865842,4.318512411588301,34.82904556346739,1.0,56.37210185571547,75.662292729603,85.41314717203397,86.77776916771938,46.256957089828006,80.98379288575211,27.23281798781821,91.24648810278018,94.9177941025722,53.38248502285859,5.750230951583532,27.318507249333862,93.09521266559159,72.49671585319584,91.51438874914072,21.709330571400272
121412,2,23,39,28,0,16,6,102,USA,83.79589734990736,89.9625610576469,77.8280525063858,88.64046967681088,71.15813214473707,79.64120213339004,30.105722373059507,58.67830270104173,89.6062228543542,62.034618989035664,59.82779962352896,75.29940096995824,10.186151472267312,58.25364669194022,52.02032500607646,40.8204093289915,39.60153246430622,67.90892130832316,67.74027334454553,21.525833663213064,80.01509013648229,59.37446596097516,75.34008785972469,52.496530987935046,85.58941731904213,57.8214434189569,1.8071150900638884,75.42677453203078,51.450450982576456,46.8080809597364,66.6913920797009,36.88851327944508,93.41517453375116,17.875995259367897,43.8453517351694
3915,2,22,58,2,6,9,1,101,UK,58.85493837740796,75.34008785972469,82.88265030505261,47.70466906821406,39.96934393210995,31.1132506634697,58.035300002071665,1.0,1.0,41.24825991472602,7.821504501229896,1.0,2.127456191033147,17.11734969494421,52.02032500607646,58.313084197575165,76.00485587797846,1.0,1.0,99.43736475223136,71.05247102613345,42.56949810045177,16.747620550392412,22.701518884824225,35.1258481984101,47.38424542522603,79.92709893534379,70.35319944682698,99.29776717078221,87.84587842470967,87.03652229280976,97.83343767738234,93.41517453375116,88.48499779615781,99.36791336755778
81132,1,20,50,15,13,10,10,101,Japan,73.4536867199547,88.86148498074533,73.07624464740519,20.028241776119472,82.4514572124765,66.74538267752837,61.038941293581615,44.87159510289655,60.728061954840825,88.82601451243409,2.6527369201044593,79.05269259105376,35.93764208945419,14.525865828672977,61.76273333671202,37.22793729626204,54.791869057443876,85.05514464138969,39.89486403050768,63.46873685996724,67.21963358910307,2.582539604281621,10.799514522117988,1.0,26.592618623731795,43.82486237037028,2.7436655813458657,10.536600056763831,34.058926066630676,28.04992374818403,67.65818245209357,49.22635620042763,5.068193264807718,56.10310053102842,27.58490170220736
33892,2,35,53,30,22,27,3,101,USA,32.669110880435056,16.747620550392412,66.57026742309836,16.239754440940516,80.35947022086873,26.468749470533226,34.571415401094725,2.388398749701963,4.302655353493108,1.0,21.90870165318364,16.239754440940516,2.127456191033147,63.026088336460134,1.0,10.870300553545434,43.73447948589535,1.0,21.487023866808073,11.243697957803903,1.0,77.63595327780763,28.966673346581445,81.41475722390544,53.01436083935573,47.38424542522603,98.19288490993267,88.55650798049987,77.95551269266787,90.76405995088896,38.763436284558,88.5842256885278,93.41517453375116,35.09415280946621,71.63636970116852
59181,2,30,34,55,16,5,6,101,USA,66.57689870436599,57.1914253817464,72.36136535016311,41.99495664515888,88.24351183291469,61.101068989654436,43.8453517351694,45.58642466126116,63.20312309096943,21.85000045652049,66.20780177702142,53.441633783084455,51.71482449908609,38.87170207648552,92.657211633585,85.51395057332343,95.68148758840823,67.90892130832316,73.28474665502551,77.70620629091718,87.75190106309344,41.179729089046816,83.25237944960452,28.20459265453337,46.98563916064137,77.35318352774686,15.903862568815157,9.301460576598942,15.146648470529016,3.735362355170551,8.80329369768259,36.88851327944508,22.510403978694114,81.35350509583145,5.635294664448608
119201,1,22,11,30,20,29,5,102,USA,1.0,8.023942742092885,1.0,14.33903948472684,16.292451020166226,34.81530240400832,11.734640245817701,87.03652229280965,45.63444639669791,86.90681568138461,95.9083538786092,59.50871942031665,77.01311750261641,90.64706074455307,4.737501861871692,13.85480603215845,16.444064482690663,7.341158704576031,69.674603705643,2.9895442538276598,1.999932433705908,77.48516829516348,65.67904193769476,91.89955310846108,57.75674281970055,96.3967355276219,57.708912917791565,28.6562827261815,45.59103730715219,60.60359954468936,18.011841369873252,47.82170921200657,81.41475722390544,10.878069661841323,70.59207196494458
68791,1,26,22,54,12,30,6,101,USA,64.0107868215058,84.11426570792503,86.36991465860137,58.46198478449537,25.158187457547825,66.19844583264802,33.58339906695974,90.78367717117158,98.34162882046974,63.53406225256617,89.39717246292184,93.58662019346582,83.85324876846573,57.77181115832951,80.50106903960307,82.19946571129663,74.100982744271,82.51494454378076,46.4438168710891,88.28075826138559,47.9668538851372,12.822012186265368,13.649579136660321,88.47492695334438,30.46290046715066,2.8476359760487355,8.063817929275558,19.60253669358994,12.999734544277203,18.510816413584024,34.90827568636843,23.662653344441537,9.911413245848223,30.49117442662336,4.636274779390959
257145,2,20,39,13,4,13,10,107,South Afric,86.32567408980833,88.78225472418683,90.6625911128209,93.84358422319974,70.35319944682698,64.83340781780561,40.17220037646791,38.05085706831778,52.45351877055924,47.4283312062351,33.104268824151234,38.89893101034255,58.854938377407905,18.93461870143412,90.06864782459968,85.0883262902704,91.11356755894622,67.24885676861538,34.352882342751116,95.63802576782712,90.31994505042348,72.92407924715411,69.25788961302214,64.95948197352692,73.74048971379887,57.003317221551015,35.44845706311651,93.03225210487653,26.227005773014127,44.15565888771181,21.19945721193062,19.16249926646887,21.19945721193062,72.08762914155761,37.933206440742254
4581,2,15,16,31,22,10,1,101,USA,21.500199199095363,14.79180849177061,23.23512349102603,36.99571155383836,42.68003802225007,69.5661629611684,5.27852589402211,99.47340198446034,70.31730040788568,99.67470996112456,91.38663287631312,64.06235791054274,99.52784010077323,98.20396656880723,51.1184240765495,46.65271327404656,28.593976969392457,41.253357029240476,99.64764414218155,37.1121953585116,55.58203895537741,85.00177791403723,60.03770236290336,95.46024241407576,68.74074637331933,94.47557225921162,79.22231631654597,42.58820505516337,49.99999999999858,39.70545999798901,73.39148854164074,32.194701977513006,91.40012988256251,50.55606614092534,20.866239721879907
251891,1,20,27,57,21,28,7,107,USA,40.179112771535245,1.0,89.03637313295235,1.0,95.99510934242835,42.010938364274864,84.56716102782389,54.64132081412748,60.728061954840825,25.56560193899287,61.37045033015977,74.50142217039121,95.8574569162023,3.3977523525723257,67.75023129801616,41.583891888387654,77.35818626598257,22.58667220257354,58.854938377407905,94.14238126470923,71.8673250198251,49.87289693140963,99.0,56.885539292462795,41.943384449373866,48.968503766757806,10.08398108004559,10.536600056763831,1.0,7.297609726258017,18.801049858689595,5.020354757222378,29.407928035052407,1.0,1.0
273474,2,30,52,46,23,2,10,108,USA,52.256813721130186,13.22223083227749,66.57026742309836,80.15066620083473,29.81782479991668,70.76878765562856,58.035300002071665,12.831981429555611,7.391972611249315,49.58131153933135,11.881339115094278,70.13473438320716,2.127456191033147,10.256330377787322,63.10801699388111,78.64360704103217,56.26552051410175,44.24036830069821,56.018839058953176,69.59000458286471,45.87796928698316,95.38875234960653,83.25237944960452,81.41475722390544,85.58941731904213,85.62147587131506,65.69238152771845,94.9177941025722,95.28414707501008,81.08909424315777,92.12810100291642,80.1804787722698,72.49671585319584,97.95626338386808,97.12389438060234
195723,2,34,41,51,9,17,2,104,Germany,71.52185653524157,61.91892508169872,87.43748015944948,95.05909897483161,34.81530240400832,40.894584213473934,62.685739247457434,90.72714674186295,85.26869520075695,87.17481078845185,83.38855564847916,80.15066620083473,83.21243289066717,67.68583273799294,97.17080776959347,85.51395057332343,99.65427914810834,90.8455915333858,94.68223656109421,60.87159425496816,80.01509013648229,42.56949810045177,79.42646223603026,46.256957089828006,80.98379288575211,22.64681647225015,3.5467133857440984,48.305582994432655,40.85920770759651,51.36864963094524,74.12755151230016,16.82603599576234,22.510403978694114,54.38260045296113,48.576617450646324
140533,1,38,56,50,12,26,10,102,USA,88.63479611594983,65.40796685857111,58.85493837740813,63.652467915599175,81.1885734906025,66.19844583264802,99.52784010077323,41.601001572646055,39.4575626880914,36.46593774743093,33.70576361322108,54.24481320760782,65.44478241121891,29.1417526603677,31.65255594468232,40.8204093289915,27.471562450578233,20.526002638217875,40.56094673416658,37.023634211068725,58.10228715703602,69.34796190797744,70.07894547098226,43.344921433791285,46.66577108930471,84.44731220264532,52.57787559748709,74.16973230320127,48.34497491992602,11.969716158754522,53.823398285471114,37.06068052157116,46.256957089828006,81.35350509583145,70.59207196494458
155051,1,21,4,7,21,24,2,103,USA,64.0107868215058,84.11426570792503,73.70462543469392,63.652467915599175,85.3108077081198,71.15813214473707,1.0,69.93844782983876,85.68113180055275,40.92026450019563,69.75039977186134,90.61178652490548,77.01311750261641,24.769386228452646,93.32160981279628,78.64360704103217,65.99871618056824,74.61390353739301,88.81595604155018,93.78554924013008,96.66053255329552,78.5831439008557,24.859259813697662,54.44332608373185,99.27044993058041,41.27219492504753,91.93618207072097,86.73819538201224,8.317442143965224,2.7946545841539177,27.76615118607495,9.994604431249229,28.20459265453337,7.927984176145856,24.240696134801567
77272,2,20,3,32,2,14,9,101,USA,96.08627394246298,88.78225472418683,76.76487650897081,96.3006166334876,80.19514273855225,78.44189817358415,85.83094718467828,81.53474696163585,93.32160981279628,72.40894963476512,38.816119411727584,98.53046748171107,79.32731034292351,39.89486403050779,98.0288433855842,95.13226897091977,73.5016449847086,98.7189325273389,94.55518729307437,88.49285544556074,90.31994505042348,27.959146065188264,27.220086945751973,25.344952235595855,82.88265030505272,13.982651618391913,10.313414471076555,58.46198478449537,24.55350073197451,31.065236237279777,66.15957653940058,22.221421111983574,8.067620121993713,39.50535605806317,29.059420566627125
136454,2,23,9,59,20,2,10,102,Australia,91.78592354433022,79.42646223603026,77.8280525063858,41.99495664515888,99.67285308425994,87.33959614283856,71.63636970116852,14.52345960649231,63.20312309096943,1.0,21.90870165318364,59.13772006023231,68.46322926279544,1.0,99.3354988717499,98.62100556219502,97.27619531197854,87.77079270679633,78.51297613318877,99.34847401490754,93.86748181121254,59.37446596097516,79.42646223603026,46.256957089828006,75.94333318302654,62.94967134706582,15.903862568815157,53.95060925674363,1.0,1.0,6.5624904528720975,16.82603599576234,1.0,49.51248786451873,3.5713024619715696
139056,2,26,40,54,16,17,10,102,USA,49.60162065730543,28.966673346581445,60.5424373119057,80.15066620083473,34.81530240400832,40.894584213473934,58.035300002071665,43.21166675331921,38.03089399597786,49.58131153933135,78.09129834681323,53.441633783084455,43.158876559428165,17.11734969494421,54.26151488253112,88.55650798049987,60.398467535691054,10.954729552571052,49.99999999999858,33.840423460596384,71.05247102613345,98.67189431740962,86.77776916771938,81.41475722390544,89.68114552481791,89.20048547787871,84.09613743118166,94.9177941025722,50.483537963805134,33.40694941671984,74.12755151230016,44.33191778008268,35.48102721108222,44.64654924803892,71.63636970116852
164654,1,35,25,38,0,6,5,103,USA,95.8796906069764,91.35510392462345,53.66061046757994,53.185121557385685,95.01170584151157,91.55657756489688,96.28464744855683,35.959909624845466,75.68591836594749,3.2140818418625656,13.060336169444241,69.69101146171175,6.384274908266107,95.69365444961386,13.099160251115933,45.17371817583938,13.234684165010492,78.68758818548724,10.420623092910688,7.192308219868849,1.0,58.050759765580494,37.933206440742254,65.3435195458141,35.72345774980255,71.5236105989706,32.30086506298957,86.73819538201224,32.1541632943221,64.91753336498903,7.643847637544525,51.45242388555505,24.042900881524474,63.96838866723374,16.380896680795246
333495,1,29,33,3,16,3,4,111,Brazil,41.47495175415992,1.0,78.23795352732941,22.733263538806,81.1885734906025,45.2259618242183,50.87869737842715,74.12755151229999,51.87270511600434,72.10055176954745,39.636916846050894,59.50871942031665,86.9295000701353,80.17625967302877,63.45941745888547,66.8333246469353,84.87183008061447,70.33237939477914,64.06235791054291,55.608646060651324,11.969716158754522,68.13059800447365,78.35350300402342,65.3435195458141,63.20312309096943,36.23605888348368,72.45946413723033,54.18252200787731,27.07592075284299,38.5265098022748,31.28674622915665,44.20134574873799,28.20459265453337,5.399469858662272,47.11585655441377
269353,1,21,49,6,8,3,5,108,USA,50.802725943117196,84.11426570792503,28.17955672026264,63.652467915599175,30.02594327788131,39.96934393210995,55.263629249518715,19.399112808274964,27.638634649833904,27.89944823044962,33.70576361322108,28.357182624091593,14.2706461653477,33.69777385863253,17.203542759018035,1.0,19.907040067253604,28.79653607930709,4.1425430837941235,81.41475722390544,47.9668538851372,1.0,1.0,1.0,1.0,7.487798406242291,32.30086506298957,1.0,83.23620093265754,80.77786188366656,38.61055267488479,93.70817680018945,98.84315228214336,68.60058485381398,61.450021863645304
278746,1,24,32,58,1,2,1,109,USA,54.809833445474396,79.88105043362498,53.66061046757994,93.03225210487653,35.108318953570915,50.53116852032986,11.734640245817701,62.25020804081413,58.08466025929653,36.46593774743093,57.946348166777,96.0323757739917,52.964175030515435,48.05036885527579,90.13409891106937,88.55650798049987,87.97121727048989,86.05748381699186,92.39851927298366,37.023634211068725,85.1758837078429,56.76013486114681,37.933206440742254,22.535590448916935,78.40254957459194,56.687055095672974,42.291087082205365,86.73819538201224,55.69045208016746,90.31994505042348,65.09172431362839,30.168444341118146,20.095747650381668,63.96838866723374,56.71470844881128
327010,2,20,50,21,9,8,1,111,USA,8.989270586511623,23.002631534593064,18.091093533910794,47.810544909075986,1.7823386851823528,1.0,49.99999999999858,69.60365368304599,52.45351877055924,79.81194919210759,50.593135699815036,29.2312123443686,75.54997385039349,83.23803042156646,39.994671875296945,63.253774141245344,47.29334144891749,36.95641966039261,40.51926937632845,14.517122006183115,55.58203895537741,69.57255396735388,69.25788961302214,64.95948197352692,52.73637541912245,74.72943511559401,79.22231631654597,37.376126900058125,61.29976780711871,62.055254706882295,69.83155565887887,39.32378978437407,65.48158958671098,45.002837651201844,82.15417819623713
61473,2,19,8,6,14,11,6,101,UK,79.16268720859159,85.20819150822626,65.3808342608151,69.25100862044388,65.03935511670318,74.11744885089718,59.82779962352896,36.93582622187421,58.55236278061574,34.78467417757349,33.104268824151234,16.339178535837107,45.5566739162652,58.284910629285946,63.17851639771209,67.25861939826268,55.02122998860722,58.746642970756454,46.82434645388838,74.9804753003109,50.50840487755136,70.70141408219183,19.00967208037636,59.28595610939959,90.48753652855896,61.61054636296922,86.98840586106246,68.70258339069414,37.77526335357368,9.597163351753352,50.78214475861802,68.50084497134463,25.158187457547797,89.55586279109923,17.11734969494421
101967,2,16,23,25,21,22,2,102,USA,41.14506162258914,62.7658086140799,59.316179143202476,69.25100862044388,17.11734969494421,17.505856384176695,45.06434861754923,1.0,1.0,7.648959173274079,1.0,1.0,3.780580492318947,2.6242539865913415,14.898527423199539,5.648760238916267,21.800272892309238,4.069749353999896,46.82434645388838,67.04630895707658,13.725430869959183,16.647764343864708,4.023358416570673,15.78631677448837,9.51246347143774,21.255166203304185,60.60359954468936,58.46198478449537,99.67196659471688,99.48582647348155,98.0878566426369,98.0979983975011,85.31080770811991,85.78653499209838,99.00299116194196
276390,2,18,32,24,14,28,11,108,USA,12.382760911786676,57.708912917791565,1.0,58.71997976386746,31.747142483319834,2.9155433490531237,10.799514522117988,59.702457340784974,52.45351877055924,55.989958694574455,87.62929142411929,82.09122407614211,28.417645382477644,39.89486403050779,59.205547433731795,67.25861939826268,69.9848920385781,41.253357029240476,53.17565354610883,49.99999999999858,55.58203895537741,87.6001464463186,77.82092340640315,92.59095325683506,78.47416633678381,92.03222323833745,45.430036846224084,73.55834364977648,86.72842660743947,93.91650313720686,73.39148854164074,81.43027151090689,81.80022031836984,81.57742612003744,74.31609562768182
63606,1,50,33,39,15,16,6,101,USA,57.46714724560945,28.5405116565955,82.47693013887124,47.87586579427381,40.348835575312364,71.15813214473707,55.263629249518715,78.1237047984855,39.4575626880914,83.58163009082807,69.75039977186134,87.16186232831421,80.53865605787837,52.92361192269021,49.10753124262885,62.61750720984338,53.073836758051584,47.15427409876639,40.56094673416658,24.042900881524474,67.93474740485391,88.41290973620823,82.15417819623713,70.5644345908944,68.50084497134463,71.5236105989706,98.38287140032423,59.37039484136545,48.34497491992602,60.60359954468936,53.823398285471114,33.57488279193916,41.60700518705539,54.38260045296113,51.923296568158094
233680,2,18,47,30,23,16,4,106,USA,8.989270586511623,23.002631534593064,5.903111370984689,9.848895463132322,21.671423710050647,17.505856384176695,45.06434861754923,31.465593313145035,28.557470106690573,38.93485830207197,17.57742842669819,54.063262499480516,67.45616643435892,12.09412374001377,72.7106356995958,59.164320907627484,66.35762173414804,85.83094718467828,97.16186319777216,71.08701564560687,17.51142959544154,5.197817386041422,1.0,20.37248554819024,9.51246347143774,21.255166203304185,50.50840487755136,10.714195593724298,68.57019616941119,82.18204355948444,73.39148854164074,86.96632865979723,17.47546846224384,85.78653499209838,42.532852754387704
7988,2,22,9,6,17,18,1,101,USA,25.381412989254983,89.9625610576469,24.31408163404953,80.15066620083473,1.0,10.636437729519969,34.571415401094725,19.092537080780062,1.0,77.4421785863118,66.20780177702142,1.0,16.135186567182956,48.53763055243792,2.317319441603928,10.870300553545434,6.270160036442462,1.8771889975362797,16.654099179040458,17.82700499716219,21.69202253471761,42.56949810045177,2.927353568968698,64.78278589337833,14.410582680954661,57.8214434189569,98.19288490993267,37.13891197395856,98.08461658837814,81.08909424315777,89.71574307109427,96.5505293341688,99.0,44.64654924803892,99.67483095441423
193032,2,25,3,40,19,20,1,104,USA,25.381412989254983,4.849929977967491,35.81736676013651,36.380627243456786,50.53116852032986,17.908775923854762,67.23225874558347,50.35827469249051,56.97016483628056,15.219684361003004,66.20780177702142,64.72479717011902,30.736721929339495,84.36304352175205,38.63883899048386,70.92998286223917,47.90708649651623,25.93062308515377,43.98116094104404,14.388220962407416,51.03149623323941,93.36455021965276,86.77776916771938,46.256957089828006,89.68114552481791,94.99002850697514,79.92709893534379,75.42677453203078,54.346954409002365,46.8080809597364,20.33982698209911,51.892618981663475,68.12570526155298,68.60058485381398,75.85958331893107
306031,2,22,41,56,6,13,2,110,Hong Kong,70.30463925686774,79.42646223603026,87.43748015944948,64.72479717011902,50.53116852032986,35.93764208945407,62.685739247457434,2.388398749701963,31.945871788203334,7.144839700381453,2.125121370446294,12.124301089074606,7.648959173274079,13.513620199922286,52.02032500607646,53.95060925674363,23.9951441220185,63.31946390461832,61.958617159828464,38.2372666632848,75.662292729603,11.0953967844531,71.03332665341549,1.0,53.01436083935573,10.799514522117988,12.112736993001931,9.301460576598942,84.13405995028256,93.32981256886353,87.03652229280976,90.96190324054191,26.650481798648855,68.60058485381398,79.86341080358977
75775,2,14,31,18,10,1,9,101,USA,20.39930824141649,23.002631534593064,3.2140818418625656,36.99571155383836,37.13891197395856,35.16659218219144,45.06434861754923,89.01512222195265,58.55236278061574,83.21243289066717,73.45557273577765,54.063262499480516,99.24920694168281,75.65063070036763,72.7106356995958,78.501107382834,98.92801486256485,49.99999999999858,40.51926937632845,54.33520075618111,45.430036846224084,62.595520401963256,64.70990500369106,80.57794121246536,31.25925362667769,57.003317221551015,50.50840487755136,68.70258339069414,22.108674122393495,48.64867122355571,24.53529762125993,22.221421111983574,29.316092305772713,23.966802620214708,33.429732576898715
320872,1,16,16,56,12,19,10,110,USA,43.93424711458135,81.23921667726131,73.07624464740519,8.859497450823937,35.18913289854396,42.010938364274864,38.96105870641554,49.75540367085159,48.09386819209789,47.689773852054714,20.98463817665521,64.67544802501914,49.11031994197003,65.10699556121563,57.67310615142742,63.6332320645019,66.51034893630327,59.565192814904435,39.89486403050768,63.46873685996724,32.780366410893976,43.53409043515359,57.003317221551015,46.284843661040384,68.4693093138481,24.337707270394077,44.49629171536981,32.80222031111842,46.59266563368493,87.59257177827021,38.098006018754745,45.36397585546422,48.07670343183918,15.022086408344563,43.80047150705559
93658,2,25,30,19,9,1,1,102,UK,81.74165331337178,86.77776916771938,72.36136535016311,84.6203993462982,96.6548610807622,51.01676241556953,30.105722373059507,78.55865833938594,69.241915284083,73.79784262959129,72.33000753722172,53.441633783084455,83.21243289066717,67.68583273799294,47.531012923146136,62.61750720984338,72.29494873939228,8.03219799034747,78.51297613318877,29.566759293785054,45.87796928698316,93.36455021965276,61.91892508169872,96.55305110436132,89.68114552481791,92.3405498933381,79.92709893534379,59.55017917542108,72.89510690153799,84.60948438918092,42.743613439347484,77.02082321396949,80.63446295056406,17.875995259367897,95.24464839547647
264650,2,14,58,28,0,14,2,108,USA,67.33088911956207,85.20819150822626,53.12000614551897,90.81894281558982,21.671423710050647,40.03544926577973,69.30757411611546,14.95623463693724,34.29014070741786,5.441180697799297,33.104268824151234,38.89893101034255,45.5566739162652,4.376414170462738,6.567273606924147,1.0,7.990780209240285,17.457719845957683,40.51926937632845,25.019524699686087,21.62407111251096,56.586831655089156,2.2963252312841576,41.86477327317664,52.73637541912245,47.65939602551936,93.22069447116962,93.03225210487653,93.16720741459972,93.91650313720686,66.15957653940058,96.92024754786155,91.40012988256251,50.55606614092534,99.02329346947283
314308,2,19,21,28,8,18,7,110,South Afric,58.330891153663515,62.7658086140799,23.23512349102603,74.22680595634887,42.68003802225007,55.004959023812035,69.30757411611546,86.69090053401965,98.2124738922015,43.158876559428165,50.593135699815036,98.53046748171107,75.54997385039349,83.23803042156646,76.2997378420655,85.0883262902704,47.29334144891749,82.5422801540393,53.17565354610883,71.08701564560687,74.88244503141595,43.1705646194394,60.03770236290336,47.66706510853851,41.82043671123682,47.65939602551936,55.58203895537741,18.363391319755294,16.752530593318255,53.15156358542765,24.53529762125993,13.553030566519794,17.47546846224384,50.55606614092534,7.705354041128103
2456,1,18,24,32,20,5,1,101,USA,74.57816056545772,81.23921667726131,73.07624464740519,49.47664252260131,51.6679506587941,84.02866242798461,56.6550785662057,27.29597326525206,60.728061954840825,47.689773852054714,43.382320882034605,11.404612333522465,40.269335632185744,11.119567381016623,44.18445979526962,17.46199000427245,31.23053179269928,59.565192814904435,46.19023280498891,54.82628182415766,71.8673250198251,19.017934363009857,5.524427740784873,17.11734969494421,36.66643893113121,33.764947224578975,29.969793772770913,59.797915543157785,45.530131043933466,72.78553401282983,79.10572652846167,34.010380936226,43.28529155118588,28.925397546363968,13.76553058318379
29149,1,27,12,55,7,14,3,101,UK,31.16317994924262,44.08104661749974,43.21514997613417,18.363391319755294,61.76273333671202,9.068460239733724,55.263629249518715,24.248841379643494,45.63444639669791,32.114260191230755,27.999307699752535,15.113676818130472,36.18273462646164,29.1417526603677,46.87804003038116,49.56063603396092,74.100982744271,16.752530593318255,34.79835408249858,64.78278589337833,42.903871202689004,59.33643675927584,65.67904193769476,65.3435195458141,46.66577108930471,41.27219492504753,85.20819150822626,28.6562827261815,52.94122092872135,60.60359954468936,42.373390311879234,55.07623775225022,69.21080137353118,44.64654924803892,42.33245874030621
48486,2,15,30,34,0,5,5,101,USA,62.23679065417673,88.78225472418683,40.6838208567944,78.930623981037,53.95060925674363,44.99504097618501,35.36705841812295,14.95623463693724,58.55236278061574,26.81939930077658,27.610421178598017,4.1425430837941235,17.11734969494421,22.756772076691846,78.8851262383954,71.1524166859918,76.88702824078518,79.00918395050098,28.417645382477644,74.9804753003109,86.98840586106246,19.535534838971927,6.227228561319436,1.0,47.263624580874534,86.01734838160507,7.322719933806454,37.376126900058125,62.22473664642342,62.055254706882295,35.33576144754812,46.66577108930471,29.316092305772713,99.0,82.15417819623713
149382,1,23,6,22,11,16,1,103,Canada,54.809833445474396,38.76343628455788,58.85493837740813,10.714195593724298,89.02639377864637,84.49314686490402,37.80945197566672,96.93919667935336,98.34162882046974,59.079735499801416,69.75039977186134,90.61178652490548,92.25739618974785,99.64275513094503,84.82003851916318,74.87692820914225,61.76273333671202,98.15081607196635,80.05715289906334,81.41475722390544,47.9668538851372,32.35956529500493,33.429732576898715,43.344921433791285,41.14506162258914,46.3923581404963,37.234191385917086,28.6562827261815,1.0,1.0,7.643847637544525,4.2642639367628306,1.0,1.0,2.7619831213292656
144254,2,40,28,6,15,28,11,102,USA,87.61723908821011,95.15007002202924,72.36136535016311,84.6203993462982,20.508511603777947,90.63018663441358,79.86341080358977,1.0,1.0,45.40024373105052,16.61144435151772,12.124301089074606,1.0,4.9480286306779675,7.100159221690674,5.857618735287204,39.60153246430622,17.865663527580637,5.317763438902432,11.243697957803903,26.153560990154347,76.43388345219194,10.037438942349667,46.256957089828006,80.98379288575211,67.94879774837898,87.88726300699477,99.5731663450756,99.0,99.38420598162554,94.2497690484131,99.0,99.2306299458919,99.0,99.0
292496,1,17,56,44,11,19,8,109,Philippines,41.426091839074786,67.45616643435892,73.07624464740519,15.921465128015797,46.11100570929818,71.41099419704676,6.879750348352232,99.34074561214015,91.89955310846108,78.41464627708172,91.15623620881456,97.89506570647995,93.80915625759576,94.95017036800039,68.72579499754693,59.293134367405116,46.80296378872333,99.6000872796244,39.89486403050768,46.04939074325358,71.8673250198251,16.050858970440288,33.87469800503456,41.01418900333107,52.69495166842427,19.9849098635147,1.0,32.80222031111842,34.058926066630676,41.258983812307235,42.309529269011875,14.230858476096529,20.971115789764326,85.78653499209838,38.2372666632848
95747,1,17,34,46,22,14,1,102,USA,72.31516209629689,36.54375437401734,43.40796818255575,95.90088843111846,57.20631330942837,56.99678035513409,84.56716102782389,9.403717005237638,3.292161081817838,47.689773852054714,5.038329650532759,1.0,19.94284710093362,55.42754164975008,9.590712888091502,3.9595162485978506,31.23053179269928,2.151390653336037,27.840394651610865,59.1795906710056,2.1115026328752577,83.75714200010668,47.65939602551936,62.10760514616891,52.69495166842427,92.79304433161644,89.28100523245439,88.0302838412423,98.93199189929965,90.57410162984377,91.37410329231693,99.61615979975613,98.60742234435702,72.08762914155761,99.0
122855,2,15,4,30,22,25,6,102,USA,76.9265725792942,85.20819150822626,76.76487650897081,87.28581834787838,26.569667184096602,44.99504097618501,82.11338376053402,36.93582622187421,52.45351877055924,34.78467417757349,27.610421178598017,59.105415786523,63.20312309096943,12.09412374001377,17.988632995008345,34.3314735878171,5.939946185458581,20.99081604949606,28.417645382477644,67.04630895707658,7.322719933806454,32.486183688806676,36.21588033259451,36.162632748775025,17.11734969494421,17.480198646710647,74.88244503141595,47.87586579427381,78.68758818548724,88.68818169815381,95.25160469618959,81.43027151090689,38.087158236754135,72.08762914155761,51.87270511600451
46061,2,17,1,33,14,29,4,101,USA,41.14506162258914,76.99736846540372,90.6625911128209,64.06235791054291,48.305582994432655,30.433837038828756,1.0,50.57400305976853,52.45351877055924,43.158876559428165,73.45557273577765,29.2312123443686,10.799514522117988,94.79923350236857,23.876018721863375,63.253774141245344,62.64068640317316,2.461532887041855,1.0,58.64095210559856,30.63992438136114,85.88946972652013,55.28135202338723,85.07826600534418,68.74074637331933,78.74483379669266,95.64331458828849,68.70258339069414,36.85429734897804,31.065236237279777,28.017660032449186,19.16249926646887,93.90773088061007,45.002837651201844,37.933206440742254
75718,2,32,5,17,22,30,8,101,Canada,93.242592776077,79.42646223603026,35.81736676013651,88.64046967681088,75.896469460812,93.48525340387232,95.24464839547647,78.55865833938594,74.99408138629997,62.034618989035664,83.38855564847916,84.6203993462982,89.26937941052824,29.589779021082336,23.068049447959936,1.0,23.9951441220185,44.24036830069821,97.14333250648781,84.9464681882871,1.0,22.84244017795328,1.0,86.12872371318815,1.0,32.05120225161804,91.24648810278018,59.55017917542108,70.25274126837127,81.08909424315777,96.05692016772161,29.71880108100757,80.63446295056406,14.207986596123675,83.6093633598631
28724,2,20,30,39,3,13,3,101,USA,67.33088911956207,57.708912917791565,81.90890646608625,74.22680595634887,37.13891197395856,95.0737403120877,17.88661623946294,80.61593261626206,93.32160981279628,91.86904674501659,62.34008261658903,85.91201735985874,58.854938377407905,35.40405306078168,70.8620796868185,59.164320907627484,93.27283370785187,45.61140169131329,46.82434645388838,67.04630895707658,65.52574711047504,89.22015442730765,99.62721507935282,70.44701254587068,78.47416633678381,86.01734838160507,55.58203895537741,63.652467915599175,27.932533491727924,44.15565888771181,21.19945721193062,19.16249926646887,65.48158958671098,50.55606614092534,20.866239721879907
82164,2,30,53,54,16,17,10,101,Sweden,39.05845551951177,79.42646223603026,24.31408163404953,1.0,39.96934393210995,10.636437729519969,95.24464839547647,20.059795162356977,1.0,53.76502334688104,21.90870165318364,16.239754440940516,5.441180697799297,84.36304352175205,8.349516175049246,8.194386905717607,39.60153246430622,17.865663527580637,49.99999999999858,17.82700499716219,1.0,56.59402553823344,47.596179817294626,40.06999034374928,24.056666816970278,67.94879774837898,55.302777255909916,84.5933664326293,79.56629049685546,69.1661111306675,38.763436284558,99.54391727273241,80.63446295056406,44.64654924803892,75.85958331893107
317447,2,20,21,40,20,3,9,110,USA,71.03661287024966,67.6991349370075,46.87999385447824,69.25100862044388,48.305582994432655,64.83340781780561,82.11338376053402,23.209212370215027,58.55236278061574,38.93485830207197,9.318528582299422,12.660403857158286,36.79687690902773,31.027056149688406,27.472695189935166,46.65271327404656,1.0,32.751143231381775,28.417645382477644,41.3590478943986,70.30114211772138,61.40485267302421,60.03770236290336,41.86477327317664,68.74074637331933,61.61054636296922,60.60359954468936,53.185121557385685,21.312411814509602,19.249336944454853,35.33576144754812,39.32378978437407,42.62918553286505,34.12556235771552,7.705354041128103
230534,2,17,35,39,11,9,2,106,USA,82.36733891799679,52.57787559748709,76.76487650897081,78.930623981037,53.95060925674363,64.83340781780561,96.78591815813411,18.465253038361,6.052488078137884,64.3925588198357,22.40974990335252,12.660403857158286,13.81572005327331,39.89486403050779,26.559570377995527,34.3314735878171,7.990780209240285,41.253357029240476,22.80601852482937,67.04630895707658,26.016015886155145,38.3564971802312,55.28135202338723,36.162632748775025,17.11734969494421,29.489405286236234,55.58203895537741,58.46198478449537,68.57019616941119,78.53212677802628,76.81782783447204,64.98860679804358,74.02502740042638,39.50535605806317,56.53893235643574
67820,2,25,2,56,10,27,6,101,UK,2.4704184932420645,7.233315213337107,6.533155150032329,30.92981159264579,9.068460239733724,5.030451167629934,30.105722373059507,23.05741018832211,11.211724100645796,62.034618989035664,46.70688036593572,1.0,34.78467417757349,29.589779021082336,41.948427437952034,28.267673322213682,64.46531457556108,34.82904556346739,8.490408007008512,81.45293791536483,40.7639845402021,31.68436572490242,28.966673346581445,17.601766613999473,40.99644796096635,52.615754574771245,55.302777255909916,31.747142483319834,65.7130411782324,51.36864963094524,54.846168774782996,59.414221282929645,68.12570526155298,77.33488278773791,67.23225874558347
104933,2,19,15,54,0,5,3,102,USA,86.32567408980833,76.99736846540372,81.90890646608625,58.71997976386746,59.55017917542108,86.22881786419691,85.83094718467828,55.157851850383736,58.55236278061574,60.225336049293276,38.816119411727584,38.89893101034255,58.854938377407905,62.81128849233477,29.32458390597742,30.390084313250185,25.12726961947294,49.99999999999858,34.352882342751116,37.1121953585116,30.63992438136114,44.384953820740975,36.21588033259451,59.28595610939959,52.73637541912245,33.87469800503456,50.50840487755136,47.87586579427381,50.948985847558845,39.70545999798901,46.873144753778206,71.91948341704608,51.84839431971352,45.002837651201844,56.53893235643574
44010,2,57,54,3,21,23,4,101,USA,12.746532566770725,38.0810749182985,19.084126661954485,25.710640422264248,34.81530240400832,5.030451167629934,25.80553116473422,13.667381739766483,15.669449792360979,29.2312123443686,46.70688036593572,30.92981159264579,38.93485830207197,1.0,34.30122259976932,24.3543369865842,4.318512411588301,21.773925274910596,38.04138284016847,69.59000458286471,91.03705908413644,70.14729967836013,10.037438942349667,81.41475722390544,70.54709916894535,72.76718201217892,98.19288490993267,42.68003802225007,68.45559574912659,84.60948438918092,20.33982698209911,26.28545322050678,95.65775474633347,85.08412333851334,79.86341080358977
291301,1,33,3,46,18,2,8,109,USA,70.32580384348853,91.35510392462345,38.067298615952495,47.87586579427381,56.4544420238056,39.96934393210995,89.41168157878826,66.69139207970102,51.87270511600434,40.92026450019563,69.75039977186134,79.05269259105376,73.30402866692373,57.77181115832951,19.861051247810593,24.3543369865842,44.299389968876426,7.341158704576031,23.934694948060837,46.256957089828006,23.78808931319972,43.7573217524037,24.859259813697662,70.5644345908944,35.72345774980255,31.333377765149464,91.93618207072097,19.60253669358994,64.69916798876704,73.19020655694652,49.99999999999858,40.608585512881746,77.5637764425644,63.96838866723374,70.59207196494458
154261,1,38,11,40,17,18,2,103,USA,61.414726611286994,75.31460959442984,48.4301341302492,37.376126900058125,81.1885734906025,88.24351183291469,18.145762469524954,16.673556631482512,64.18263323986054,1.0,69.75039977186134,48.9377169468961,17.445521498293687,9.951262556788066,61.29105102038267,36.531263140029694,39.95646936187677,56.62565795263481,4.1425430837941235,99.52784010077323,88.7050654558816,41.17718921370334,37.933206440742254,80.238196328105,41.14506162258914,51.547120780486466,47.42212440251018,11.829477806808967,22.257878287630604,15.10389698892294,7.643847637544525,9.994604431249229,24.042900881524474,97.95626338386808,28.527221823082982
250340,1,24,39,50,14,18,5,107,USA,96.91525090957623,87.9577765080262,97.44911960504214,86.41961753091277,99.61748019396737,91.55657756489688,25.510158467538673,99.0,98.34162882046974,92.59912769456457,98.04461905111657,97.89506570647995,99.37013028369802,90.64706074455307,99.0,99.6739347794877,99.0,99.17618813377487,99.0,93.78554924013008,99.29738347919294,99.0,99.60405501835646,99.52784010077323,99.27044993058041,80.43433057250775,72.45946413723033,99.0,1.0,1.0,1.0,12.362471450670682,1.0,1.0,2.7619831213292656
31879,2,23,53,21,10,23,3,101,Netherlands,85.75667542318718,86.77776916771938,54.36555360329919,97.32139648326427,84.49314686490402,66.01067157866157,48.576617450646324,10.455981611458071,7.391972611249315,53.76502334688104,2.125121370446294,25.710640422264248,43.158876559428165,1.0,93.83316744554895,58.313084197575165,93.72983996355435,67.90892130832316,56.018839058953176,99.0,80.01509013648229,21.652703151403728,57.1914253817464,1.0,70.54709916894535,32.05120225161804,15.903862568815157,42.68003802225007,79.56629049685546,69.1661111306675,77.63595327780763,59.414221282929645,54.26599085816497,94.13055647783642,83.6093633598631
137375,2,45,25,30,0,9,10,102,USA,33.927915451124136,28.966673346581445,29.92105452901481,36.380627243456786,66.19844583264802,26.468749470533226,48.576617450646324,35.0423946983492,20.67268965707339,45.40024373105052,27.66999246277524,30.92981159264579,47.4283312062351,53.41024752405781,50.89809893137357,53.95060925674363,72.29494873939228,39.49062956608225,38.04138284016847,69.59000458286471,21.69202253471761,41.179729089046816,61.91892508169872,34.02330933641292,24.056666816970278,37.050328652931285,44.69722274408724,59.55017917542108,41.81308801902122,64.85190053121335,31.027056149688406,40.585778717067456,40.094517212998085,17.875995259367897,75.85958331893107
86738,2,19,31,31,15,14,11,101,USA,59.639296795105906,85.20819150822626,59.316179143202476,87.28581834787838,21.671423710050647,21.55810182641281,59.82779962352896,57.43724019145628,46.32138626874536,47.4283312062351,44.67079951304356,38.89893101034255,97.77679069619751,35.40405306078168,67.07210642938304,71.1524166859918,62.64068640317316,63.04358033960449,53.17565354610883,58.64095210559856,65.52574711047504,46.82216652462898,40.90811813974602,11.657982565176184,63.53406225256617,74.72943511559401,40.39427439640821,53.185121557385685,74.61390353739296,78.53212677802628,50.78214475861802,68.50084497134463,56.4544420238056,95.52741118509812,78.35350300402342
24759,1,21,10,10,10,3,3,101,Australia,52.1400963820322,44.08104661749974,58.85493837740813,42.58820505516337,56.4544420238056,29.81782479991668,72.13117650841292,22.266214105837975,33.4297325768986,32.114260191230755,33.70576361322108,8.138245840943256,36.18273462646164,33.69777385863253,62.378035374928515,49.56063603396092,44.299389968876426,37.77526335357368,52.371791064982006,95.93501744805155,63.080058676461306,26.375694242845015,24.859259813697662,27.409635915245588,25.42533077083897,41.27219492504753,57.708912917791565,28.6562827261815,36.54113986193403,30.050868353950648,27.76615118607495,33.57488279193916,55.608646060651324,54.38260045296113,42.33245874030621
316825,2,18,54,25,7,26,8,110,Philippines,32.16868321419213,57.708912917791565,23.23512349102603,26.74848719592285,26.569667184096602,35.16659218219144,54.935651382447816,58.57189268800664,46.32138626874536,68.46322926279544,62.34008261658903,33.98932842133539,63.20312309096943,58.284910629285946,33.12031365087046,63.253774141245344,35.863114210481,36.95641966039261,53.17565354610883,14.517122006183115,26.016015886155145,87.6001464463186,69.25788961302214,85.07826600534418,58.17956328876022,61.61054636296922,98.86480877159147,82.4708482798892,61.29976780711871,66.39018662627882,69.83155565887887,61.40112178490722,56.4544420238056,45.002837651201844,61.15337443158933
234984,1,27,18,0,15,6,6,106,India,77.45020261383843,44.08104661749974,95.45650955974043,93.03225210487653,51.07837601973398,34.81530240400832,72.13117650841292,61.123656849378676,17.11734969494421,54.556975949327466,98.04461905111657,93.58662019346582,40.31097559507873,33.69777385863253,23.603743361316646,28.267673322213682,16.444064482690663,7.341158704576031,23.934694948060837,46.256957089828006,72.61901380720087,99.47873675669382,99.59849265294349,94.77909849696766,96.21941950767757,71.5236105989706,76.99736846540372,90.19094369537027,75.69012994028208,69.12364029909389,42.373390311879234,78.80054278806642,95.93501744805155,35.09415280946621,89.66055077540534
304550,2,19,22,12,13,24,1,110,USA,28.47814346475522,27.54053586276666,23.23512349102603,6.717827368524226,17.11734969494421,64.83340781780561,73.80819408488429,54.01420609753404,23.124395931777997,79.81194919210759,50.593135699815036,16.339178535837107,63.20312309096943,71.52971542119849,9.431514778268621,26.575607003584423,25.12726961947294,20.99081604949606,1.0,14.517122006183115,40.39427439640821,74.0165664377023,88.73208054235283,70.44701254587068,31.25925362667769,74.72943511559401,50.50840487755136,78.16576113284259,27.932533491727924,15.74762055341634,24.53529762125993,32.194701977513006,51.84839431971352,61.58199982530522,33.429732576898715
89421,2,15,50,39,20,8,0,102,USA,59.639296795105906,67.6991349370075,59.316179143202476,13.476621430397245,65.03935511670318,92.5639835257391,35.36705841812295,58.57189268800664,70.31730040788568,47.4283312062351,38.816119411727584,68.88674933652726,49.99999999999858,62.81128849233477,63.17851639771209,59.164320907627484,25.12726961947294,63.04358033960449,77.19398147516756,74.9804753003109,70.30114211772138,80.2661415173003,91.69327997565881,64.95948197352692,68.74074637331933,52.34060397447763,60.60359954468936,86.41961753091277,43.374342047362404,48.64867122355571,54.686835292814635,19.16249926646887,78.02643791803109,66.9308230275501,24.859259813697662
39805,2,17,45,18,22,12,4,101,New Zealand,85.37232101095174,81.26342017218394,28.773707088354342,58.71997976386746,65.03935511670318,78.44189817358415,99.38828598892815,2.873459066623397,23.124395931777997,1.0,38.816119411727584,6.514746596124311,5.750230951583532,15.368546958100552,47.05274536720049,10.332299672838332,69.9848920385781,63.04358033960449,22.80601852482937,71.08701564560687,45.430036846224084,52.93364831840864,6.227228561319436,8.059019570939455,82.88265030505272,38.38945363702777,90.31994505042348,89.95808132590957,82.51494454378076,62.055254706882295,62.39709853642091,95.44701520521164,78.02643791803109,92.82346852083447,65.67904193769476
235205,1,33,17,11,16,14,6,106,USA,10.670683335549143,11.325256012873183,53.66061046757994,14.33903948472684,16.292451020166226,71.15813214473707,1.0,14.104550358581406,64.18263323986054,32.114260191230755,57.946348166777,1.0,1.0,38.39571010362192,9.454964255860347,10.870300553545434,16.444064482690663,10.121619831216094,1.0,50.93650051561667,42.903871202689004,75.23686499596874,78.35350300402342,75.54997385039337,57.75674281970055,80.43433057250775,81.26342017218394,23.9951441220185,73.25404655504099,51.77910640573515,68.71325377084054,87.13938827304457,64.78278589337833,81.35350509583145,47.11585655441377
241810,2,17,27,43,15,17,10,106,USA,16.20410265008948,23.002631534593064,40.6838208567944,31.77158528160487,53.95060925674363,17.505856384176695,5.27852589402211,69.60365368304599,46.32138626874536,86.3743755446095,27.610421178598017,73.53125052946376,36.79687690902773,92.4495495106745,14.160937607086822,16.158046790869236,28.593976969392457,28.66808138882041,77.19398147516756,6.400121260663951,2.7946545841539177,25.766528098552413,50.48092431787023,20.37248554819024,21.525833663213177,47.65939602551936,40.39427439640821,14.33903948472684,88.0302838412423,82.18204355948444,76.81782783447204,81.43027151090689,85.31080770811991,97.60574978768477,70.07894547098226
64634,2,48,4,31,21,18,6,101,Canada,2.4704184932420645,1.0,24.31408163404953,12.124301089074606,34.81530240400832,1.0,43.8453517351694,66.77885409341093,15.669449792360979,89.9307629908659,27.66999246277524,53.441633783084455,83.21243289066717,67.68583273799294,55.37945922398609,49.56063603396092,72.29494873939228,30.29568662558205,49.99999999999858,60.87159425496816,56.175137629626704,77.63595327780763,86.77776916771938,70.65410972728665,53.01436083935573,81.65516168436488,84.09613743118166,21.671423710050647,36.14275152406924,33.40694941671984,27.318507249333862,16.82603599576234,87.70991929816626,44.64654924803892,39.164121453558494
249072,1,27,16,37,10,9,3,107,Russian Fed,85.87363839609088,79.88105043362498,86.36991465860137,95.58814230780956,45.69101423380141,75.896469460812,55.263629249518715,81.89134079507176,80.9158733380425,86.90681568138461,57.946348166777,64.67544802501914,77.01311750261641,71.7487486783483,69.80205092731984,40.8204093289915,70.12165053195866,96.60969415338707,46.4438168710891,69.21080137353118,47.9668538851372,33.592570980842254,74.31609562768182,54.44332608373185,46.66577108930471,22.12609129554656,11.217745275809932,28.6562827261815,55.69045208016746,69.12364029909389,78.89148812638973,51.45242388555505,46.256957089828006,39.82652432314637,32.99807104191294
262701,2,20,56,57,22,10,1,108,USA,27.275013565319853,47.42212440251018,28.773707088354342,47.810544909075986,59.55017917542108,10.39944639469067,21.90870165318364,8.182238780470414,34.29014070741786,23.061104035291663,22.40974990335252,9.369813365583099,10.799514522117988,12.09412374001377,55.17743737936871,74.90872601174459,66.35762173414804,28.66808138882041,22.80601852482937,62.88780464148539,55.58203895537741,44.384953820740975,69.25788961302214,11.657982565176184,58.17956328876022,57.003317221551015,21.62407111251096,58.46198478449537,61.29976780711871,70.60326489133035,54.686835292814635,39.32378978437407,42.62918553286505,97.60574978768477,61.15337443158933
204608,2,23,30,54,16,27,6,104,USA,11.845142514417375,13.22223083227749,14.318868199443983,16.239754440940516,20.508511603777947,40.894584213473934,34.571415401094725,87.65907828126547,89.6062228543542,87.17481078845185,53.29311963406161,88.64046967681088,79.81194919210759,63.026088336460134,87.08073037137069,78.64360704103217,93.72983996355435,80.6034086023285,61.958617159828464,73.74048971379887,66.23505277541807,14.997867088827974,52.403820182702646,22.701518884824225,46.98563916064137,42.17855658104003,1.0,9.301460576598942,35.21233008586836,51.36864963094524,62.811288492334825,22.97917678602758,22.510403978694114,35.09415280946621,43.8453517351694
307134,2,19,38,24,18,2,3,110,USA,54.37716204920969,62.7658086140799,28.773707088354342,53.28300011763815,31.747142483319834,49.99999999999858,82.11338376053402,18.465253038361,40.23918650456716,47.4283312062351,3.4351090716735797,43.91268057637768,36.79687690902773,2.6242539865913415,57.19687017772776,46.65271327404656,66.35762173414804,49.99999999999858,17.610461799128302,78.69723851442359,60.60359954468936,19.535534838971927,64.70990500369106,5.0609644424642255,21.525833663213177,29.489405286236234,26.016015886155145,22.733263538806,72.06746650826909,85.57837300622441,46.873144753778206,28.75587535527049,61.01069607724554,95.52741118509812,96.31194226343769
92635,2,19,8,27,23,26,0,102,USA,86.32567408980833,88.78225472418683,18.091093533910794,64.06235791054291,88.55650798049987,95.0737403120877,78.09129834681312,75.79975471109776,64.53469706952234,38.93485830207197,87.62929142411929,43.91268057637768,91.89955310846108,79.56525799826431,22.137290430315318,16.158046790869236,10.306438846305383,54.388598308683754,22.80601852482937,6.400121260663951,83.27341643809916,71.81880881872138,96.36147742788762,95.46024241407576,47.263624580874534,78.74483379669266,1.0,68.70258339069414,1.0,1.0,9.752262657503962,3.351347693632576,17.47546846224384,23.966802620214708,7.705354041128103
263824,1,22,30,1,11,25,1,108,USA,1.0,19.243841141222532,1.0,4.878981883811036,16.292451020166226,1.0,42.12105509488873,48.49807485961452,70.07894547098209,49.99999999999858,57.946348166777,43.64141819818519,69.4387851150434,9.951262556788066,39.14519931178552,53.95060925674363,35.683822142085546,3.042668936525601,95.34962570683183,69.21080137353118,11.969716158754522,46.35277685339031,42.532852754387704,70.5644345908944,41.14506162258914,61.76273333671213,57.708912917791565,15.530101051614082,61.13445390198012,73.19020655694652,78.89148812638973,47.82170921200657,55.608646060651324,14.207986596123675,79.02888421023272
246135,2,19,34,29,8,16,1,107,UK,57.01717111178317,23.002631534593064,71.22629291164247,26.74848719592285,75.42677453203078,44.99504097618501,85.83094718467828,72.75198467547102,70.31730040788568,72.40894963476512,38.816119411727584,77.94852195433975,32.54383356563801,94.79923350236857,43.004639093248215,55.01669969009657,51.16041356852554,36.95641966039261,22.80601852482937,25.019524699686087,74.88244503141595,51.71187910348294,15.299157425058581,70.44701254587068,58.17956328876022,61.61054636296922,70.30114211772138,37.376126900058125,25.386096462603973,7.01428938131528,54.686835292814635,22.221421111983574,88.5226331939582,7.786941691750158,20.866239721879907
18173,1,18,57,14,14,18,2,101,USA,60.318121560898874,67.45616643435892,73.07624464740519,97.77679069619751,35.18913289854396,27.678385686496995,30.46290046715066,76.58243704859956,54.44332608373202,82.1637096865611,82.88265030505272,48.9377169468961,74.77065778176427,65.10699556121563,30.11342325389225,41.583891888387654,17.427024341040777,22.58667220257354,8.465409395080087,29.07001713775793,91.13614225019523,99.43772797277654,47.65939602551936,99.6465849650117,99.01814618675814,99.52784010077323,82.10246121464888,99.08750835473393,47.65659475608288,64.1514006211413,63.565929724145064,3.4058557754059677,67.00192895808408,39.50535605806317,76.40694272791006
234948,2,20,16,17,20,4,6,106,USA,92.96148957234846,88.78225472418683,46.87999385447824,83.30333675728741,70.35319944682698,89.60055360530589,94.72147410597472,49.425996940228515,70.31730040788568,5.441180697799297,73.45557273577765,48.983237584427684,54.44332608373179,67.23807905407995,36.035639670424416,22.914481651507117,5.939946185458581,41.253357029240476,34.352882342751116,74.9804753003109,74.88244503141595,76.16055538599448,1.0,70.44701254587068,90.48753652855896,86.01734838160507,97.54046586676623,89.95808132590957,34.11849544706982,26.941078206479716,42.9813826315102,28.75587535527049,61.01069607724554,72.08762914155761,17.11734969494421
200839,2,49,27,27,17,11,4,104,UK,17.63266108200014,1.0,24.31408163404953,75.29940096995824,16.304651131737984,51.01676241556953,30.105722373059507,19.092537080780062,1.0,33.13730422869742,78.09129834681323,47.70466906821406,1.0,48.53763055243792,17.55264221674682,45.17371817583938,35.53468542443608,49.03819143458776,26.715253344971444,14.388220962407416,1.0,82.22665393007685,16.747620550392412,93.78554924013008,85.58941731904213,42.17855658104003,94.11982515853401,92.01962974840148,95.28414707501008,60.42477581553817,74.12755151230016,99.66856934083444,90.75306645260173,99.0,67.23225874558347
113212,1,47,40,19,10,18,4,102,USA,42.797828385883236,15.084048449017757,73.70462543469392,68.70258339069414,20.561530401874762,25.0308986798388,68.07622402073508,75.1460682652679,45.63444639669791,89.92405368224854,85.18869867852766,83.29083516369599,80.53865605787837,16.742576542171378,33.75879720397759,13.85480603215845,35.683822142085546,37.77526335357368,40.56094673416658,50.93650051561667,58.10228715703602,43.7573217524037,7.705354041128103,84.56716102782389,41.14506162258914,66.72472775425962,52.57787559748709,33.53431189536067,68.19126810078166,34.23160425600963,75.63332256004708,47.82170921200657,88.28075826138559,59.21514729374104,79.02888421023272
177373,2,18,45,25,3,2,9,103,Finland,19.31840955205132,18.736579827812932,59.316179143202476,9.848895463132322,31.747142483319834,55.004959023812035,10.799514522117988,30.396346316950968,1.0,64.3925588198357,33.104268824151234,20.35879786660678,45.5566739162652,49.0756605725677,1.0,1.0,7.990780209240285,4.069749353999896,5.444812706922107,37.1121953585116,7.322719933806454,16.647764343864708,1.0,11.657982565176184,2.0222274770733293,89.20048547787871,70.30114211772138,18.363391319755294,34.11849544706982,35.331007974480485,3.761168068730271,64.98860679804358,81.80022031836984,19.311718575472838,42.532852754387704
18080,1,20,19,14,2,18,2,101,USA,40.179112771535245,92.04776774279742,15.955181956297508,97.77679069619751,3.1465489421878914,32.307703355288595,18.86528799783011,27.29597326525206,54.44332608373202,25.56560193899287,16.19559232062153,69.69101146171175,27.610421178598017,18.275839093136597,25.40812049398778,3.9595162485978506,14.425288475719015,68.80982296798709,52.54107759706261,25.12307179085471,47.494685031003655,34.838911893208206,42.99668277844631,25.968848382253157,58.05661555062329,48.968503766757806,13.416927768190646,54.3751261218614,99.0,99.0,97.33520334249431,97.41203955043102,99.43187128494719,89.55586279109923,98.98509292623419
8618,2,29,8,1,0,20,1,101,Australia,99.2264253842369,89.9625610576469,66.57026742309836,75.29940096995824,98.33210374463852,75.32807768554233,99.0,20.059795162356977,89.6062228543542,1.9493102434503982,33.7921982229756,20.791244461849743,43.158876559428165,10.256330377787322,64.19211525347072,66.8333246469353,35.53468542443608,39.49062956608225,21.487023866808073,84.9464681882871,96.19374149497719,60.755110706404594,52.403820182702646,8.962940915860088,75.94333318302654,81.65516168436488,55.302777255909916,65.03935511670318,16.597775609720713,1.0,11.325256012873183,16.82603599576234,49.525487831820726,85.08412333851334,17.855609388338962
158286,1,42,47,12,6,17,3,103,New Zealand,27.477524384954393,87.9577765080262,53.66061046757994,53.185121557385685,1.0,45.2259618242183,8.962940915860088,1.0,17.11734969494421,23.85571826394252,1.0,74.50142217039121,1.0,1.0,1.0,1.0,10.309452760825593,1.0,84.67710944081546,9.911413245848223,1.0,64.41370462429472,42.532852754387704,1.0,41.14506162258914,71.5236105989706,99.0,69.4156405997457,99.0,98.92759189402409,96.04631989948655,99.0,81.41475722390544,94.13055647783642,99.0
231888,1,28,41,18,23,5,3,106,USA,95.3063508614423,84.11426570792503,92.91134497975429,73.55834364977648,66.94677104914928,55.830976460441036,99.52784010077323,62.25020804081413,70.07894547098209,40.92026450019563,75.28209110360444,48.9377169468961,52.964175030515435,71.7487486783483,60.19896459797957,93.70362584385214,53.073836758051584,42.433977689944925,2.0484137323826275,41.60700518705539,94.49472941362046,99.13043118096198,94.2497690484131,54.44332608373185,98.0979983975011,88.09947126256975,96.78591815813411,90.19094369537027,7.795776865804058,9.139987713136179,15.09685281157391,4.2642639367628306,9.911413245848223,44.64654924803892,20.178564309796258
120426,1,25,1,52,2,9,6,102,USA,54.809833445474396,49.46078375067634,78.23795352732941,14.33903948472684,25.158187457547825,75.896469460812,72.13117650841292,20.33982698209897,2.7734238101172366,32.114260191230755,22.60077033503822,11.404612333522465,24.450026149603673,76.07937539063823,1.0,8.194386905717607,16.444064482690663,1.0,34.79835408249858,16.400122364874676,1.0,59.33643675927584,33.429732576898715,70.5644345908944,16.266918122059394,76.10995412150169,91.93618207072097,43.73447948589535,77.27375105117778,51.77910640573515,49.99999999999858,87.13938827304457,95.93501744805155,59.21514729374104,74.91866798595385
18836,2,19,31,1,4,20,2,101,USA,41.14506162258914,47.42212440251018,34.61916573918188,47.810544909075986,1.7823386851823528,69.5661629611684,69.30757411611546,34.725113656176006,3.3657144731954673,64.3925588198357,56.50795454375839,59.105415786523,32.54383356563801,22.756772076691846,82.17095238376044,85.0883262902704,98.92801486256485,71.33191861117649,65.64711765724587,58.64095210559856,40.39427439640821,50.489187386854496,73.64158585816887,25.344952235595855,31.25925362667769,47.65939602551936,50.50840487755136,68.70258339069414,77.89132587760332,82.18204355948444,91.19146308714903,86.96632865979723,38.087158236754135,45.002837651201844,78.35350300402342
47866,1,37,51,31,5,3,5,101,UK,58.78898860539044,3.019669333842657,82.47693013887124,53.185121557385685,81.1885734906025,61.07139808454821,59.61189674467573,89.34878005453697,51.87270511600434,79.98271330943305,92.9981312727466,64.67544802501914,92.25739618974785,87.50184206961114,90.13409891106937,85.51395057332343,97.0995258424665,70.33237939477914,99.05677446863729,64.78278589337833,47.9668538851372,87.53599401349629,82.15417819623713,75.54997385039337,73.58796746462082,80.43433057250775,76.99736846540372,69.4156405997457,34.771949704398196,60.60359954468936,27.76615118607495,40.608585512881746,37.023634211068725,14.207986596123675,51.923296568158094
269791,2,23,26,40,16,16,5,108,USA,1.0,1.0,1.0,36.380627243456786,20.508511603777947,10.636437729519969,30.105722373059507,42.02922709697276,15.669449792360979,62.034618989035664,53.29311963406161,41.99495664515888,47.4283312062351,38.87170207648552,33.23363959699367,24.3543369865842,31.560378358973026,44.24036830069821,67.74027334454553,17.82700499716219,56.175137629626704,19.338302160044748,42.80857461825059,8.962940915860088,35.1258481984101,32.05120225161804,29.328766576388233,26.569667184096602,84.85335152946777,77.31892438549448,62.811288492334825,77.02082321396949,72.49671585319584,81.35350509583145,95.24464839547647
148399,2,23,36,23,13,8,1,103,USA,99.0041819656152,95.15007002202924,87.43748015944948,88.64046967681088,94.37835650084708,83.66082146415988,83.6093633598631,15.399601452388225,31.945871788203334,33.13730422869742,33.7921982229756,25.710640422264248,10.186151472267312,17.11734969494421,37.545361696160626,20.62737789529018,23.9951441220185,30.29568662558205,38.04138284016847,65.28896729696976,75.662292729603,64.84671107983638,61.91892508169872,28.20459265453337,80.98379288575211,14.378524128681903,84.09613743118166,84.5933664326293,78.76603322327935,81.08909424315777,92.12810100291642,66.74032908262433,63.60458836831259,54.38260045296113,71.63636970116852
73345,2,25,36,52,10,5,8,101,Australia,71.52185653524157,57.1914253817464,82.88265030505261,41.99495664515888,94.37835650084708,70.76878765562856,34.571415401094725,86.83637902208864,89.6062228543542,73.79784262959129,53.29311963406161,95.05909897483161,98.74639590052823,29.589779021082336,96.77219461380707,91.29658428621372,95.68148758840823,76.59096398990584,67.74027334454553,93.5656869093541,87.75190106309344,64.84671107983638,75.34008785972469,70.65410972728665,89.68114552481791,57.8214434189569,15.903862568815157,48.305582994432655,6.576142251006971,2.1550420242131025,11.325256012873183,19.819521227727023,11.652815607254041,30.49117442662336,21.709330571400272
156561,1,20,52,9,5,4,3,103,UK,8.713512629345246,46.8616625569893,6.255016295992704,44.25442868298546,15.84780352374321,8.569488235891527,12.26995716200264,34.10917052819016,18.61184945230545,34.077385217651084,55.419208390362996,38.409904521478666,57.97667528380009,26.632797507014317,68.72579499754693,67.87501701242121,83.79928255838342,26.78824878547178,46.19023280498891,71.73232667778342,76.31086354020897,62.46359749636002,66.12530199496246,46.284843661040384,47.30504833157312,82.48283497451916,69.10030500257426,32.80222031111842,66.54898178646721,45.84458055273865,67.65818245209357,56.942775957652316,48.07670343183918,89.55586279109923,66.11822851590068
67565,1,20,24,21,19,26,6,101,Finland,86.70950667957402,62.44180605288369,73.07624464740519,83.28485890970524,51.6679506587941,84.02866242798461,90.59164364262006,2.4991970312345586,29.581762687260635,3.8035866313085904,20.98463817665521,1.0,5.3248407799938775,35.84241749170508,26.330833489859913,11.08738714724376,38.88776370935125,40.434807185092495,1.0,33.16667535306172,87.96288850524809,69.71386132287404,57.003317221551015,62.10760514616891,41.943384449373866,59.236015459794885,54.50575608986287,96.71870695339089,30.055794302650497,20.05599443630564,26.05410933084437,45.36397585546422,57.667541259690836,28.925397546363968,32.81043085041472
262788,1,21,45,51,14,11,1,108,USA,42.797828385883236,54.846168774782996,48.4301341302492,22.733263538806,56.4544420238056,34.81530240400832,55.263629249518715,50.808806724323006,51.87270511600434,49.99999999999858,45.709546168848874,54.24481320760782,65.44478241121891,33.69777385863253,96.79952601924197,91.29658428621372,98.41152470551742,61.29976780711877,52.371791064982006,98.84315228214336,94.49472941362046,37.34968608702212,47.19168211406509,13.81572005327331,68.50084497134463,56.687055095672974,57.708912917791565,11.829477806808967,9.970067806028538,11.969716158754522,2.5527077541662067,9.994604431249229,32.54383356563801,39.82652432314637,24.240696134801567
87544,2,28,8,21,22,19,11,101,USA,54.90627060670437,79.42646223603026,87.43748015944948,70.13473438320716,25.0308986798388,56.08731942361942,11.02956043416009,75.49790620465603,69.241915284083,53.76502334688104,78.09129834681323,75.29940096995824,68.46322926279544,72.19114017691345,69.50454375992024,88.55650798049987,68.43962164102402,53.844028635023164,56.018839058953176,33.840423460596384,75.662292729603,83.3149210976419,66.54624894983101,76.22732636636681,80.98379288575211,85.62147587131506,55.302777255909916,70.35319944682698,37.077897318682915,73.33319121504621,31.027056149688406,22.97917678602758,58.97185396875591,26.059328894242867,39.164121453558494
213075,1,18,10,59,15,14,1,105,USA,64.0135400967871,41.661395976928816,73.07624464740519,79.11094946766809,73.09049750610438,42.010938364274864,47.7763548462533,81.6394993958528,83.37058464759491,52.31022614794256,78.00663739513197,83.29083516369599,66.6146913372175,78.50597053818706,73.48346135784976,75.93679350049774,66.51034893630327,54.802631573815574,86.63338107695051,25.12307179085471,96.14431399454031,94.7938677730906,86.01734838160507,62.10760514616891,86.47075137508511,95.32690056262697,73.67177934677,91.46644177191081,56.165935936296535,76.84829742141653,63.565929724145064,34.010380936226,71.47277817691389,23.966802620214708,55.07623775225028
67824,1,20,44,5,11,27,6,101,USA,38.93784183262085,72.29494873939228,24.228751316149385,1.9201191433458717,24.93622284681038,66.74538267752837,73.58796746462082,54.64132081412748,41.772148309260274,70.25853193165136,55.419208390362996,38.409904521478666,40.269335632185744,69.76618448027108,16.797176158561513,28.82365187556678,31.23053179269928,11.584755762994718,33.74743130294135,17.800534288700106,23.689136459787903,69.71386132287404,66.12530199496246,88.94283652011359,31.530690686149,86.32158378821839,54.50575608986287,43.44677096715941,25.243409940853894,28.04992374818403,18.801049858689595,23.44500415731204,57.667541259690836,28.925397546363968,38.2372666632848
126870,2,29,1,42,15,30,7,102,USA,26.560248486689005,1.0,41.91533974070052,20.791244461849743,55.830976460441036,51.01676241556953,58.035300002071665,43.21166675331921,63.20312309096943,53.76502334688104,46.70688036593572,36.380627243456786,30.736721929339495,43.67753549670533,84.66602417273975,91.29658428621372,91.44769243010387,58.61780956927589,38.04138284016847,73.74048971379887,80.01509013648229,46.766679265890104,75.34008785972469,70.65410972728665,46.98563916064137,22.64681647225015,44.69722274408724,26.569667184096602,21.23396677671755,29.147485055433123,66.6913920797009,11.41577431146905,2.259118008828409,49.51248786451873,25.80553116473422
197248,2,16,52,54,21,1,3,104,USA,92.23623393450646,81.26342017218394,90.6625911128209,78.930623981037,21.671423710050647,78.44189817358415,99.0,10.251379017013392,34.29014070741786,64.3925588198357,1.0,16.339178535837107,10.799514522117988,22.756772076691846,64.16030247123393,63.253774141245344,83.18027635575788,41.253357029240476,53.17565354610883,82.20785588117974,26.016015886155145,61.40485267302421,64.70990500369106,2.735353830436466,86.90681568138461,21.255166203304185,86.98840586106246,86.41961753091277,99.17618813377487,91.4785362151789,96.83349055384474,98.0979983975011,74.02502740042638,99.0,88.89737441320062
314680,1,56,31,56,18,27,7,110,USA,99.07086199309595,79.88105043362498,89.86526647580195,89.95808132590957,81.1885734906025,84.49314686490402,97.80975799672922,87.03652229280965,93.46684484996422,32.114260191230755,69.75039977186134,97.89506570647995,94.45424987920364,67.22611925578326,82.27597600979277,82.19946571129663,39.95646936187677,56.62565795263481,99.05677446863729,64.78278589337833,91.82712720281188,81.76278994088227,96.31194226343769,70.5644345908944,63.20312309096943,80.43433057250775,27.54053586276666,78.67594907520959,1.0,22.158760642680534,3.9536801005100273,7.84411282770229,9.911413245848223,1.0,6.975382297096161
88806,1,19,34,40,2,30,11,101,USA,62.788954456931606,57.30350820568515,63.571847377224856,39.08901951515952,62.664152664995186,52.004524179074735,73.58796746462082,22.99808506465837,6.063415838708025,52.31022614794256,31.693301589254332,23.643949523418712,53.556183128907946,14.525865828672977,27.26312618316956,24.838748627111585,27.556236074571927,18.625517616042572,33.74743130294135,54.82628182415766,37.5868434385456,73.19020655694652,38.38945363702777,67.20549961186697,52.69495166842427,69.14764735755358,98.42992568877492,54.3751261218614,68.55691022365716,55.07623775225022,59.38280421729479,64.50905892624388,75.75930386519542,56.10310053102842,71.38921400774188
141449,2,26,8,50,2,3,11,102,Puerto Rico,99.36348833135548,92.76668478665965,87.43748015944948,84.6203993462982,99.35609693247204,70.76878765562856,99.0,1.0,15.669449792360979,7.144839700381453,2.125121370446294,53.441633783084455,13.024359851372537,1.0,97.88525390503764,78.64360704103217,97.27619531197854,90.8455915333858,38.04138284016847,99.0,84.06143549742728,25.281973959838382,24.65991214027227,17.601766613999473,85.58941731904213,47.38424542522603,20.072901064652967,12.97238277253956,47.58312472517491,69.1661111306675,14.104550358581292,73.71454677949026,11.652815607254041,63.96838866723374,67.23225874558347
171287,2,43,22,8,2,8,7,103,USA,10.970999308753136,83.25237944960452,14.318868199443983,47.70466906821406,1.0,31.1132506634697,5.635294664448608,66.77885409341093,26.128983665461305,94.55163964211795,72.33000753722172,16.239754440940516,79.81194919210759,53.41024752405781,49.77546507255187,98.62100556219502,35.53468542443608,10.954729552571052,73.28474665502551,5.974300634468989,75.662292729603,84.37741973382447,75.34008785972469,70.65410972728665,89.68114552481791,37.050328652931285,91.24648810278018,70.35319944682698,86.25299947464043,84.60948438918092,62.811288492334825,97.83343767738234,84.3242218657266,30.49117442662336,92.91508350555785
135846,2,37,29,20,17,29,9,102,Saudi Arabi,71.52185653524157,47.596179817294626,60.5424373119057,75.29940096995824,84.49314686490402,26.468749470533226,87.05895219246986,38.50902824656691,44.29159025946308,53.76502334688104,16.61144435151772,30.92981159264579,43.158876559428165,53.41024752405781,52.02032500607646,49.56063603396092,47.90708649651623,76.59096398990584,32.25972665545132,47.263624580874534,51.03149623323941,38.42014413139253,57.1914253817464,28.20459265453337,59.00355203903064,52.615754574771245,15.903862568815157,42.68003802225007,33.36696354944115,21.14522395556716,46.766679265890104,36.88851327944508,58.97185396875591,26.059328894242867,39.164121453558494
91331,2,22,7,9,22,19,0,102,Algeria,85.75667542318718,89.9625610576469,29.92105452901481,64.72479717011902,80.35947022086873,83.66082146415988,83.6093633598631,24.08651686623992,20.67268965707339,41.24825991472602,7.821504501229896,53.441633783084455,60.225336049293276,4.9480286306779675,92.657211633585,82.19946571129663,88.86148498074533,84.34337495220132,49.99999999999858,98.67430310792042,71.05247102613345,31.68436572490242,61.91892508169872,40.06999034374928,46.98563916064137,18.344838315632046,15.903862568815157,48.305582994432655,79.56629049685546,64.85190053121335,87.03652229280976,80.1804787722698,30.986852474538694,96.29176126262075,67.23225874558347
263119,2,20,11,21,7,14,1,108,UK,12.382760911786676,5.379454201511749,23.23512349102603,21.98554323401359,26.569667184096602,10.39944639469067,59.82779962352896,79.68158446455334,58.55236278061574,91.86904674501659,83.3382186311095,48.983237584427684,75.54997385039349,62.81128849233477,54.16463444250638,67.25861939826268,83.18027635575788,41.253357029240476,28.417645382477644,41.3590478943986,40.39427439640821,75.09561146057843,73.64158585816887,80.57794121246536,52.73637541912245,99.10539284662502,50.50840487755136,27.39466858187575,56.62565795263481,57.63140255323418,58.5656690031538,28.75587535527049,56.4544420238056,92.82346852083447,56.53893235643574
208581,2,21,21,25,20,1,10,104,USA,18.679817546362983,24.65991214027227,60.5424373119057,20.791244461849743,75.896469460812,1.0,21.709330571400272,37.34671392712494,15.669449792360979,12.252212217087475,59.82779962352896,47.70466906821406,60.225336049293276,58.25364669194022,96.34666770617582,98.62100556219502,98.48752314157696,53.844028635023164,78.51297613318877,81.45293791536483,87.75190106309344,86.42110074567972,61.91892508169872,64.78278589337833,80.98379288575211,97.09728070807125,39.44843304817931,92.01962974840148,11.74975390584791,25.048837768764088,1.7653055393491428,16.82603599576234,22.510403978694114,14.207986596123675,58.035300002071665
80829,2,18,52,47,10,8,10,101,USA,71.03661287024966,81.26342017218394,71.22629291164247,96.3006166334876,37.13891197395856,44.99504097618501,45.06434861754923,82.43748245483914,89.78597966804489,68.46322926279544,91.38663287631312,64.06235791054274,63.20312309096943,71.52971542119849,73.62198054501897,81.9031208065719,62.64068640317316,75.2622122206759,22.80601852482937,49.99999999999858,95.64331458828849,95.7756629095204,97.98833478135418,92.59095325683506,93.5656869093541,82.5198013532862,40.39427439640821,93.03225210487653,32.320286709318424,39.70545999798901,46.873144753778206,32.194701977513006,38.087158236754135,34.12556235771552,37.933206440742254
56430,2,33,30,54,18,27,5,101,USA,25.381412989254983,47.596179817294626,14.318868199443983,3.0754683431158867,34.81530240400832,35.93764208945407,67.23225874558347,16.29519370010948,38.03089399597786,15.219684361003004,33.7921982229756,12.124301089074606,5.441180697799297,63.026088336460134,3.4799245032763224,10.870300553545434,17.11734969494421,25.93062308515377,1.0,42.72307250299582,1.0,12.987875674422298,4.849929977967491,52.496530987935046,10.31885447517891,32.05120225161804,44.69722274408724,17.11734969494421,57.2302622192401,37.79301445376893,87.03652229280976,55.668082219914254,35.48102721108222,73.06999613385693,39.164121453558494
103041,1,16,54,46,20,28,2,102,USA,77.85995931941602,92.04776774279742,77.51836932816263,64.96770596500653,73.09049750610438,61.925522292421476,43.344921433791455,84.45918926527872,91.89955310846108,82.1637096865611,49.39681158829484,87.16186232831421,82.19086429698166,50.494282940076005,99.67422697788732,94.46438281850646,99.24494121918724,94.01347411184531,96.93919667935336,82.88265030505272,99.06558932209646,70.88539022360703,89.20048547787871,62.10760514616891,95.72179499586821,69.14764735755358,1.0,70.26508838753557,16.464076634248897,50.4621874971607,18.801049858689595,5.020354757222378,13.5601040623105,56.10310053102842,22.625616852424997
94638,2,18,47,31,11,7,1,102,USA,22.620238869462952,32.30086506298957,18.091093533910794,47.810544909075986,31.747142483319834,35.16659218219144,21.90870165318364,75.79975471109776,58.55236278061574,64.3925588198357,73.45557273577765,54.063262499480516,82.88265030505272,75.65063070036763,33.12031365087046,34.3314735878171,39.62383943814069,14.16905281531848,82.38953820086851,28.91298435439026,40.39427439640821,75.09561146057843,45.676489579080624,80.57794121246536,52.73637541912245,66.12530199496246,93.22069447116962,63.652467915599175,44.31686177731541,57.63140255323418,35.33576144754812,46.66577108930471,69.83155565887887,28.925397546363968,47.19168211406509
216085,1,16,44,11,13,14,3,105,Germany,87.58472557510277,67.45616643435892,92.11511920534588,20.028241776119472,93.41133221080338,84.02866242798461,87.73004283799435,91.03705908413644,78.26933715180166,65.92261478234616,67.1714764496063,79.05269259105376,95.8574569162023,89.51662305405421,12.993014428773392,41.583891888387654,4.905895154945483,14.944855358607043,81.89134079507176,2.6036098715410674,15.59598740366792,57.47376918911107,42.99668277844631,72.12523512955323,31.530690686149,73.84643900984258,49.49875553694591,59.797915543157785,14.101077450574905,28.04992374818403,46.57216845740123,20.195682365934147,3.0977328081992397,28.925397546363968,13.76553058318379
202229,1,38,22,59,14,17,5,104,USA,29.921054529014697,33.56443166115514,73.70462543469392,47.87586579427381,20.561530401874762,29.81782479991668,21.7240780700497,63.3708128922724,39.4575626880914,83.58163009082807,75.28209110360444,43.64141819818519,52.964175030515435,57.77181115832951,60.19896459797957,78.64360704103217,81.50662616521129,37.77526335357368,18.98397532185942,41.60700518705539,72.61901380720087,85.70586897669023,82.15417819623713,80.238196328105,63.20312309096943,66.72472775425962,76.99736846540372,78.67594907520959,27.90585924797645,15.10389698892294,53.823398285471114,14.930461868833419,37.023634211068725,30.49117442662336,51.923296568158094
116012,1,17,22,12,5,4,5,102,New Zealand,59.07333792744606,31.560378358973026,58.60425385782702,54.704020423288796,62.664152664995186,27.678385686496995,90.59164364262006,16.09070559696474,18.61184945230545,29.74146806834574,55.419208390362996,3.149557071884857,23.678321390588252,31.15277637369209,43.15141791111546,37.22793729626204,54.791869057443876,14.944855358607043,17.11734969494421,71.73232667778342,67.21963358910307,86.54403128753415,78.74483379669266,81.21427908087765,36.66643893113121,86.32158378821839,94.84447289291893,65.11427827745615,84.01963065501263,64.1514006211413,67.65818245209357,84.63890055985053,75.75930386519542,66.9308230275501,92.64653721661432
99778,2,14,58,49,22,10,2,102,USA,21.500199199095363,23.002631534593064,9.33740888717611,42.36174007540245,26.569667184096602,30.433837038828756,49.99999999999858,85.87673498921583,70.31730040788568,79.81194919210759,78.58858792556782,54.063262499480516,96.21941950767757,71.52971542119849,69.92562595202457,74.90872601174459,76.88702824078518,63.04358033960449,53.17565354610883,62.88780464148539,50.50840487755136,68.43288740399521,73.64158585816887,41.86477327317664,52.73637541912245,82.5198013532862,70.30114211772138,47.87586579427381,19.749754503880382,31.065236237279777,12.286541527247522,32.194701977513006,29.316092305772713,34.12556235771552,33.429732576898715
307274,1,20,43,1,2,4,3,110,Canada,81.99458354121919,81.23921667726131,53.55618312890812,83.28485890970524,40.597419457146316,80.09800138568346,84.56716102782389,43.655914399210815,66.85561577610315,38.53778649358617,67.1714764496063,38.409904521478666,10.233315122673844,69.76618448027108,26.330833489859913,24.838748627111585,17.427024341040777,8.585289161933531,52.54107759706261,46.04939074325358,57.493261250278636,81.79109921420138,13.982651618391913,76.81282413922463,86.47075137508511,92.79304433161644,44.49629171536981,99.66008896765322,70.53381030946093,90.57410162984377,33.9659964500367,30.373205774212465,75.75930386519542,99.46773126332607,43.80047150705559
192780,2,17,16,1,13,19,1,104,USA,13.300094165453658,14.79180849177061,71.22629291164247,78.930623981037,1.0,7.436016474257286,10.799514522117988,49.425996940228515,13.489921776969908,51.71482449908609,50.593135699815036,43.91268057637768,41.14506162258914,86.63338107695051,13.438079854269773,34.3314735878171,18.633839119656102,8.447220859186643,22.80601852482937,21.3027614855734,26.016015886155145,90.74422223118506,69.25788961302214,59.28595610939959,90.48753652855896,89.20048547787871,97.54046586676623,63.652467915599175,94.133750263911,93.91650313720686,73.39148854164074,96.92024754786155,85.31080770811991,85.78653499209838,88.89737441320062
331465,1,18,12,10,11,7,3,111,USA,45.19395969982361,31.560378358973026,63.571847377224856,20.028241776119472,77.93512099923532,52.004524179074735,38.96105870641554,54.64132081412748,66.85561577610315,70.25853193165136,20.98463817665521,69.69101146171175,82.19086429698166,8.10044689153574,86.12872371318815,67.87501701242121,83.79928255838342,59.565192814904435,86.63338107695051,91.80561309427924,76.31086354020897,3.98541320480102,13.982651618391913,1.0,31.530690686149,24.337707270394077,21.13987954689776,14.256562486093657,24.31082836210541,23.948036756942713,42.309529269011875,30.373205774212465,17.11734969494421,45.002837651201844,27.58490170220736
237875,1,26,8,53,23,25,8,106,USA,61.414726611286994,65.40796685857111,73.70462543469392,78.16576113284259,61.76273333671202,88.24351183291469,1.0,89.34878005453697,89.8940151667648,67.88573980876623,98.04461905111657,96.0323757739917,94.45424987920364,20.62241428251221,99.0,99.3903716614094,99.53047507700808,94.59131117331833,99.05677446863729,73.48346135784982,98.27719708682389,71.74550057943685,91.76591663041097,80.238196328105,93.69665425731546,51.547120780486466,3.2140818418625656,64.46531457556091,12.367579483515215,34.23160425600963,7.643847637544525,20.597804832851892,2.9895442538276598,63.96838866723374,6.975382297096161
122929,2,19,55,37,12,26,6,102,Canada,37.24726025607629,57.708912917791565,40.6838208567944,1.0,48.305582994432655,55.004959023812035,64.6329415818742,23.209212370215027,6.052488078137884,26.81939930077658,38.816119411727584,48.983237584427684,36.79687690902773,26.799440190550882,17.195902088512725,7.834533999019911,28.593976969392457,17.457719845957683,17.610461799128302,45.66479924381599,35.44845706311651,31.338346396078265,60.03770236290336,41.86477327317664,6.434313090642604,61.61054636296922,55.58203895537741,4.878981883811036,79.47399736177886,78.53212677802628,66.15957653940058,71.91948341704608,81.80022031836984,72.08762914155761,82.15417819623713
269036,2,21,42,55,16,27,4,108,USA,25.381412989254983,79.42646223603026,35.81736676013651,5.474027310624237,12.47330482372206,51.01676241556953,21.709330571400272,85.12845697231535,80.3671613682983,89.9307629908659,78.09129834681323,41.99495664515888,68.46322926279544,87.83320591397387,29.04588386996008,13.85480603215845,23.9951441220185,44.24036830069821,43.98116094104404,29.566759293785054,66.23505277541807,70.14729967836013,71.03332665341549,70.65410972728665,53.01436083935573,47.38424542522603,84.09613743118166,48.305582994432655,20.433709503141472,37.79301445376893,1.7653055393491428,33.25967091737266,68.12570526155298,17.875995259367897,25.80553116473422
184625,2,19,49,31,17,20,10,103,USA,54.37716204920969,62.7658086140799,71.22629291164247,83.30333675728741,53.95060925674363,10.39944639469067,45.06434861754923,56.29904489696986,23.124395931777997,51.71482449908609,87.62929142411929,48.983237584427684,63.20312309096943,49.0756605725677,45.02498081067944,63.253774141245344,66.35762173414804,41.253357029240476,1.0,37.1121953585116,74.88244503141595,60.207991004079815,22.99667203151691,85.07826600534418,90.48753652855896,42.99668277844631,45.430036846224084,58.46198478449537,40.56094673416669,44.15565888771181,31.624997092283593,50.37071458413487,51.84839431971352,56.10310053102842,37.933206440742254
185522,1,19,42,54,2,27,10,103,India,68.82260167001749,67.45616643435892,58.60425385782702,83.28485890970524,51.6679506587941,23.257757659384367,84.56716102782389,15.178264381649882,9.602088838966921,38.53778649358617,43.382320882034605,15.113676818130472,13.188630176919133,31.15277637369209,52.496530987935046,54.88643771118808,50.79971971025083,35.752386609459336,12.4862614482511,75.6456630134129,71.8673250198251,49.87289693140963,52.34060397447763,41.01418900333107,68.4693093138481,43.82486237037028,39.543731938542976,54.3751261218614,97.212601402514,87.59257177827021,93.71705502640737,89.93644983354056,57.667541259690836,92.82346852083447,99.63901265758363
224375,1,20,16,9,0,2,10,105,USA,21.501384910264363,2.7238046880180633,58.60425385782702,34.03205562984181,51.6679506587941,37.10034335235076,15.432838972172902,40.032066616685654,29.581762687260635,70.25853193165136,49.39681158829484,48.9377169468961,16.43571209969147,45.5566739162652,54.57292510856979,50.444855885907884,54.791869057443876,54.802631573815574,33.74743130294135,71.73232667778342,47.494685031003655,37.2895931688052,29.489405286236234,76.81282413922463,17.535418683808842,54.122030713014226,49.49875553694591,22.914481651507117,65.53447141473231,36.740964169189226,50.857525840515905,64.50905892624388,52.88414344558328,92.82346852083447,71.38921400774188
163811,2,41,23,35,0,29,4,103,USA,53.58268096401116,95.15007002202924,1.0,84.6203993462982,61.07139808454821,45.936737500516585,25.80553116473422,19.092537080780062,20.67268965707339,21.85000045652049,83.38855564847916,36.380627243456786,19.490233876291597,4.9480286306779675,55.37945922398609,66.8333246469353,43.73447948589535,76.59096398990584,32.25972665545132,14.388220962407416,87.75190106309344,26.529765381992576,57.1914253817464,58.701033451356636,14.410582680954661,14.378524128681903,20.072901064652967,48.305582994432655,29.747258731625806,29.147485055433123,62.811288492334825,19.819521227727023,3.947459569359083,59.21514729374104,48.576617450646324
156445,1,41,15,38,13,3,3,103,USA,36.2472869970386,19.243841141222532,63.961477249015104,73.55834364977648,25.158187457547825,20.508511603777947,46.48765477801305,81.89134079507176,70.07894547098209,76.14428173605461,95.9083538786092,33.2971634767795,69.4387851150434,90.64706074455307,10.143987317512995,13.85480603215845,35.683822142085546,33.216619884933806,1.0,41.60700518705539,8.762443248801645,64.41370462429472,24.859259813697662,88.47492695334438,57.75674281970055,66.72472775425962,67.6991349370075,54.18252200787731,42.849202023507075,34.23160425600963,7.643847637544525,65.73375433988832,88.28075826138559,44.64654924803892,32.99807104191294
155973,2,42,18,13,11,31,2,103,USA,54.90627060670437,86.77776916771938,72.36136535016311,8.513015135789828,66.19844583264802,61.101068989654436,25.80553116473422,83.34126072961294,69.241915284083,84.15710265842984,66.20780177702142,59.13772006023231,47.4283312062351,99.5674433049578,82.09625806291285,95.74707900680392,72.29494873939228,53.844028635023164,56.018839058953176,51.824706498066064,93.86748181121254,72.71316945068054,83.25237944960452,76.22732636636681,85.58941731904213,85.62147587131506,15.903862568815157,37.13891197395856,2.493970793953139,14.059962345009183,1.0,9.038096759454817,18.605107809955825,26.059328894242867,5.635294664448608
237264,2,20,18,2,19,13,8,106,USA,4.242564437701432,18.736579827812932,23.23512349102603,31.77158528160487,21.671423710050647,10.39944639469067,1.0,86.69090053401965,64.53469706952234,98.74639590052823,94.53506955940702,64.06235791054274,58.854938377407905,67.23807905407995,38.00614232539431,71.1524166859918,35.863114210481,20.99081604949606,71.58235461751946,11.50714455443594,50.50840487755136,89.99451031627927,77.82092340640315,89.10644890369588,63.53406225256617,94.47557225921162,79.22231631654597,68.70258339069414,21.312411814509602,44.15565888771181,18.03168615767558,8.743747773108822,47.22811985829236,15.022086408344563,56.53893235643574
286620,1,31,55,36,17,24,4,109,Italy,85.87363839609088,96.58529297009034,82.47693013887124,63.652467915599175,56.4544420238056,91.55657756489688,46.48765477801305,92.12810100291642,98.34162882046974,72.10055176954745,80.45593114895769,87.16186232831421,97.77679069619751,48.05036885527579,61.29105102038267,58.313084197575165,70.12165053195866,89.2767172098396,64.06235791054291,60.2364043211619,6.000161967967543,18.650760547166243,17.11734969494421,80.238196328105,46.66577108930471,26.61357931938892,27.54053586276666,1.0,4.581820822164005,6.646425442125121,31.28674622915665,17.681323668604676,7.192308219868849,1.0,16.380896680795246
325032,2,20,40,27,17,23,0,111,USA,39.839017936896994,72.45946413723033,71.22629291164247,42.36174007540245,26.569667184096602,40.03544926577973,14.16905281531848,74.79591321526004,52.45351877055924,79.81194919210759,68.01434649002357,64.06235791054274,67.45616643435892,71.52971542119849,71.79054250810225,63.253774141245344,51.16041356852554,75.2622122206759,53.17565354610883,54.33520075618111,95.64331458828849,50.489187386854496,50.48092431787023,53.49797160417478,68.74074637331933,57.003317221551015,35.44845706311651,37.376126900058125,18.228973002517307,39.70545999798901,15.053531811709632,8.743747773108822,21.19945721193062,39.50535605806317,51.87270511600451
207180,1,48,53,10,11,29,8,104,USA,54.809833445474396,87.9577765080262,28.17955672026264,78.16576113284259,45.69101423380141,75.896469460812,11.734640245817701,80.03831038881117,93.46684484996422,54.556975949327466,69.75039977186134,79.05269259105376,36.18273462646164,97.51155004048303,11.582758052378125,8.194386905717607,2.0610892112853634,33.216619884933806,97.59410191481129,12.993014428773478,3.7302118512646842,76.3694759768282,78.35350300402342,75.54997385039337,52.223645153743746,98.11132681325103,27.54053586276666,59.37039484136545,79.58292806847248,84.23552337241927,65.09172431362839,51.45242388555505,64.78278589337833,88.48499779615781,89.66055077540534
90274,1,30,54,41,22,13,0,102,USA,49.4648378682312,84.11426570792503,58.85493837740813,37.376126900058125,51.07837601973398,71.15813214473707,8.962940915860088,10.211515644324919,51.87270511600434,5.102178680518591,33.70576361322108,38.409904521478666,14.2706461653477,1.0,85.63451242578503,58.313084197575165,84.87183008061447,78.68758818548724,18.98397532185942,98.84315228214336,91.82712720281188,31.13757270081055,65.67904193769476,48.88792965914092,41.14506162258914,7.487798406242291,42.291087082205365,23.9951441220185,54.775405076022366,18.510816413584024,78.89148812638973,33.57488279193916,37.023634211068725,99.55215657014026,32.99807104191294
190403,2,31,52,11,11,24,0,104,Yugoslavia,72.72498643467713,57.1914253817464,41.91533974070052,75.29940096995824,80.35947022086873,87.33959614283856,43.8453517351694,65.643046315258,80.3671613682983,53.76502334688104,88.11866088490251,36.380627243456786,16.135186567182956,95.89792084771852,43.05964334144585,45.17371817583938,68.43962164102402,30.29568662558205,26.715253344971444,60.87159425496816,30.852352642443492,52.39052757327329,71.03332665341549,76.22732636636681,59.00355203903064,52.615754574771245,5.8801748414628605,53.95060925674363,27.104893098458973,51.36864963094524,66.6913920797009,11.41577431146905,49.525487831820726,10.878069661841323,17.855609388338962
107596,1,13,1,11,8,19,3,102,Singapore,50.253300758935325,26.762908542514083,43.40796818255575,87.10244813778695,35.18913289854396,27.678385686496995,73.58796746462082,75.52331806250822,54.44332608373202,56.91289499716851,87.29220356230667,19.2114517347637,85.5457731059488,92.45308757493581,69.69388978043116,79.69335746054037,58.75637895863116,68.80982296798709,76.65001635485646,33.16667535306172,76.31086354020897,75.43910306455211,70.51059471376072,62.10760514616891,86.47075137508511,82.48283497451916,34.68644351987399,65.11427827745615,21.58071845921964,32.326088516707244,7.180141644508581,11.557061041145914,33.91083352006473,45.002837651201844,66.11822851590068
198201,1,23,16,4,0,12,3,104,USA,96.91525090957623,96.58529297009034,97.44911960504214,58.46198478449537,95.01170584151157,66.19844583264802,79.73389095000289,13.285597221116973,22.171947493611015,27.89944823044962,1.0,33.2971634767795,40.31097559507873,9.951262556788066,51.33862310361616,40.8204093289915,23.59305727208681,51.8976637847569,64.06235791054291,91.22179970998468,33.024071419858416,28.729818987827286,33.429732576898715,32.54383356563801,20.67268965707339,76.10995412150169,3.2140818418625656,59.37039484136545,87.25464923585389,84.23552337241927,65.09172431362839,87.13938827304457,55.608646060651324,94.13055647783642,89.66055077540534
222609,2,21,8,57,15,3,9,105,USA,20.83731279140534,10.037438942349667,19.084126661954485,16.239754440940516,16.304651131737984,51.01676241556953,71.63636970116852,21.043435759035873,38.03089399597786,45.40024373105052,46.70688036593572,1.0,1.0,95.89792084771852,19.332934092860626,53.95060925674363,43.73447948589535,1.0,8.490408007008512,33.840423460596384,35.73896974224084,68.84175466057837,92.76668478665965,64.78278589337833,64.87415180158689,92.3405498933381,12.112736993001931,31.747142483319834,86.25299947464043,81.08909424315777,74.12755151230016,19.819521227727023,99.0,73.06999613385693,99.37747445535263
187859,1,19,20,50,18,15,11,103,USA,30.47024501615843,22.202985535358806,63.571847377224856,39.08901951515952,51.6679506587941,11.701684562204036,38.96105870641554,17.023046491872634,35.57062646454057,38.53778649358617,11.888818308870327,19.2114517347637,23.678321390588252,26.632797507014317,77.12105671829761,89.48518672399871,93.95438313728812,59.565192814904435,52.54107759706261,63.46873685996724,42.50673874971841,51.143838855669856,38.38945363702777,46.284843661040384,52.69495166842427,59.236015459794885,49.49875553694591,59.797915543157785,41.30265384043497,41.258983812307235,63.565929724145064,34.010380936226,7.495455514514461,72.08762914155761,55.07623775225028
277636,1,49,11,54,14,21,0,109,USA,99.0,96.58529297009034,89.86526647580195,93.03225210487653,99.52784010077323,88.24351183291469,98.9010067630054,53.11798253744837,45.63444639669791,45.44302405066958,80.45593114895769,79.05269259105376,24.450026149603673,48.05036885527579,78.66773839041639,58.313084197575165,77.90615917089269,70.33237939477914,58.269695887561284,88.28075826138559,67.93474740485391,66.90190178927912,70.07894547098226,65.3435195458141,90.59164364262006,1.0,62.7658086140799,93.18925463440826,90.25770205587958,99.20409812900482,84.90314718842296,93.70817680018945,20.095747650381668,88.48499779615781,86.43989593768629
25822,1,22,53,8,18,5,3,101,USA,21.646496995973536,84.11426570792503,38.067298615952495,63.652467915599175,1.0,3.7542264838543957,29.473450015379456,1.0,1.0,10.075946317748162,5.750230951583561,1.0,4.392887950635867,16.742576542171378,1.0,8.194386905717607,10.309452760825593,1.0,1.0,9.911413245848223,11.969716158754522,71.74550057943685,70.07894547098226,70.5644345908944,25.42533077083897,41.27219492504753,94.62054579848518,74.16973230320127,87.88170563017707,84.23552337241927,81.98815863012373,81.7480775831524,81.41475722390544,81.35350509583145,74.91866798595385
194139,2,23,13,12,3,1,2,104,USA,12.746532566770725,83.25237944960452,1.0,3.0754683431158867,12.47330482372206,83.66082146415988,1.0,80.52256485734847,85.26869520075695,45.40024373105052,78.09129834681323,75.29940096995824,68.46322926279544,87.83320591397387,40.84088159152816,3.890549688866855,47.90708649651623,90.8455915333858,32.25972665545132,25.45049056170572,71.05247102613345,25.281973959838382,92.76668478665965,28.20459265453337,1.9176568037284625,47.38424542522603,15.903862568815157,12.97238277253956,38.01744165202632,51.36864963094524,46.766679265890104,33.25967091737266,68.12570526155298,39.82652432314637,14.282856410831698
250789,2,32,56,2,17,26,6,107,USA,16.60769013057609,1.0,10.10598483323173,80.15066620083473,25.0308986798388,35.93764208945407,30.105722373059507,61.02434518925406,74.99408138629997,37.15180008304583,53.29311963406161,41.99495664515888,76.20132219233813,63.026088336460134,72.58720034524305,91.29658428621372,91.44769243010387,53.844028635023164,21.487023866808073,25.45049056170572,87.75190106309344,85.41314717203397,89.9625610576469,81.41475722390544,75.94333318302654,81.65516168436488,49.99999999999858,59.55017917542108,9.291263312617417,2.1550420242131025,27.318507249333862,11.41577431146905,18.605107809955825,39.82652432314637,17.855609388338962
110327,2,17,24,27,23,2,4,102,Australia,95.53099476306988,88.78225472418683,53.12000614551897,64.06235791054291,99.56212470670027,89.60055360530589,85.83094718467828,1.0,75.81695156631247,1.0,3.4351090716735797,43.91268057637768,1.0,1.0,97.73056445438829,90.7025534667996,99.49207763224274,79.00918395050098,34.352882342751116,99.33761549856104,95.64331458828849,68.43288740399521,97.98833478135418,41.86477327317664,96.08214088654938,3.5064568632656545,30.63992438136114,93.03225210487653,39.62889595653024,26.941078206479716,88.75630204219294,54.073822790188274,1.0,81.57742612003744,37.933206440742254
215536,2,14,47,35,0,1,3,105,USA,9.794579653171354,23.002631534593064,3.2140818418625656,21.98554323401359,59.55017917542108,1.0,35.36705841812295,42.56275980854082,40.23918650456716,43.158876559428165,68.01434649002357,59.105415786523,54.44332608373179,12.09412374001377,70.8620796868185,59.164320907627484,73.5016449847086,63.04358033960449,34.352882342751116,95.63802576782712,45.430036846224084,40.753515167059845,27.220086945751973,53.49797160417478,36.46593774743093,33.87469800503456,65.52574711047504,47.87586579427381,65.88150455292742,62.055254706882295,58.5656690031538,68.50084497134463,61.01069607724554,61.58199982530522,74.31609562768182
6249,1,43,1,16,18,14,1,101,USA,36.2472869970386,38.76343628455788,82.47693013887124,22.733263538806,71.9500762518129,34.81530240400832,8.962940915860088,66.69139207970102,89.8940151667648,10.075946317748162,69.75039977186134,74.50142217039121,69.4387851150434,71.7487486783483,89.43277086223088,95.74707900680392,70.12165053195866,82.51494454378076,40.56094673416658,88.28075826138559,85.1758837078429,87.53599401349629,70.07894547098226,80.238196328105,96.21941950767757,66.72472775425962,81.26342017218394,59.37039484136545,2.4876428504291255,1.0,3.9536801005100273,7.84411282770229,7.192308219868849,35.09415280946621,9.739235341717233
114616,2,36,34,18,15,25,4,102,USA,91.78592354433022,71.03332665341549,87.43748015944948,30.92981159264579,80.35947022086873,75.32807768554233,99.0,44.397603800530305,74.99408138629997,9.551783999317706,40.17220037646791,53.441633783084455,68.46322926279544,43.67753549670533,27.00868799896483,1.0,1.0,21.773925274910596,56.018839058953176,93.5656869093541,66.23505277541807,30.373205774212465,2.927353568968698,1.0,10.31885447517891,57.8214434189569,99.28463248557068,59.55017917542108,53.38248502285859,29.147485055433123,31.027056149688406,73.71454677949026,93.41517453375116,44.64654924803892,39.164121453558494
267105,2,22,14,31,17,21,3,108,USA,77.379761130534,86.77776916771938,82.88265030505261,53.441633783084455,25.0308986798388,51.01676241556953,95.24464839547647,35.0423946983492,31.945871788203334,25.45996442274705,21.90870165318364,41.99495664515888,43.158876559428165,67.68583273799294,40.84088159152816,32.33683325556629,64.46531457556108,25.93062308515377,16.654099179040458,51.824706498066064,66.23505277541807,52.39052757327329,24.65991214027227,34.02330933641292,35.1258481984101,52.615754574771245,91.24648810278018,65.03935511670318,62.9221026813139,60.42477581553817,58.854938377407905,51.892618981663475,76.67913134796015,44.64654924803892,71.63636970116852
157851,2,15,33,13,0,14,3,103,USA,12.382760911786676,8.063817929275558,34.61916573918188,36.99571155383836,6.169520740884394,1.0,78.09129834681312,18.465253038361,13.489921776969908,60.225336049293276,9.318528582299422,20.35879786660678,17.11734969494421,35.40405306078168,22.137290430315318,16.158046790869236,21.800272892309238,49.99999999999858,59.48073062366848,58.64095210559856,1.0,1.0,1.0,1.0,1.0,5.524427740784873,90.31994505042348,10.714195593724298,98.62501025203778,95.96914904414416,98.9931556093511,99.0,65.48158958671098,85.78653499209838,88.89737441320062
316120,1,21,51,15,20,14,8,110,USA,95.3063508614423,70.4714220996438,95.45650955974043,98.92913074556043,76.7161700353987,88.24351183291469,55.263629249518715,64.48491567104492,70.07894547098209,27.89944823044962,92.9981312727466,69.69101146171175,40.31097559507873,71.7487486783483,98.2124738922015,82.19946571129663,95.36894202082613,89.2767172098396,95.34962570683183,95.93501744805155,77.08551834849004,95.59314917627557,70.07894547098226,88.47492695334438,93.69665425731546,71.5236105989706,72.45946413723033,98.94115709842185,38.32691469272032,77.08551834849004,18.011841369873252,65.73375433988832,24.042900881524474,26.059328894242867,32.99807104191294
264393,1,18,2,54,15,8,2,108,Jamaica,64.0135400967871,92.04776774279742,48.47497472547985,44.25442868298546,90.25150381446599,52.004524179074735,26.412032535376227,10.158410429339739,54.44332608373202,2.1885368211965925,20.98463817665521,28.357182624091593,16.43571209969147,18.275839093136597,78.00366487913584,54.88643771118808,83.79928255838342,77.41332779742356,17.11734969494421,86.1451939678384,87.96288850524809,53.68298588732165,70.51059471376072,25.968848382253157,47.30504833157312,15.938564502569761,94.84447289291893,48.90503595078849,30.055794302650497,9.994604431249257,63.565929724145064,45.36397585546422,10.339449224591391,72.08762914155761,17.99751393482981
316829,2,21,31,7,8,26,8,110,Philippines,40.36070320489125,33.453751050166034,54.36555360329919,36.380627243456786,29.81782479991668,83.66082146415988,25.80553116473422,39.67729426625186,31.945871788203334,49.58131153933135,59.82779962352896,30.92981159264579,51.71482449908609,29.589779021082336,50.89809893137357,40.8204093289915,27.705051260604677,39.49062956608225,16.654099179040458,97.41852532010091,66.23505277541807,41.179729089046816,24.65991214027227,46.256957089828006,40.99644796096635,37.050328652931285,49.99999999999858,70.35319944682698,39.90842266416678,37.79301445376893,46.766679265890104,26.28545322050678,26.650481798648855,68.60058485381398,58.035300002071665
144263,1,36,13,18,18,28,11,102,USA,76.30435748423997,79.88105043362498,92.91134497975429,37.376126900058125,98.69267840476323,80.35947022086873,8.962940915860088,81.89134079507176,85.68113180055275,49.99999999999858,69.75039977186134,96.0323757739917,92.25739618974785,38.39571010362192,98.97351374615835,74.87692820914225,95.36894202082613,82.51494454378076,95.34962570683183,99.17350952235233,85.1758837078429,22.95902731745707,1.0,80.238196328105,41.14506162258914,26.61357931938892,37.234191385917086,28.6562827261815,31.292288097321403,26.016015886155145,53.823398285471114,33.57488279193916,16.400122364874676,77.33488278773791,9.739235341717233
2755,2,18,32,54,16,6,1,101,USA,1.9157836888882116,1.0,3.2140818418625656,47.810544909075986,1.0,74.11744885089718,5.27852589402211,99.44194887518552,93.32160981279628,99.41188476020932,91.38663287631312,89.36356227047679,99.65809073671483,83.23803042156646,23.001371483981927,16.158046790869236,12.866069764899407,88.84463139580612,98.8901688239149,1.0,1.0,45.602374099066935,45.676489579080624,70.44701254587068,36.46593774743093,17.480198646710647,83.27341643809916,32.29361888896099,63.145702651018894,85.57837300622441,91.19146308714903,39.32378978437407,69.83155565887887,34.12556235771552,37.933206440742254
244824,2,21,31,36,21,24,0,107,USA,11.845142514417375,57.1914253817464,1.0,30.92981159264579,12.47330482372206,5.030451167629934,43.8453517351694,62.189113818074475,38.03089399597786,80.90407859348738,46.70688036593572,70.13473438320716,43.158876559428165,63.026088336460134,25.014717244568544,10.870300553545434,17.11734969494421,39.49062956608225,61.958617159828464,33.840423460596384,45.87796928698316,11.0953967844531,4.849929977967491,58.701033451356636,10.31885447517891,32.05120225161804,55.302777255909916,1.7823386851823528,61.98255834797078,60.42477581553817,80.97280035630354,33.25967091737266,63.60458836831259,54.38260045296113,67.23225874558347
310339,2,17,18,54,4,18,4,110,USA,60.94154448048522,57.708912917791565,28.773707088354342,26.74848719592285,75.42677453203078,40.03544926577973,96.78591815813411,35.827063402548276,40.23918650456716,16.135186567182956,44.67079951304356,68.88674933652726,41.14506162258914,35.40405306078168,52.134749074816796,22.914481651507117,55.02122998860722,24.737787779321025,59.48073062366848,88.49285544556074,60.60359954468936,21.549451047141275,19.00967208037636,41.86477327317664,13.093184318612003,5.524427740784873,86.98840586106246,22.733263538806,68.57019616941119,57.63140255323418,80.0890261841572,78.40254957459194,25.158187457547797,85.78653499209838,65.67904193769476
224577,1,21,39,52,5,4,10,105,Netherlands,95.3063508614423,75.31460959442984,53.66061046757994,95.58814230780956,95.01170584151157,84.49314686490402,83.22054561069058,30.489705484806677,58.08466025929653,23.85571826394252,27.999307699752535,43.64141819818519,24.450026149603673,43.19382167571155,83.14027010843608,70.92998286223917,84.87183008061447,82.51494454378076,46.4438168710891,88.28075826138559,63.080058676461306,1.0,1.0,17.983638162857602,41.14506162258914,10.551767248969924,1.0,19.60253669358994,28.742745376498704,42.903871202689004,34.90827568636843,30.168444341118146,12.993014428773478,44.64654924803892,37.61317345856344
132259,2,25,24,35,14,7,9,102,USA,76.24141630310271,71.03332665341549,91.4048634828622,80.15066620083473,39.96934393210995,56.08731942361942,67.23225874558347,52.74554957826348,38.03089399597786,41.24825991472602,78.09129834681323,64.72479717011902,43.158876559428165,53.41024752405781,55.37945922398609,32.33683325556629,39.60153246430622,17.865663527580637,83.34590082095656,88.15258071082917,66.23505277541807,77.63595327780763,42.80857461825059,86.12872371318815,93.17991654500008,52.615754574771245,87.88726300699477,42.68003802225007,96.10318790789006,87.84587842470967,58.854938377407905,96.5505293341688,93.41517453375116,99.55215657014026,79.86341080358977
180279,2,22,3,50,15,22,9,103,USA,69.07417815518039,83.25237944960452,60.5424373119057,97.32139648326427,80.35947022086873,26.468749470533226,21.709330571400272,21.043435759035873,44.29159025946308,25.45996442274705,53.29311963406161,64.72479717011902,10.186151472267312,4.9480286306779675,49.77546507255187,58.313084197575165,52.09291350348076,21.773925274910596,94.68223656109421,17.82700499716219,61.25946572680101,48.171688809474915,57.1914253817464,70.65410972728665,64.87415180158689,37.050328652931285,70.67123342360873,3.6415008991581033,96.10318790789006,95.50891987977968,87.03652229280976,80.1804787722698,58.97185396875591,88.48499779615781,99.0
90003,1,24,11,18,12,12,0,102,USA,85.87363839609088,65.40796685857111,78.23795352732941,53.185121557385685,76.7161700353987,91.55657756489688,76.0272500337062,57.71388256228914,93.46684484996422,40.92026450019563,22.60077033503822,79.05269259105376,69.4387851150434,24.769386228452646,97.90090381146501,97.39639012845555,99.27438496336617,92.134155927042,46.4438168710891,91.22179970998468,81.28692149370818,51.56411713841146,65.67904193769476,59.94916971135797,73.58796746462082,31.333377765149464,14.79180849177061,64.46531457556091,18.48526301120421,51.77910640573515,21.10851187360717,37.06068052157116,4.872688754605363,26.059328894242867,12.887763580526325
282292,2,16,22,41,9,14,2,109,India,37.24726025607629,42.291087082205365,23.23512349102603,13.476621430397245,21.671423710050647,82.49414361582035,59.82779962352896,77.76846692547701,64.53469706952234,79.81194919210759,33.104268824151234,64.06235791054274,82.88265030505272,83.23803042156646,26.559570377995527,19.43314824970622,12.866069764899407,49.99999999999858,82.38953820086851,25.019524699686087,26.016015886155145,33.643641356437456,36.21588033259451,15.78631677448837,26.259510286198037,42.99668277844631,83.27341643809916,22.733263538806,60.37110404346686,62.055254706882295,69.83155565887887,71.91948341704608,29.316092305772713,76.99047717112194,47.19168211406509
226257,2,40,32,53,14,6,11,105,USA,84.78839140976675,79.42646223603026,82.88265030505261,95.05909897483161,84.49314686490402,56.08731942361942,43.8453517351694,86.83637902208864,74.99408138629997,66.06762283826549,33.7921982229756,95.05909897483161,94.14497980466729,80.57148528841765,99.63999912370514,78.64360704103217,99.65427914810834,95.77705107163649,83.34590082095656,99.67349385417879,91.03705908413644,21.652703151403728,52.403820182702646,2.989544253827688,40.99644796096635,42.17855658104003,1.0,84.5933664326293,20.433709503141472,37.79301445376893,27.318507249333862,44.33191778008268,2.259118008828409,30.49117442662336,30.105722373059507
116722,2,19,54,34,7,10,5,102,Australia,10.629160100020528,14.79180849177061,13.42929580372271,26.74848719592285,26.569667184096602,10.39944639469067,40.17220037646791,41.4281073119904,23.124395931777997,51.71482449908609,62.34008261658903,24.67192231445489,41.14506162258914,58.284910629285946,30.262590377519757,50.83735048134031,43.44086596153767,6.075163226919031,22.80601852482937,28.91298435439026,65.52574711047504,72.92407924715411,36.21588033259451,64.95948197352692,58.17956328876022,74.72943511559401,93.22069447116962,63.652467915599175,46.207135713379785,70.60326489133035,21.19945721193062,42.977345193462895,74.02502740042638,34.12556235771552,56.53893235643574
220119,1,28,4,18,23,19,7,105,USA,60.1051359694892,65.40796685857111,63.961477249015104,27.39466858187575,20.561530401874762,80.35947022086873,76.0272500337062,63.3708128922724,64.18263323986054,59.079735499801416,69.75039977186134,43.64141819818519,48.729091361349106,76.07937539063823,46.87804003038116,62.61750720984338,31.512001956115284,78.68758818548724,2.0484137323826275,20.095747650381668,91.82712720281188,94.40736980559973,99.02329346947283,70.5644345908944,82.88265030505272,61.76273333671213,47.42212440251018,99.55682733966546,15.651058957657114,15.10389698892294,15.09685281157391,9.994604431249229,28.20459265453337,39.82652432314637,37.61317345856344
136601,2,35,34,27,1,4,10,102,USA,24.21885811538465,4.849929977967491,54.36555360329919,75.29940096995824,12.47330482372206,56.08731942361942,17.855609388338962,87.65907828126547,80.3671613682983,92.39851927298366,95.46494093275498,70.13473438320716,38.93485830207197,87.83320591397387,37.545361696160626,58.313084197575165,85.99765760816524,1.8771889975362797,61.958617159828464,17.82700499716219,30.852352642443492,92.61488355978565,75.34008785972469,98.49637425348033,80.98379288575211,97.09728070807125,49.99999999999858,65.03935511670318,69.35750814000625,93.32981256886353,66.6913920797009,63.11148672055191,90.75306645260173,26.059328894242867,39.164121453558494
225181,1,28,29,48,11,11,10,105,USA,83.90374516560996,87.9577765080262,58.85493837740813,63.652467915599175,92.27885279287841,61.07139808454821,68.07622402073508,3.666594227529046,5.302878311419761,10.075946317748162,27.999307699752535,5.368564900396208,1.0,43.19382167571155,46.87804003038116,62.61750720984338,57.44425564700225,10.121619831216094,6.958337346731412,73.48346135784982,77.08551834849004,79.66260474378544,82.15417819623713,75.54997385039337,35.72345774980255,88.09947126256975,37.234191385917086,90.19094369537027,88.49581925584914,87.42678902469072,46.17660171452587,91.74400698167744,60.2364043211619,96.29176126262075,94.93180673518896
117498,2,21,55,9,15,16,5,102,Albania,48.273981947611844,75.34008785972469,82.88265030505261,30.92981159264579,29.81782479991668,45.936737500516585,30.105722373059507,49.16405435112665,44.29159025946308,62.034618989035664,59.82779962352896,41.99495664515888,16.135186567182956,76.50027093359677,44.17401957186058,62.61750720984338,47.90708649651623,67.90892130832316,5.317763438902432,25.45049056170572,66.23505277541807,31.68436572490242,38.0810749182985,46.256957089828006,59.00355203903064,10.799514522117988,29.328766576388233,53.95060925674363,65.7130411782324,73.33319121504621,38.763436284558,88.5842256885278,54.26599085816497,54.38260045296113,58.035300002071665
167909,2,15,35,50,18,6,6,103,USA,57.01717111178317,42.291087082205365,76.76487650897081,17.54187933309808,94.9177941025722,64.83340781780561,30.69242588388164,72.75198467547102,70.31730040788568,68.46322926279544,62.34008261658903,54.063262499480516,91.89955310846108,44.463922165544204,86.7046905216622,96.83683486410723,93.27283370785187,71.33191861117649,65.64711765724587,62.88780464148539,60.60359954468936,85.00177791403723,91.69327997565881,89.10644890369588,86.90681568138461,82.5198013532862,35.44845706311651,58.46198478449537,6.341053625779551,7.01428938131528,9.752262657503962,8.743747773108822,17.47546846224384,39.50535605806317,20.866239721879907
173130,2,39,50,2,11,29,7,103,USA,92.53015918373592,83.25237944960452,72.36136535016311,88.64046967681088,61.07139808454821,83.66082146415988,90.17368850612843,81.47969891273874,89.6062228543542,66.06762283826549,53.29311963406161,84.6203993462982,97.61205212583025,29.589779021082336,78.45248635043788,85.51395057332343,52.09291350348076,63.31946390461832,38.04138284016847,84.9464681882871,87.75190106309344,72.71316945068054,66.54624894983101,58.701033451356636,96.00666942150986,22.64681647225015,55.302777255909916,84.5933664326293,32.452670086582,42.27146376772623,62.811288492334825,29.71880108100757,11.652815607254041,49.51248786451873,30.105722373059507
301806,2,35,11,5,17,27,0,110,USA,25.381412989254983,33.453751050166034,29.92105452901481,59.13772006023231,39.96934393210995,14.087982640138051,30.105722373059507,27.25495182495638,26.128983665461305,77.4421785863118,2.125121370446294,36.380627243456786,19.490233876291597,34.16187001140264,41.948427437952034,53.95060925674363,39.60153246430622,30.29568662558205,61.958617159828464,38.2372666632848,45.87796928698316,62.12803491908494,47.596179817294626,40.06999034374928,46.98563916064137,72.76718201217892,75.43413507948515,59.55017917542108,53.38248502285859,69.1661111306675,54.846168774782996,33.25967091737266,18.605107809955825,73.06999613385693,75.85958331893107
320767,1,38,7,57,20,17,10,110,Canada,64.0107868215058,84.11426570792503,78.23795352732941,68.70258339069414,51.07837601973398,66.19844583264802,14.805765312576852,73.09697535956519,64.18263323986054,54.556975949327466,98.04461905111657,54.24481320760782,48.729091361349106,80.17625967302877,61.29105102038267,62.61750720984338,53.073836758051584,51.8976637847569,58.269695887561284,60.2364043211619,63.080058676461306,74.0881334027045,78.35350300402342,70.5644345908944,86.96632865979723,36.23605888348368,88.78225472418683,28.6562827261815,54.775405076022366,84.23552337241927,42.373390311879234,40.608585512881746,46.256957089828006,73.06999613385693,37.61317345856344
101582,2,31,1,12,15,20,2,102,USA,78.49980080090143,89.9625610576469,91.4048634828622,92.14274646283457,50.53116852032986,26.468749470533226,58.035300002071665,76.53265779414494,74.99408138629997,89.9307629908659,83.38855564847916,53.441633783084455,43.158876559428165,67.68583273799294,71.5695708970278,78.64360704103217,72.29494873939228,34.82904556346739,26.715253344971444,73.74048971379887,91.03705908413644,78.81726790499488,61.91892508169872,64.78278589337833,96.00666942150986,97.09728070807125,29.328766576388233,48.305582994432655,83.40222439027616,55.91895338249731,50.808806724323006,63.11148672055191,84.3242218657266,97.95626338386808,97.12389438060234
201232,2,15,7,5,13,16,4,104,USA,79.16268720859159,76.99736846540372,76.76487650897081,13.476621430397245,84.5933664326293,74.11744885089718,89.20048547787871,27.24801532452628,34.29014070741786,10.186151472267312,68.01434649002357,33.98932842133539,49.99999999999858,18.93461870143412,7.103083388999181,1.0,1.0,28.66808138882041,22.80601852482937,82.20785588117974,2.7946545841539177,4.122217195778504,1.0,36.162632748775025,1.0,1.9508535328711787,90.31994505042348,10.714195593724298,77.08551834849004,44.15565888771181,54.686835292814635,99.4936440666894,69.83155565887887,92.82346852083447,51.87270511600451
7837,2,29,23,14,4,18,1,101,USA,3.394972836704426,52.403820182702646,24.31408163404953,1.0,20.508511603777947,22.051478045657404,1.0,4.643369268631972,85.26869520075695,37.15180008304583,1.0,1.0,16.135186567182956,10.256330377787322,63.10801699388111,49.56063603396092,64.46531457556108,34.82904556346739,49.99999999999858,97.41852532010091,40.7639845402021,3.1457525701195124,47.596179817294626,1.0,6.8200834549964355,32.05120225161804,55.302777255909916,1.0,34.28695882176464,5.750230951583532,34.84997484138398,44.33191778008268,8.682797163853309,99.6282007572529,34.571415401094725
310636,1,38,46,40,18,23,4,110,Argentina,50.802725943117196,54.846168774782996,58.85493837740813,27.39466858187575,30.02594327788131,55.830976460441036,72.13117650841292,22.266214105837975,22.171947493611015,23.85571826394252,33.70576361322108,19.2114517347637,20.847780014460227,57.77181115832951,28.557470106690573,17.11734969494421,53.073836758051584,13.27157339255723,34.79835408249858,50.93650051561667,42.903871202689004,65.662671312513,70.07894547098226,54.44332608373185,20.67268965707339,46.3923581404963,81.26342017218394,82.88265030505272,46.50804533685027,30.050868353950648,57.62660968811787,40.608585512881746,88.28075826138559,30.49117442662336,32.99807104191294
198049,2,23,1,2,18,9,3,104,USA,7.763766065490131,24.65991214027227,6.533155150032329,36.380627243456786,12.47330482372206,7.601480727013083,34.571415401094725,32.76924519868169,26.128983665461305,41.24825991472602,33.7921982229756,20.791244461849743,51.71482449908609,43.67753549670533,55.37945922398609,58.313084197575165,60.398467535691054,44.24036830069821,38.04138284016847,60.87159425496816,56.175137629626704,30.373205774212465,66.54624894983101,8.962940915860088,35.1258481984101,32.05120225161804,49.99999999999858,26.569667184096602,50.483537963805134,46.8080809597364,42.743613439347484,44.33191778008268,49.525487831820726,59.21514729374104,67.23225874558347
116254,1,34,47,16,1,6,5,102,USA,99.57098579107947,96.58529297009034,63.961477249015104,95.58814230780956,76.7161700353987,84.49314686490402,99.65970436342059,38.19972999599139,45.63444639669791,23.85571826394252,45.709546168848874,11.404612333522465,65.44478241121891,57.77181115832951,32.70172497275399,20.62737789529018,44.299389968876426,70.33237939477914,18.98397532185942,37.023634211068725,33.024071419858416,37.34968608702212,20.866239721879907,88.47492695334438,25.42533077083897,1.0,47.42212440251018,90.19094369537027,89.09670996636191,90.31994505042348,96.04631989948655,98.9080454357719,16.400122364874676,68.60058485381398,86.43989593768629
269412,2,23,1,4,20,4,5,108,Australia,7.763766065490131,28.966673346581445,1.0,20.791244461849743,29.81782479991668,2.9706885863831474,43.8453517351694,19.092537080780062,4.302655353493108,37.15180008304583,4.535059067241605,20.791244461849743,34.78467417757349,58.25364669194022,13.389145465184072,8.194386905717607,43.73447948589535,8.03219799034747,21.487023866808073,51.824706498066064,10.225203842964703,12.987875674422298,24.65991214027227,17.601766613999473,1.9176568037284625,22.64681647225015,65.69238152771845,21.671423710050647,93.91589149381798,87.84587842470967,66.6913920797009,93.09521266559159,95.65775474633347,81.35350509583145,90.17368850612843
227334,2,18,37,34,19,11,0,106,USA,1.0,3.2140818418625656,23.23512349102603,26.74848719592285,6.169520740884394,1.0,10.799514522117988,60.82838910395452,52.45351877055924,79.81194919210759,56.50795454375839,43.91268057637768,36.79687690902773,71.52971542119849,59.205547433731795,74.90872601174459,83.18027635575788,41.253357029240476,40.51926937632845,25.019524699686087,65.52574711047504,72.92407924715411,64.70990500369106,53.49797160417478,36.46593774743093,86.01734838160507,83.27341643809916,63.652467915599175,41.49607661542575,57.63140255323418,35.33576144754812,25.42533077083897,38.087158236754135,34.12556235771552,85.68113180055286
25859,1,28,47,57,19,5,3,101,USA,79.68512546153556,96.58529297009034,78.23795352732941,37.376126900058125,71.9500762518129,80.35947022086873,46.48765477801305,55.42115643732558,58.08466025929653,27.89944823044962,45.709546168848874,79.05269259105376,48.729091361349106,67.22611925578326,83.14027010843608,58.313084197575165,70.12165053195866,98.15081607196635,58.269695887561284,81.41475722390544,67.93474740485391,7.906871601666438,17.11734969494421,17.983638162857602,12.26995716200264,17.920341442966446,32.30086506298957,19.60253669358994,40.127033024696004,47.33197466719491,24.36667743994991,78.80054278806642,28.20459265453337,49.51248786451873,20.178564309796258
204167,2,27,28,54,17,20,6,104,USA,64.03676662779884,33.453751050166034,66.57026742309836,41.99495664515888,88.24351183291469,70.76878765562856,53.319429804707454,90.72714674186295,96.21941950767757,73.79784262959129,66.20780177702142,92.14274646283457,79.81194919210759,76.50027093359677,77.50611717699314,85.51395057332343,95.68148758840823,63.31946390461832,56.018839058953176,47.263624580874534,51.03149623323941,71.43810549725782,83.25237944960452,34.02330933641292,70.54709916894535,89.20048547787871,49.99999999999858,42.68003802225007,2.8144615283315346,1.0,11.325256012873183,11.41577431146905,18.605107809955825,7.927984176145856,17.855609388338962
76359,2,40,1,41,18,8,9,101,USA,72.72498643467713,92.76668478665965,48.12729488399276,47.70466906821406,88.24351183291469,87.33959614283856,14.282856410831698,77.5531130315029,89.6062228543542,37.15180008304583,66.20780177702142,92.14274646283457,68.46322926279544,72.19114017691345,41.948427437952034,53.95060925674363,17.11734969494421,63.31946390461832,38.04138284016847,42.72307250299582,56.175137629626704,46.766679265890104,52.403820182702646,34.02330933641292,46.98563916064137,52.615754574771245,49.99999999999858,48.305582994432655,43.72883117512026,46.8080809597364,27.318507249333862,77.02082321396949,44.78883368500453,30.49117442662336,43.8453517351694
253533,2,24,38,39,2,20,8,107,USA,97.2683119321531,83.25237944960452,66.57026742309836,97.32139648326427,61.07139808454821,93.48525340387232,97.12389438060234,49.16405435112665,96.21941950767757,45.40024373105052,7.821504501229896,97.32139648326427,47.4283312062351,4.9480286306779675,90.03534692297274,58.313084197575165,27.705051260604677,99.64544837204335,99.0,84.9464681882871,75.662292729603,1.0,7.233315213337107,1.0,80.98379288575211,1.0,1.0,53.95060925674363,41.81308801902122,42.27146376772623,92.12810100291642,26.28545322050678,3.947459569359083,91.51438874914072,11.02956043416009
28729,2,20,28,0,4,13,3,101,Albania,51.72601805238503,81.26342017218394,34.61916573918188,53.28300011763815,53.95060925674363,25.882551149099697,54.935651382447816,34.725113656176006,28.557470106690573,43.158876559428165,3.4351090716735797,73.53125052946376,71.58235461751946,15.368546958100552,59.205547433731795,50.83735048134031,43.44086596153767,45.61140169131329,46.82434645388838,78.69723851442359,74.88244503141595,22.581053125291874,64.70990500369106,1.0,26.259510286198037,52.34060397447763,40.39427439640821,22.733263538806,77.89132587760332,48.64867122355571,69.83155565887887,71.91948341704608,88.5226331939582,95.52741118509812,65.67904193769476
254059,1,23,59,17,17,28,8,107,USA,40.15759657279534,49.46078375067634,53.66061046757994,37.376126900058125,92.27885279287841,1.0,72.13117650841292,31.56674089194442,64.18263323986054,10.075946317748162,51.840430352222086,59.50871942031665,57.18008180471179,2.811291111333418,97.56122233723909,98.62100556219502,99.0,61.29976780711877,14.454226894048105,91.22179970998468,98.27719708682389,96.64102548637709,96.31194226343769,80.238196328105,96.21941950767757,91.34138000293683,81.26342017218394,54.18252200787731,25.438007248772408,38.5265098022748,34.90827568636843,5.9282486571625554,4.872688754605363,54.38260045296113,70.59207196494458
284662,1,19,28,56,14,18,3,109,USA,12.762487428074735,17.932249948225092,6.255016295992704,44.25442868298546,15.84780352374321,23.257757659384367,38.96105870641554,57.07189150575374,48.09386819209789,56.91289499716851,55.419208390362996,59.50871942031665,57.97667528380009,50.494282940076005,49.37564805654762,46.00010268162191,62.670216542141645,31.190177032009785,58.854938377407905,46.04939074325358,52.505314968993446,54.949711634244466,61.61054636296922,46.284843661040384,47.30504833157312,59.236015459794885,44.49629171536981,59.797915543157785,73.433355928906,76.84829742141653,67.65818245209357,45.36397585546422,52.88414344558328,85.78653499209838,81.10647704264375
201680,2,12,33,43,17,8,5,104,USA,28.47814346475522,52.57787559748709,40.6838208567944,36.99571155383836,17.11734969494421,35.16659218219144,30.69242588388164,75.79975471109776,70.31730040788568,83.21243289066717,38.816119411727584,68.88674933652726,79.32731034292351,62.81128849233477,38.00614232539431,38.373334834597244,15.648820633267945,63.04358033960449,65.64711765724587,45.66479924381599,30.63992438136114,29.074168654481383,4.023358416570673,41.86477327317664,41.82043671123682,33.87469800503456,60.60359954468936,42.58820505516337,58.50392338457141,62.055254706882295,62.39709853642091,57.75674281970055,42.62918553286505,39.50535605806317,82.15417819623713
75511,2,54,56,36,14,29,8,101,USA,16.60769013057609,38.0810749182985,77.8280525063858,20.791244461849743,6.14410493977671,35.93764208945407,5.635294664448608,95.66656241004716,98.3101684487608,98.85878534474193,88.11866088490251,59.13772006023231,83.21243289066717,72.19114017691345,70.54184879187056,74.87692820914225,76.00485587797846,97.5535711178419,43.98116094104404,25.45049056170572,51.03149623323941,62.12803491908494,38.0810749182985,70.65410972728665,75.94333318302654,99.4785434297687,29.328766576388233,17.11734969494421,24.53437026454057,55.91895338249731,31.027056149688406,14.018270540290615,54.26599085816497,14.207986596123675,25.80553116473422
212415,2,19,46,18,21,31,0,105,USA,80.2516840319571,67.6991349370075,90.6625911128209,90.81894281558982,65.03935511670318,49.99999999999858,59.82779962352896,22.231533074520087,34.29014070741786,38.93485830207197,33.104268824151234,77.94852195433975,13.81572005327331,1.0,88.09848402529406,78.501107382834,86.04643655114467,79.00918395050098,40.51926937632845,88.49285544556074,90.31994505042348,40.753515167059845,50.48092431787023,20.37248554819024,68.74074637331933,82.5198013532862,7.322719933806454,32.29361888896099,73.77299422698269,74.66155608194424,69.83155565887887,46.66577108930471,47.22811985829236,99.0,70.07894547098226
146797,2,20,17,0,19,28,0,103,UK,1.0,1.0,1.0,1.0,1.7823386851823528,1.0,49.99999999999858,78.73224755234617,23.124395931777997,96.0687808460741,87.62929142411929,59.105415786523,71.58235461751946,67.23807905407995,62.1917691409206,22.914481651507117,55.02122998860722,49.99999999999858,65.64711765724587,74.9804753003109,90.31994505042348,3.169441517971876,1.0,53.49797160417478,1.0,47.65939602551936,65.52574711047504,1.0,28.79653607930709,39.70545999798901,54.686835292814635,8.743747773108822,78.02643791803109,15.022086408344563,24.859259813697662
70958,1,15,21,14,0,17,7,101,USA,62.788954456931606,52.09291350348076,68.4116241520884,95.90088843111846,73.09049750610438,1.967525762914235,65.34351954581427,10.158410429339739,1.0,43.08710500282825,31.693301589254332,3.149557071884857,35.93764208945419,14.525865828672977,69.69388978043116,97.90863147424102,70.25374326944495,1.0,65.039355116703,75.6456630134129,76.31086354020897,99.63924414626251,96.49354313673075,92.16196389768993,90.05332961420049,69.14764735755358,99.36747822895325,98.4165623297605,99.65550273892325,95.42391757198754,99.0,99.61615979975613,75.75930386519542,19.311718575472838,99.0
149406,1,20,7,58,14,16,1,103,USA,32.842722465108125,52.09291350348076,48.47497472547985,29.13517763775053,24.93622284681038,8.569488235891527,69.53709953284641,52.20073438972577,66.85561577610315,74.43439806100423,37.45479722966138,43.64141819818519,57.97667528380009,26.632797507014317,53.5354181112034,50.444855885907884,54.791869057443876,54.802631573815574,94.2497690484131,41.68691580242188,23.689136459787903,5.688523012533324,1.0,35.83531319762784,21.90870165318364,28.947528973863513,49.49875553694591,1.0,98.46013665685393,84.28738319745946,63.565929724145064,97.41203955043102,79.8214356902007,92.82346852083447,99.0
302469,1,21,10,59,14,3,1,110,USA,29.921054529014697,15.084048449017757,68.9285864716831,10.714195593724298,30.02594327788131,55.830976460441036,46.48765477801305,56.56910333802563,64.18263323986054,36.46593774743093,27.999307699752535,83.29083516369599,80.53865605787837,29.1417526603677,94.43835002935464,74.87692820914225,93.25032688720819,74.61390353739301,75.0312598445779,99.52784010077323,77.08551834849004,15.632959071285342,37.933206440742254,32.54383356563801,16.266918122059394,17.920341442966446,52.57787559748709,5.750230951583561,11.748255132801773,11.969716158754522,18.011841369873252,9.994604431249229,12.993014428773478,49.51248786451873,20.178564309796258
184159,1,24,48,41,15,18,10,103,Canada,48.127294883992704,65.40796685857111,53.66061046757994,78.16576113284259,45.69101423380141,9.068460239733724,46.48765477801305,15.799085796472156,8.595136517134506,36.46593774743093,5.750230951583561,54.24481320760782,32.1448990198478,9.951262556788066,71.84876806160958,93.70362584385214,74.100982744271,20.526002638217875,18.98397532185942,84.99941429810258,81.28692149370818,86.63338107695051,85.68113180055286,70.5644345908944,78.40254957459194,56.687055095672974,94.62054579848518,59.37039484136545,69.05084609642012,51.77910640573515,27.76615118607495,69.15744480784218,77.5637764425644,81.35350509583145,86.43989593768629
117608,1,10,18,22,17,17,5,102,USA,74.57816056545772,88.86148498074533,48.47497472547985,59.88492177432994,82.4514572124765,66.74538267752837,52.223645153743746,44.87159510289655,87.94480997625533,8.331877857814362,61.37045033015977,59.50871942031665,49.11031994197003,31.15277637369209,95.26684259996523,94.46438281850646,97.29986147704915,64.24761339053771,46.19023280498891,91.80561309427924,97.88849736712098,84.70846809500802,70.51059471376072,85.27561239450836,90.05332961420049,64.26103025775632,39.543731938542976,91.46644177191081,24.31082836210541,32.326088516707244,22.331027267183856,17.11734969494421,25.08133201404297,76.99047717112194,22.625616852424997
157146,2,22,9,49,7,8,3,103,USA,31.42152559955909,47.596179817294626,6.533155150032329,75.29940096995824,12.47330482372206,70.76878765562856,21.709330571400272,45.58642466126116,31.945871788203334,84.15710265842984,33.7921982229756,36.380627243456786,55.989958694574455,21.025779143228192,44.17401957186058,28.267673322213682,43.73447948589535,14.245908175891344,32.25972665545132,99.67349385417879,30.852352642443492,8.494561098155827,1.0,22.701518884824225,46.98563916064137,37.050328652931285,65.69238152771845,1.0,96.10318790789006,60.42477581553817,87.03652229280976,94.96460451351959,90.75306645260173,97.95626338386808,92.91508350555785
91196,2,15,10,43,0,19,0,102,USA,55.698980225090224,81.26342017218394,86.57070419627405,42.36174007540245,21.671423710050647,21.55810182641281,69.30757411611546,1.0,1.0,19.490233876291597,13.188630176919133,1.0,5.750230951583532,31.027056149688406,56.18830886320245,46.65271327404656,73.5016449847086,28.66808138882041,12.923435234695575,85.48287799381364,65.52574711047504,57.798321565324215,22.99667203151691,15.78631677448837,58.17956328876022,74.72943511559401,86.98840586106246,68.70258339069414,93.65894637421695,82.18204355948444,93.36374642288627,91.68751759193776,47.22811985829236,99.0,85.68113180055286
12628,1,17,45,58,17,28,1,101,USA,20.450970374618407,31.560378358973026,19.94284710093362,24.450026149603673,5.482562088990235,52.004524179074735,47.7763548462533,99.67451220899397,72.73352751819738,85.64602139611941,98.6846009030711,97.89506570647995,93.80915625759576,99.37009696661096,10.900162926608033,5.968650376483794,6.866545220718976,26.78824878547178,96.93919667935336,25.12307179085471,1.0,76.5407321831184,74.72943511559401,92.16196389768993,63.333561068866004,19.9849098635147,96.90713480562715,43.44677096715941,95.09950929475144,99.67470139922341,95.71355429093592,99.61615979975613,75.75930386519542,23.966802620214708,60.65892388614958
278391,2,20,24,39,21,28,0,109,USA,15.211608590230156,11.217745275809932,53.12000614551897,13.476621430397245,53.95060925674363,17.505856384176695,17.88661623946294,54.01420609753404,46.32138626874536,89.26937941052824,13.188630176919133,59.105415786523,75.54997385039349,18.93461870143412,45.02498081067944,16.158046790869236,35.863114210481,67.24885676861538,53.17565354610883,71.08701564560687,40.39427439640821,34.81006046918327,60.03770236290336,8.059019570939455,17.11734969494421,70.51059471376072,17.51142959544154,63.652467915599175,63.145702651018894,62.055254706882295,62.39709853642091,50.37071458413487,74.02502740042638,92.82346852083447,33.429732576898715
219363,2,19,14,44,2,21,6,105,USA,67.33088911956207,81.26342017218394,81.90890646608625,74.22680595634887,31.747142483319834,89.60055360530589,10.799514522117988,97.50903017582414,98.2124738922015,86.3743755446095,91.38663287631312,98.53046748171107,75.54997385039349,79.56525799826431,88.09848402529406,78.501107382834,58.854938377407905,88.84463139580612,91.1626011391437,82.20785588117974,83.27341643809916,63.77933526110843,1.0,80.57794121246536,90.48753652855896,70.51059471376072,70.30114211772138,63.652467915599175,8.406540780169848,53.15156358542765,5.46802857503053,11.039189487614777,25.158187457547797,34.12556235771552,1.0
27493,1,16,19,46,14,10,3,101,USA,1.0,2.7238046880180633,1.0,1.0,46.11100570929818,1.0,38.96105870641554,25.11909054195013,35.57062646454057,29.74146806834574,20.98463817665521,43.64141819818519,66.6146913372175,3.3977523525723257,79.73389095000289,67.87501701242121,62.670216542141645,45.1973684261817,81.89134079507176,91.80561309427924,84.40401259632893,41.01979665938319,29.489405286236234,62.10760514616891,26.592618623731795,38.740534273195976,89.28100523245439,14.256562486093657,47.65659475608288,41.258983812307235,33.9659964500367,53.09290701174194,25.08133201404297,85.78653499209838,55.07623775225028
221501,2,23,17,25,19,17,8,105,USA,37.76320934582037,33.453751050166034,87.43748015944948,36.380627243456786,29.81782479991668,66.01067157866157,11.02956043416009,97.83041669329612,56.97016483628056,98.85878534474193,92.17849549876689,64.72479717011902,86.3743755446095,99.61912265989758,40.84088159152816,45.17371817583938,47.90708649651623,44.24036830069821,61.958617159828464,14.388220962407416,56.175137629626704,76.43388345219194,47.596179817294626,81.41475722390544,75.94333318302654,77.35318352774686,70.67123342360873,53.95060925674363,60.09157733583032,87.84587842470967,34.84997484138398,36.88851327944508,76.67913134796015,35.09415280946621,79.86341080358977
8450,1,22,38,29,17,19,1,101,USA,17.324350097673886,49.46078375067634,38.067298615952495,42.58820505516337,16.292451020166226,16.304651131737984,14.805765312576852,30.489705484806677,17.11734969494421,40.92026450019563,45.709546168848874,28.357182624091593,28.224864339480575,52.92361192269021,29.579928308919563,32.33683325556629,35.683822142085546,33.216619884933806,34.79835408249858,55.608646060651324,19.5298787259662,47.65425523944333,37.933206440742254,54.44332608373185,46.66577108930471,41.27219492504753,72.45946413723033,38.57759101883818,85.96282872728295,80.77786188366656,61.389447325112315,96.87397727993925,84.99941429810258,44.64654924803892,89.66055077540534
310483,1,17,9,20,21,19,4,110,Canada,60.318121560898874,41.661395976928816,68.4116241520884,15.921465128015797,35.18913289854396,66.74538267752837,95.28414707501008,29.523461796261245,66.85561577610315,34.077385217651084,26.176894918892657,1.0,13.188630176919133,89.51662305405421,11.58102915412752,8.35517860605151,11.64927475277716,18.625517616042572,2.6242539865913415,29.07001713775793,57.493261250278636,77.62616230454773,10.799514522117988,51.59328961075215,52.69495166842427,97.32693710071919,98.42992568877492,84.13294360024918,57.222805237171144,50.4621874971607,26.05410933084437,64.50905892624388,95.3637252206056,28.925397546363968,55.07623775225028
314771,1,29,33,8,18,29,7,110,USA,1.0,1.0,1.0,18.363391319755294,16.292451020166226,3.7542264838543957,11.734640245817701,68.86519140511643,51.87270511600434,83.58163009082807,63.944078383121166,54.24481320760782,80.53865605787837,38.39571010362192,55.789602284413206,36.531263140029694,39.95646936187677,47.15427409876639,75.0312598445779,81.41475722390544,47.9668538851372,24.08158286681632,37.933206440742254,32.54383356563801,25.42533077083897,22.12609129554656,76.99736846540372,5.750230951583561,69.90448498609726,77.08551834849004,81.98815863012373,51.45242388555505,73.48346135784982,44.64654924803892,61.450021863645304
103710,1,20,3,17,14,30,2,102,USA,74.57816056545772,52.09291350348076,77.51836932816263,54.704020423288796,77.93512099923532,71.41099419704676,65.34351954581427,59.48717502630194,72.73352751819738,70.25853193165136,11.888818308870327,64.67544802501914,70.76878765562839,45.5566739162652,83.04301634577962,83.22475351117635,80.6731691860358,81.37448238395427,39.89486403050768,75.6456630134129,80.50488183684661,36.060147305704845,86.01734838160507,30.802203803933907,41.943384449373866,24.337707270394077,25.43915001064272,27.7341865131485,23.389228727949018,13.043711380136159,55.137203674949376,20.195682365934147,20.971115789764326,45.002837651201844,32.81043085041472
188602,2,50,54,36,15,25,11,103,Canada,1.0,10.037438942349667,1.0,30.92981159264579,12.47330482372206,1.0,25.80553116473422,52.74554957826348,31.945871788203334,69.99751071601315,53.29311963406161,47.70466906821406,34.78467417757349,67.68583273799294,37.545361696160626,40.8204093289915,88.86148498074533,34.82904556346739,12.295540239747453,21.525833663213064,35.73896974224084,68.84175466057837,71.03332665341549,40.06999034374928,64.87415180158689,62.94967134706582,65.69238152771845,65.03935511670318,79.56629049685546,93.32981256886353,74.12755151230016,63.11148672055191,80.63446295056406,21.84035593194926,95.24464839547647
86766,2,29,12,33,18,14,11,101,Russian Fed,24.21885811538465,42.80857461825059,10.10598483323173,12.124301089074606,29.81782479991668,31.1132506634697,67.23225874558347,8.288168586401213,26.128983665461305,29.2312123443686,1.0,20.791244461849743,30.736721929339495,7.387219948164201,40.84088159152816,28.267673322213682,85.99765760816524,44.24036830069821,26.715253344971444,65.28896729696976,4.673099437369714,24.052531336295004,75.34008785972469,17.601766613999473,19.016207114244878,52.615754574771245,20.072901064652967,9.301460576598942,69.35750814000625,60.42477581553817,70.4714220996438,66.74032908262433,76.67913134796015,68.60058485381398,48.576617450646324
291256,1,16,0,35,14,2,8,109,USA,12.762487428074735,14.002342391831235,38.402503035148015,29.13517763775053,15.84780352374321,3.6570415228380426,47.7763548462533,1.0,1.0,34.077385217651084,1.0,1.0,7.601480727013083,5.512007501598248,61.76273333671202,46.00010268162191,73.87736666989514,26.78824878547178,86.63338107695051,59.1795906710056,62.41315656145173,9.139987713136179,21.255166203304185,1.0,26.592618623731795,15.938564502569761,54.50575608986287,22.914481651507117,81.54838087464827,59.65116442468491,71.63116465773368,68.1837682854158,57.667541259690836,89.55586279109923,95.42391757198754
47474,2,23,26,18,23,1,5,101,India,73.91318539954938,42.80857461825059,77.8280525063858,41.99495664515888,84.49314686490402,56.08731942361942,87.05895219246986,14.52345960649231,26.128983665461305,45.40024373105052,21.90870165318364,20.791244461849743,10.186151472267312,17.11734969494421,39.73751553232245,58.313084197575165,60.398467535691054,1.0,1.0,95.70424778762697,45.87796928698316,29.07638395577041,13.22223083227749,17.601766613999473,53.01436083935573,14.378524128681903,65.69238152771845,65.03935511670318,64.78766991412851,37.79301445376893,66.6913920797009,73.71454677949026,84.3242218657266,39.82652432314637,62.685739247457434
2932,1,17,17,4,0,7,1,101,Canada,34.04447559046221,72.29494873939228,73.07624464740519,29.13517763775053,8.4194028989873,66.74538267752837,4.715852924986692,7.970502440509733,1.0,25.56560193899287,31.693301589254332,33.2971634767795,10.233315122673844,18.275839093136597,6.641011459382554,5.968650376483794,20.63144947707113,2.151390653336037,5.147253564753086,17.800534288700106,47.494685031003655,57.47376918911107,61.61054636296922,67.20549961186697,26.592618623731795,59.236015459794885,44.49629171536981,70.26508838753557,93.5572797318797,80.69410278073372,91.37410329231693,75.21206109473849,79.8214356902007,99.63785082300456,71.38921400774188
273571,1,32,12,22,4,4,10,108,Hungary,69.0862666031162,79.88105043362498,28.17955672026264,68.70258339069414,61.76273333671202,55.830976460441036,76.0272500337062,8.803293697682449,2.7734238101172366,36.46593774743093,17.593372748471154,43.64141819818519,2.7658619974431673,16.742576542171378,3.7972331688583836,1.0,27.471562450578233,16.752530593318255,14.454226894048105,20.095747650381668,6.000161967967543,45.05353300767098,33.429732576898715,43.344921433791285,20.67268965707339,26.61357931938892,85.20819150822626,69.4156405997457,78.05259082332373,51.77910640573515,34.90827568636843,93.70817680018945,98.84315228214336,63.96838866723374,70.59207196494458
198177,2,20,53,37,12,11,3,104,Croatia,93.65443702975074,72.45946413723033,59.316179143202476,96.3006166334876,99.56212470670027,78.44189817358415,64.6329415818742,1.0,1.0,3.5912137892501335,1.0,2.300542363605473,1.0,1.0,18.794202383399266,10.332299672838332,7.990780209240285,49.99999999999858,40.51926937632845,74.9804753003109,1.0,9.108850648539601,31.639846490353705,1.0,21.525833663213177,13.982651618391913,79.22231631654597,1.0,99.15225056985287,98.78674413237513,98.0878566426369,99.0,78.02643791803109,99.63785082300456,99.59849265294349
333645,2,17,31,40,6,5,4,111,New Zealand,72.24547894793574,88.78225472418683,81.90890646608625,2.182168546162984,92.01962974840148,78.44189817358415,49.99999999999858,49.425996940228515,70.31730040788568,16.135186567182956,68.01434649002357,29.2312123443686,58.854938377407905,67.23807905407995,90.06864782459968,98.16595286112931,98.00320675353225,36.95641966039261,82.38953820086851,95.63802576782712,40.39427439640821,70.70141408219183,36.21588033259451,70.44701254587068,82.88265030505272,74.72943511559401,93.22069447116962,22.733263538806,8.406540780169848,12.51925154915159,9.752262657503962,54.073822790188274,17.47546846224384,7.786941691750158,5.3028783114198745
157071,2,38,16,58,17,7,3,103,USA,6.3455629702458225,2.927353568968698,1.0,16.239754440940516,45.2259618242183,56.08731942361942,11.02956043416009,62.189113818074475,63.20312309096943,66.06762283826549,40.17220037646791,64.72479717011902,72.40894963476512,38.87170207648552,82.09625806291285,78.64360704103217,64.46531457556108,90.8455915333858,49.99999999999858,77.70620629091718,71.05247102613345,13.978683649365962,10.037438942349667,34.02330933641292,40.99644796096635,10.799514522117988,34.30761847227842,31.747142483319834,45.65304559099462,42.27146376772623,42.743613439347484,40.585778717067456,49.525487831820726,77.33488278773791,34.571415401094725
176508,2,35,8,8,15,25,8,103,USA,48.273981947611844,28.966673346581445,77.8280525063858,53.441633783084455,80.35947022086873,17.908775923854762,43.8453517351694,79.54868014044939,74.99408138629997,53.76502334688104,40.17220037646791,84.6203993462982,91.86904674501659,72.19114017691345,94.38561716017512,91.29658428621372,95.68148758840823,67.90892130832316,73.28474665502551,84.9464681882871,84.06143549742728,43.96458124478801,75.34008785972469,22.701518884824225,59.00355203903064,57.8214434189569,20.072901064652967,37.13891197395856,9.291263312617417,10.946747345357721,14.104550358581292,16.82603599576234,18.605107809955825,30.49117442662336,17.855609388338962
310297,2,23,35,18,16,17,4,110,USA,85.75667542318718,86.77776916771938,66.57026742309836,53.441633783084455,98.33210374463852,87.33959614283856,39.164121453558494,84.24446133640788,98.3101684487608,53.76502334688104,83.38855564847916,64.72479717011902,51.71482449908609,95.89792084771852,87.84879593884375,74.87692820914225,95.68148758840823,34.82904556346739,83.34590082095656,81.45293791536483,87.75190106309344,85.41314717203397,71.03332665341549,86.12872371318815,93.17991654500008,89.20048547787871,60.55156695181773,37.13891197395856,1.0,2.1550420242131025,1.7653055393491428,9.038096759454817,22.510403978694114,1.0,3.5713024619715696
8784,1,23,3,34,11,20,1,101,Sweden,13.366618923046133,1.0,8.249868625147684,58.46198478449537,76.7161700353987,34.81530240400832,18.145762469524954,22.266214105837975,70.07894547098209,1.0,22.60077033503822,43.64141819818519,36.18273462646164,38.39571010362192,47.99233545404695,24.3543369865842,48.68203031647215,42.433977689944925,58.269695887561284,81.41475722390544,37.907163869258454,41.17718921370334,74.31609562768182,32.54383356563801,30.46290046715066,36.23605888348368,32.30086506298957,54.18252200787731,42.849202023507075,26.016015886155145,57.62660968811787,44.20134574873799,60.2364043211619,26.059328894242867,51.923296568158094
120696,2,23,26,14,10,11,6,102,UK,49.60162065730543,89.9625610576469,41.91533974070052,80.15066620083473,29.81782479991668,10.636437729519969,43.8453517351694,29.42870179479013,4.302655353493108,37.15180008304583,46.70688036593572,1.0,38.93485830207197,87.83320591397387,10.387429847853781,53.95060925674363,52.09291350348076,1.0,38.04138284016847,14.388220962407416,1.0,72.71316945068054,16.747620550392412,58.701033451356636,93.17991654500008,47.38424542522603,75.43413507948515,94.9177941025722,98.98309211221658,95.50891987977968,70.4714220996438,99.66856934083444,99.48344021986497,54.38260045296113,99.0
55508,2,23,56,42,10,25,5,101,USA,98.43223387342584,86.77776916771938,91.4048634828622,64.72479717011902,96.6548610807622,90.63018663441358,90.17368850612843,22.04284529347251,69.241915284083,29.2312123443686,4.535059067241605,41.99495664515888,34.78467417757349,10.256330377787322,98.74232671565449,74.87692820914225,93.72983996355435,98.81719090513047,61.958617159828464,99.0,80.01509013648229,12.026445830587676,38.0810749182985,1.0,53.01436083935573,37.050328652931285,12.112736993001931,17.11734969494421,24.53437026454057,14.059962345009183,50.808806724323006,33.25967091737266,6.101515552794581,81.35350509583145,11.02956043416009
173753,1,18,49,55,13,4,8,103,USA,71.1633185058468,67.45616643435892,81.69065865934795,99.03816969373008,29.94808702969675,15.224039783829369,73.58796746462082,74.44983440704169,60.728061954840825,85.64602139611941,49.39681158829484,54.24481320760782,74.77065778176427,69.76618448027108,46.256957089828006,67.87501701242121,42.82463416453311,45.1973684261817,17.11734969494421,50.43936396603607,52.505314968993446,69.71386132287404,33.87469800503456,56.885539292462795,78.09129834681312,73.84643900984258,64.35189813608548,75.19121993617478,83.21046521548669,80.69410278073372,79.10572652846167,60.755110706404594,71.47277817691389,89.55586279109923,71.38921400774188
136660,2,23,35,36,15,4,10,102,Pakistan,83.79589734990736,95.15007002202924,82.88265030505261,25.710640422264248,88.24351183291469,87.33959614283856,43.8453517351694,6.966800263759168,31.945871788203334,21.85000045652049,1.0,53.441633783084455,10.186151472267312,7.387219948164201,58.71657309947739,8.194386905717607,60.398467535691054,58.61780956927589,38.04138284016847,99.67349385417879,51.03149623323941,30.373205774212465,79.42646223603026,70.65410972728665,29.452900831051807,7.659450106658554,5.8801748414628605,42.68003802225007,53.38248502285859,51.36864963094524,42.743613439347484,77.02082321396949,35.48102721108222,63.96838866723374,43.8453517351694
308725,2,21,12,5,22,21,3,110,USA,57.543242869027836,16.747620550392412,66.57026742309836,59.13772006023231,80.35947022086873,56.08731942361942,58.035300002071665,71.22820787229068,80.3671613682983,57.92493916101165,59.82779962352896,36.380627243456786,76.20132219233813,76.50027093359677,66.340228404796,62.61750720984338,76.00485587797846,67.90892130832316,67.74027334454553,60.87159425496816,30.852352642443492,56.59402553823344,47.596179817294626,64.78278589337833,64.87415180158689,62.94967134706582,44.69722274408724,42.68003802225007,1.9153834116184925,8.165431414597577,14.104550358581292,11.41577431146905,3.947459569359083,7.927984176145856,8.134210253605232
236918,1,21,10,44,3,7,8,106,Singapore,1.0,1.0,1.0,1.0,1.0,9.068460239733724,55.263629249518715,96.05692016772173,70.07894547098209,94.89782131947823,95.9083538786092,48.9377169468961,94.45424987920364,97.51155004048303,35.89465046495627,74.87692820914225,23.59305727208681,20.526002638217875,29.2312123443686,16.400122364874676,77.08551834849004,50.26072343207289,78.35350300402342,43.344921433791285,52.223645153743746,31.333377765149464,67.6991349370075,23.9951441220185,3.812641638187401,1.0,5.657455689244756,5.9282486571625554,50.93650051561667,10.878069661841323,9.739235341717233
178975,2,14,11,29,14,12,9,103,USA,45.09372939329262,67.6991349370075,71.22629291164247,53.28300011763815,31.747142483319834,17.505856384176695,45.06434861754923,36.93582622187421,64.53469706952234,30.736721929339495,27.610421178598017,73.53125052946376,41.14506162258914,15.368546958100552,94.05021961510249,93.07869517425445,91.11356755894622,82.5422801540393,65.64711765724587,91.20833882965564,79.22231631654597,70.70141408219183,77.82092340640315,25.344952235595855,86.90681568138461,47.65939602551936,79.22231631654597,63.652467915599175,86.05748381699209,78.53212677802628,86.07981064123248,93.69665425731546,38.087158236754135,76.99047717112194,94.2497690484131
235852,1,24,55,37,1,8,7,106,USA,56.14047461676449,60.18072278051625,82.47693013887124,95.58814230780956,40.348835575312364,12.47330482372206,29.473450015379456,53.11798253744837,75.68591836594749,59.079735499801416,63.944078383121166,64.67544802501914,40.31097559507873,20.62241428251221,60.19896459797957,45.17371817583938,87.97121727048989,47.15427409876639,10.420623092910688,73.48346135784982,67.93474740485391,63.15579977474232,47.19168211406509,48.88792965914092,73.58796746462082,56.687055095672974,52.57787559748709,74.16973230320127,61.13445390198012,69.12364029909389,38.61055267488479,23.662653344441537,84.99941429810258,81.35350509583145,66.08916647993237
74606,2,26,47,16,21,21,8,101,USA,44.30101977490665,42.80857461825059,24.31408163404953,8.513015135789828,61.07139808454821,51.01676241556953,83.6093633598631,12.017872253204047,74.99408138629997,1.9493102434503982,2.125121370446294,25.710640422264248,19.490233876291597,34.16187001140264,89.32661394479351,74.87692820914225,76.00485587797846,76.59096398990584,94.68223656109421,73.74048971379887,84.06143549742728,63.49223593242601,79.42646223603026,5.599224661973551,75.94333318302654,57.8214434189569,70.67123342360873,59.55017917542108,16.597775609720713,3.735362355170551,17.11734969494421,11.41577431146905,44.78883368500453,91.51438874914072,3.5713024619715696
258982,2,29,41,46,14,7,11,107,China,25.381412989254983,42.80857461825059,35.81736676013651,64.72479717011902,25.0308986798388,10.636437729519969,30.105722373059507,56.31434375436572,31.945871788203334,62.034618989035664,33.7921982229756,59.13772006023231,60.225336049293276,67.68583273799294,23.068049447959936,40.8204093289915,35.53468542443608,17.865663527580637,49.99999999999858,14.388220962407416,30.852352642443492,68.84175466057837,75.34008785972469,70.65410972728665,40.99644796096635,52.615754574771245,65.69238152771845,65.03935511670318,60.09157733583032,64.85190053121335,84.11426570792503,33.25967091737266,68.12570526155298,17.875995259367897,79.86341080358977
158813,2,33,23,19,18,21,3,103,USA,81.74165331337178,66.54624894983101,35.81736676013651,80.15066620083473,66.19844583264802,83.66082146415988,87.05895219246986,39.67729426625186,50.63550054933802,25.45996442274705,27.66999246277524,75.29940096995824,64.3925588198357,17.11734969494421,90.03534692297274,82.19946571129663,82.88265030505272,80.6034086023285,94.68223656109421,51.824706498066064,87.75190106309344,37.05233351832487,52.403820182702646,58.701033451356636,59.00355203903064,27.23281798781821,12.112736993001931,48.305582994432655,69.35750814000625,87.84587842470967,70.4714220996438,44.33191778008268,18.605107809955825,96.29176126262075,67.23225874558347
57581,1,17,57,54,9,1,6,101,UK,34.04447559046221,10.464903476895557,43.40796818255575,24.450026149603673,67.97952772928915,37.10034335235076,56.6550785662057,48.532606525456686,41.772148309260274,47.689773852054714,55.419208390362996,43.64141819818519,53.556183128907946,50.494282940076005,56.642175048064644,37.22793729626204,54.791869057443876,54.802631573815574,58.854938377407905,75.6456630134129,47.494685031003655,52.41411506771834,57.003317221551015,51.59328961075215,41.943384449373866,59.236015459794885,54.50575608986287,43.44677096715941,50.85239140463568,23.948036756942713,38.098006018754745,71.75838645216538,48.07670343183918,72.08762914155761,49.43510774796488
18971,2,17,54,43,12,20,2,101,USA,13.300094165453658,27.54053586276666,34.61916573918188,21.98554323401359,17.11734969494421,7.436016474257286,40.17220037646791,89.74862098298343,89.78597966804489,79.81194919210759,78.58858792556782,68.88674933652726,94.2497690484131,67.23807905407995,62.1917691409206,55.01669969009657,55.02122998860722,93.92483677307791,91.1626011391437,21.3027614855734,35.44845706311651,13.073539193485658,45.676489579080624,8.059019570939455,13.093184318612003,33.87469800503456,30.63992438136114,7.542847206751148,20.526002638217875,35.331007974480485,76.81782783447204,11.039189487614777,21.19945721193062,19.311718575472838,10.49991745079825
57073,2,31,57,14,14,29,5,101,USA,30.1860031641215,33.453751050166034,41.91533974070052,16.239754440940516,34.81530240400832,70.76878765562856,25.80553116473422,65.643046315258,31.945871788203334,77.4421785863118,46.70688036593572,53.441633783084455,60.225336049293276,80.57148528841765,33.23363959699367,20.62737789529018,14.002342391831263,39.49062956608225,61.958617159828464,56.37210185571547,51.03149623323941,2.657481090462312,7.233315213337107,46.256957089828006,1.0,27.23281798781821,49.99999999999858,1.0,29.747258731625806,25.048837768764088,34.84997484138398,48.10738101833368,44.78883368500453,21.84035593194926,34.571415401094725
30568,2,37,42,12,10,18,3,101,Australia,39.05845551951177,61.91892508169872,6.533155150032329,53.441633783084455,55.830976460441036,10.636437729519969,71.63636970116852,14.52345960649231,11.211724100645796,41.24825991472602,46.70688036593572,12.124301089074606,38.93485830207197,1.0,58.71657309947739,74.87692820914225,47.90708649651623,44.24036830069821,26.715253344971444,65.28896729696976,71.05247102613345,66.19045769472592,47.596179817294626,64.78278589337833,75.94333318302654,22.64681647225015,79.92709893534379,75.42677453203078,81.1347120021669,64.85190053121335,74.12755151230016,88.5842256885278,58.97185396875591,94.13055647783642,58.035300002071665
178747,1,44,49,9,10,10,9,103,USA,81.83860691644213,79.88105043362498,82.47693013887124,82.4708482798892,30.02594327788131,75.896469460812,72.13117650841292,73.09697535956519,64.18263323986054,72.10055176954745,85.18869867852766,54.24481320760782,65.44478241121891,62.553226842568904,27.544915918538265,53.95060925674363,13.234684165010492,24.55350073197451,6.958337346731412,28.20459265453337,81.28692149370818,93.09007177530259,82.15417819623713,75.54997385039337,82.88265030505272,80.43433057250775,85.20819150822626,82.88265030505272,8.317442143965224,15.10389698892294,15.09685281157391,20.597804832851892,16.400122364874676,10.878069661841323,12.887763580526325
177073,1,21,20,56,1,30,8,103,Canada,72.76363999186668,87.9577765080262,58.85493837740813,86.41961753091277,66.94677104914928,80.35947022086873,14.805765312576852,78.1237047984855,96.31194226343769,63.53406225256617,89.39717246292184,64.67544802501914,57.18008180471179,57.77181115832951,66.66494805991243,70.92998286223917,87.97121727048989,28.79653607930709,23.934694948060837,77.5637764425644,67.93474740485391,98.61549274036986,82.15417819623713,98.65518298932966,93.69665425731546,88.09947126256975,57.708912917791565,97.61600194665232,33.02158539217362,15.10389698892294,9.892669062583508,58.67589879495944,81.41475722390544,39.82652432314637,24.240696134801567
117006,2,15,40,10,5,12,5,102,USA,67.33088911956207,76.99736846540372,13.42929580372271,13.476621430397245,84.5933664326293,89.60055360530589,78.09129834681312,1.0,28.557470106690573,1.0,1.0,43.91268057637768,20.67268965707339,1.0,97.06496661413485,78.501107382834,86.04643655114467,79.00918395050098,94.55518729307437,99.33761549856104,93.22069447116962,7.696405550724862,1.0,1.0,58.17956328876022,1.0,55.58203895537741,42.58820505516337,64.06235791054291,44.15565888771181,39.12840574502866,96.92024754786155,17.47546846224384,89.55586279109923,74.31609562768182
30900,2,17,17,18,22,18,3,101,USA,30.925821844816483,8.063817929275558,13.42929580372271,58.71997976386746,17.11734969494421,44.99504097618501,82.11338376053402,33.630522028593674,46.32138626874536,23.061104035291663,38.816119411727584,48.983237584427684,24.450026149603673,53.694512358255906,35.05809521923965,26.575607003584423,35.863114210481,63.04358033960449,46.82434645388838,49.99999999999858,13.725430869959183,29.074168654481383,8.86786533280204,20.37248554819024,26.259510286198037,33.87469800503456,60.60359954468936,68.70258339069414,76.27047350850887,70.60326489133035,58.5656690031538,75.22616924738367,56.4544420238056,98.9965433323888,70.07894547098226
88085,2,36,10,56,9,24,11,101,USA,66.57689870436599,83.25237944960452,41.91533974070052,41.99495664515888,55.830976460441036,70.76878765562856,62.685739247457434,96.15983199287962,63.20312309096943,96.36368410558077,95.46494093275498,75.29940096995824,79.81194919210759,95.89792084771852,11.849344273167873,32.33683325556629,39.60153246430622,21.773925274910596,73.28474665502551,8.427652382206134,1.0,84.37741973382447,71.03332665341549,86.12872371318815,70.54709916894535,81.65516168436488,70.67123342360873,59.55017917542108,33.36696354944115,60.42477581553817,50.808806724323006,16.82603599576234,80.63446295056406,5.399469858662272,25.80553116473422
328847,2,39,18,53,17,4,2,111,USA,49.60162065730543,24.65991214027227,3.688057736559159,70.13473438320716,61.07139808454821,90.63018663441358,48.576617450646324,96.62346578996528,80.3671613682983,94.55163964211795,92.17849549876689,88.64046967681088,55.989958694574455,99.5674433049578,82.96922609496255,85.51395057332343,79.5429030640945,93.52770109924222,91.50959199298825,14.388220962407416,75.662292729603,76.43388345219194,83.25237944960452,70.65410972728665,89.68114552481791,57.8214434189569,29.328766576388233,70.35319944682698,13.747000525356498,21.14522395556716,46.766679265890104,19.819521227727023,11.652815607254041,30.49117442662336,5.635294664448608
129422,2,21,40,10,3,18,8,102,USA,75.08560987423277,92.76668478665965,91.4048634828622,64.72479717011902,96.6548610807622,35.93764208945407,11.02956043416009,57.49825599633937,56.97016483628056,21.85000045652049,78.09129834681323,88.64046967681088,89.26937941052824,7.387219948164201,99.66935122106042,98.62100556219502,99.0,63.31946390461832,38.04138284016847,99.34847401490754,96.19374149497719,82.22665393007685,66.54624894983101,81.41475722390544,96.00666942150986,89.20048547787871,24.565864920511927,65.03935511670318,17.34182933286462,21.14522395556716,54.846168774782996,5.035395486477029,22.510403978694114,54.38260045296113,8.134210253605232
211561,2,17,51,54,15,12,0,105,USA,11.49216837143399,32.30086506298957,18.091093533910794,53.28300011763815,42.68003802225007,10.39944639469067,1.0,47.13134731573945,28.557470106690573,55.989958694574455,50.593135699815036,38.89893101034255,63.20312309096943,44.463922165544204,56.18830886320245,67.25861939826268,55.02122998860722,36.95641966039261,17.610461799128302,71.08701564560687,70.30114211772138,38.3564971802312,19.00967208037636,59.28595610939959,41.82043671123682,25.27056488440266,60.60359954468936,53.185121557385685,61.29976780711871,57.63140255323418,73.39148854164074,39.32378978437407,56.4544420238056,61.58199982530522,78.35350300402342
158362,2,16,53,29,21,17,3,103,USA,6.757407223919472,42.291087082205365,23.23512349102603,1.0,88.55650798049987,1.0,30.69242588388164,1.0,1.0,1.0,33.104268824151234,1.0,10.799514522117988,71.52971542119849,33.12031365087046,22.914481651507117,88.69781772945885,54.388598308683754,1.0,21.3027614855734,30.63992438136114,12.233685683601124,11.905198398291134,97.64277972473144,26.259510286198037,1.0,35.44845706311651,4.878981883811036,55.68313822268158,57.63140255323418,91.19146308714903,19.16249926646887,14.02178810181016,66.9308230275501,88.89737441320062
323332,1,18,47,15,15,30,11,110,USA,61.55690434118151,62.44180605288369,68.4116241520884,34.03205562984181,29.94808702969675,46.99412107765221,90.59164364262006,8.67419469903166,18.61184945230545,29.74146806834574,20.98463817665521,8.138245840943256,5.3248407799938775,35.84241749170508,32.05407793287333,50.444855885907884,24.01553101213875,11.584755762994718,22.266214105837975,59.1795906710056,52.505314968993446,84.70846809500802,61.61054636296922,51.59328961075215,82.46458131618783,78.30797746527924,85.870934111515,84.13294360024918,65.53447141473231,64.1514006211413,26.05410933084437,75.21206109473849,90.26076465827953,50.55606614092534,55.07623775225028
294254,1,27,44,41,1,15,9,109,USA,71.5518825486115,33.56443166115514,53.66061046757994,32.29361888896099,89.02639377864637,91.55657756489688,72.13117650841292,69.93844782983876,70.07894547098209,72.10055176954745,75.28209110360444,64.67544802501914,40.31097559507873,71.7487486783483,58.00148636052478,58.313084197575165,39.95646936187677,61.29976780711877,40.56094673416658,73.48346135784982,58.10228715703602,34.8357917082036,33.429732576898715,59.94916971135797,41.14506162258914,66.72472775425962,23.002631534593064,19.60253669358994,10.549219147550758,18.510816413584024,12.383733081535269,17.681323668604676,32.54383356563801,7.927984176145856,20.178564309796258
186870,1,17,27,41,16,6,11,103,USA,54.0488310891763,92.04776774279742,28.76555506693211,87.10244813778695,51.6679506587941,80.09800138568346,1.0,1.0,66.85561577610315,1.0,16.19559232062153,15.113676818130472,10.233315122673844,1.0,87.57967724859623,96.39423247124898,66.51034893630327,99.6000872796244,33.74743130294135,41.68691580242188,97.88849736712098,11.546089615806096,66.12530199496246,1.0,58.05661555062329,19.9849098635147,1.0,27.7341865131485,95.56901887654533,80.69410278073372,79.10572652846167,94.2497690484131,33.91083352006473,99.0,97.55841535311481
333852,2,27,31,27,15,7,4,111,USA,61.46053037047943,4.849929977967491,87.43748015944948,41.99495664515888,96.6548610807622,75.32807768554233,43.8453517351694,99.0,98.3101684487608,97.80821267068507,88.11866088490251,95.05909897483161,99.44341442676227,98.90219007153121,97.17080776959347,91.29658428621372,99.28903108451607,95.77705107163649,73.28474665502551,56.37210185571547,91.03705908413644,68.84175466057837,47.596179817294626,46.256957089828006,96.00666942150986,62.94967134706582,24.565864920511927,88.55650798049987,1.0,8.165431414597577,1.0,2.1665623226142685,3.947459569359083,1.0,3.5713024619715696
7726,2,18,33,52,21,17,1,101,USA,54.37716204920969,72.45946413723033,65.3808342608151,78.930623981037,59.55017917542108,21.55810182641281,26.19180591511258,63.06417377812289,52.45351877055924,68.46322926279544,56.50795454375839,59.105415786523,58.854938377407905,58.284910629285946,78.8851262383954,71.1524166859918,73.5016449847086,82.5422801540393,53.17565354610883,74.9804753003109,70.30114211772138,50.489187386854496,55.28135202338723,36.162632748775025,68.74074637331933,70.51059471376072,17.51142959544154,53.185121557385685,33.21661988493392,31.065236237279777,62.39709853642091,32.194701977513006,3.621488419063425,66.9308230275501,51.87270511600451
166508,2,13,6,26,20,21,5,103,USA,64.80290424399561,23.002631534593064,81.90890646608625,96.3006166334876,1.0,82.49414361582035,82.11338376053402,77.76846692547701,58.55236278061574,86.3743755446095,91.38663287631312,48.983237584427684,45.5566739162652,83.23803042156646,14.898527423199539,22.914481651507117,15.648820633267945,85.83094718467828,59.48073062366848,6.400121260663951,1.0,85.00177791403723,8.86786533280204,70.44701254587068,96.08214088654938,78.74483379669266,79.22231631654597,99.54914615913515,82.51494454378076,95.96914904414416,58.5656690031538,99.4871291106598,47.22811985829236,39.50535605806317,78.35350300402342
154303,1,22,43,14,23,18,2,103,USA,13.366618923046133,87.9577765080262,5.498141602288726,63.652467915599175,1.0,20.508511603777947,33.58339906695974,47.34351473968718,1.0,54.556975949327466,95.9083538786092,1.0,52.964175030515435,95.69365444961386,1.0,1.0,1.0,1.0,1.0,1.0,1.0,87.53599401349629,1.0,98.65518298932966,98.0979983975011,99.40962177115591,99.0,54.18252200787731,99.2988418812572,99.64260680430323,53.823398285471114,99.0,98.84315228214336,39.82652432314637,99.0
116778,2,27,1,59,16,10,5,102,USA,36.47580823944185,24.65991214027227,3.688057736559159,30.92981159264579,39.96934393210995,70.76878765562856,75.85958331893107,35.0423946983492,69.241915284083,49.58131153933135,16.61144435151772,30.92981159264579,51.71482449908609,17.11734969494421,75.57443544675277,49.56063603396092,52.09291350348076,72.34611144766149,61.958617159828464,95.70424778762697,71.05247102613345,1.0,57.1914253817464,1.0,14.410582680954661,1.0,1.8071150900638884,1.7823386851823528,26.239635196991657,3.735362355170551,62.811288492334825,40.585778717067456,11.652815607254041,88.48499779615781,3.5713024619715696
256896,1,22,28,52,0,9,10,107,USA,49.4648378682312,54.846168774782996,78.23795352732941,27.39466858187575,61.76273333671202,39.96934393210995,37.80945197566672,83.67835015560195,58.08466025929653,79.98271330943305,92.9981312727466,69.69101146171175,57.18008180471179,90.64706074455307,73.85506881522349,85.51395057332343,61.76273333671202,78.68758818548724,64.06235791054291,24.042900881524474,85.1758837078429,74.0881334027045,47.19168211406509,80.238196328105,90.59164364262006,66.72472775425962,52.57787559748709,59.37039484136545,12.999734544277203,11.969716158754522,15.09685281157391,9.994604431249229,28.20459265453337,44.64654924803892,20.178564309796258
34365,2,18,57,27,13,29,3,101,USA,30.925821844816483,52.57787559748709,59.316179143202476,42.36174007540245,53.95060925674363,1.0,40.17220037646791,8.849514472390297,1.0,68.46322926279544,44.67079951304356,12.660403857158286,24.450026149603673,2.6242539865913415,47.05274536720049,22.914481651507117,39.62383943814069,17.457719845957683,46.82434645388838,78.69723851442359,86.98840586106246,76.16055538599448,85.40624108122324,53.49797160417478,41.82043671123682,38.38945363702777,99.56900376775138,68.70258339069414,97.28556962073321,93.91650313720686,91.19146308714903,86.96632865979723,93.90773088061007,95.52741118509812,91.76591663041097
193074,2,18,55,45,23,20,1,104,Canada,42.456757130969095,3.2140818418625656,76.76487650897081,21.98554323401359,17.11734969494421,74.11744885089718,85.83094718467828,43.70095510302724,70.31730040788568,26.81939930077658,33.104268824151234,54.063262499480516,20.67268965707339,75.65063070036763,13.438079854269773,10.332299672838332,12.866069764899407,54.388598308683754,8.837398860853057,11.50714455443594,40.39427439640821,5.780029348874379,11.905198398291134,2.735353830436466,9.51246347143774,10.799514522117988,35.44845706311651,32.29361888896099,64.97439451463316,70.60326489133035,62.39709853642091,35.72345774980255,61.01069607724554,97.60574978768477,56.53893235643574
204454,2,50,56,17,3,25,6,104,USA,87.61723908821011,38.0810749182985,87.43748015944948,88.64046967681088,45.2259618242183,90.63018663441358,95.24464839547647,61.02434518925406,38.03089399597786,33.13730422869742,66.20780177702142,53.441633783084455,72.40894963476512,80.57148528841765,43.05964334144585,28.267673322213682,47.90708649651623,53.844028635023164,16.654099179040458,33.840423460596384,87.75190106309344,95.38875234960653,61.91892508169872,52.496530987935046,89.68114552481791,85.62147587131506,87.88726300699477,99.56212470670027,41.81308801902122,64.85190053121335,14.104550358581292,33.25967091737266,80.63446295056406,30.49117442662336,53.319429804707454
93340,2,25,47,6,15,30,0,102,Canada,35.19709575600143,52.403820182702646,66.57026742309836,5.474027310624237,75.896469460812,22.051478045657404,30.105722373059507,18.14227509165019,31.945871788203334,18.42776043837648,78.09129834681323,20.791244461849743,26.81939930077658,4.9480286306779675,30.079416898810877,32.33683325556629,31.560378358973026,1.0,12.295540239747453,93.5656869093541,71.05247102613345,96.54086222896194,71.03332665341549,76.22732636636681,75.94333318302654,92.3405498933381,98.19288490993267,84.5933664326293,43.72883117512026,17.470860014697195,4.626673318304569,51.892618981663475,98.73037638467201,44.64654924803892,62.685739247457434
53080,2,32,34,32,18,16,5,101,Denmark,36.47580823944185,2.927353568968698,10.10598483323173,5.474027310624237,99.67285308425994,93.48525340387232,25.80553116473422,78.55865833938594,89.6062228543542,49.58131153933135,53.29311963406161,95.05909897483161,89.26937941052824,38.87170207648552,99.67170015934494,93.70362584385214,97.27619531197854,99.64544837204335,99.0,88.15258071082917,56.175137629626704,1.0,28.966673346581445,17.601766613999473,24.056666816970278,1.0,1.8071150900638884,1.0,11.112568382946506,5.750230951583532,58.854938377407905,19.819521227727023,1.0,44.64654924803892,8.134210253605232
184211,2,24,40,9,20,18,10,103,Germany,91.01072941348525,89.9625610576469,66.57026742309836,53.441633783084455,84.49314686490402,66.01067157866157,97.12389438060234,44.397603800530305,63.20312309096943,45.40024373105052,53.29311963406161,30.92981159264579,55.989958694574455,29.589779021082336,72.58720034524305,66.8333246469353,52.09291350348076,44.24036830069821,43.98116094104404,95.70424778762697,80.01509013648229,85.41314717203397,42.80857461825059,70.65410972728665,89.68114552481791,72.76718201217892,70.67123342360873,94.9177941025722,22.044487307329376,14.059962345009183,6.5624904528720975,33.25967091737266,18.605107809955825,85.08412333851334,30.105722373059507
117708,2,25,11,20,10,18,5,102,Canada,30.1860031641215,47.596179817294626,66.57026742309836,41.99495664515888,20.508511603777947,17.908775923854762,34.571415401094725,23.05741018832211,1.0,45.40024373105052,7.821504501229896,41.99495664515888,16.135186567182956,80.57148528841765,2.317319441603928,8.194386905717607,14.002342391831263,1.0,8.490408007008512,29.566759293785054,13.678416211778597,22.84244017795328,1.0,58.701033451356636,1.0,57.8214434189569,87.88726300699477,17.11734969494421,87.59856168432407,90.76405995088896,74.12755151230016,66.74032908262433,98.73037638467201,26.059328894242867,99.37747445535263
48404,1,17,18,25,20,4,5,101,USA,73.4536867199547,92.04776774279742,48.47497472547985,59.88492177432994,29.94808702969675,80.09800138568346,73.58796746462082,1.0,6.063415838708025,38.53778649358617,1.0,1.0,1.0,1.0,59.72555102846911,32.96395269530268,50.79971971025083,85.05514464138969,39.89486403050768,82.88265030505272,42.50673874971841,1.0,1.0,1.0,1.0,3.8062585050192297,44.49629171536981,10.536600056763831,99.0,99.38202868285259,99.0,99.63231316115002,67.00192895808408,99.0,99.0
194572,1,34,13,20,13,5,2,104,France,73.96021344663552,65.40796685857111,82.47693013887124,47.87586579427381,51.07837601973398,50.53116852032986,86.45666036915668,51.96386700368748,45.63444639669791,54.556975949327466,95.9083538786092,3.149557071884857,57.18008180471179,57.77181115832951,67.718919034203,97.39639012845555,53.073836758051584,33.216619884933806,23.934694948060837,64.78278589337833,81.28692149370818,99.0,94.2497690484131,94.77909849696766,99.27044993058041,94.12361067440236,96.78591815813411,95.68148758840823,39.22532099431328,47.33197466719491,24.36667743994991,14.930461868833419,50.93650051561667,26.059328894242867,94.93180673518896
207757,1,29,6,26,15,12,9,104,Italy,76.30435748423997,91.35510392462345,33.038220660422525,68.70258339069414,92.27885279287841,61.07139808454821,50.87869737842715,37.07667992061732,58.08466025929653,7.400872305432202,75.28209110360444,28.357182624091593,48.729091361349106,43.19382167571155,75.81695156631247,93.70362584385214,87.97121727048989,65.88150455292742,40.56094673416658,37.023634211068725,67.93474740485391,88.41290973620823,96.31194226343769,65.3435195458141,46.66577108930471,88.09947126256975,76.99736846540372,74.16973230320127,31.292288097321403,30.050868353950648,15.09685281157391,47.82170921200657,64.78278589337833,30.49117442662336,28.527221823082982
191807,1,17,50,52,12,14,1,104,USA,62.788954456931606,76.90651235726591,63.571847377224856,20.028241776119472,57.20631330942837,56.99678035513409,73.58796746462082,7.970502440509733,9.602088838966921,14.353978603877408,16.19559232062153,8.138245840943256,23.678321390588252,35.84241749170508,6.641011459382554,8.35517860605151,1.9611887822671292,11.584755762994718,22.266214105837975,25.12307179085471,32.780366410893976,44.79726571695039,3.5064568632656545,13.207181549323053,36.66643893113121,89.77479615703214,96.90713480562715,38.059457108195716,60.37388968274291,41.258983812307235,18.801049858689595,64.50905892624388,79.8214356902007,85.78653499209838,60.65892388614958
115739,1,19,18,10,23,1,5,102,Indonesia,46.45645316824249,22.202985535358806,81.69065865934795,34.03205562984181,40.597419457146316,52.004524179074735,52.223645153743746,32.94804921093882,35.57062646454057,61.46221350641065,16.19559232062153,38.409904521478666,23.678321390588252,50.494282940076005,48.335299623500646,63.6332320645019,58.75637895863116,22.58667220257354,46.19023280498891,33.16667535306172,67.21963358910307,67.3362604544526,66.12530199496246,51.59328961075215,41.943384449373866,89.77479615703214,49.49875553694591,65.11427827745615,57.222805237171144,68.54137944829739,22.331027267183856,41.526618308606714,79.8214356902007,61.58199982530522,66.11822851590068
79445,2,15,0,21,0,30,9,101,USA,27.275013565319853,37.234191385917086,46.87999385447824,74.22680595634887,3.6415008991581033,64.83340781780561,3.2140818418625656,61.94914293167915,40.23918650456716,55.989958694574455,56.50795454375839,64.06235791054274,75.54997385039349,53.694512358255906,64.16030247123393,71.1524166859918,66.35762173414804,63.04358033960449,59.48073062366848,67.04630895707658,30.63992438136114,72.92407924715411,31.639846490353705,70.44701254587068,63.53406225256617,47.65939602551936,83.27341643809916,95.58814230780956,70.33237939477914,62.055254706882295,73.39148854164074,84.29098216856346,25.158187457547797,89.55586279109923,65.67904193769476
87786,2,16,9,40,17,21,11,101,Canada,79.16268720859159,67.6991349370075,65.3808342608151,78.930623981037,75.42677453203078,55.004959023812035,78.09129834681312,60.82838910395452,89.78597966804489,47.4283312062351,56.50795454375839,48.983237584427684,63.20312309096943,44.463922165544204,84.50104813567418,67.25861939826268,83.18027635575788,75.2622122206759,59.48073062366848,88.49285544556074,79.22231631654597,34.81006046918327,81.75583192499732,36.162632748775025,47.263624580874534,33.87469800503456,10.313414471076555,27.39466858187575,35.93764208945419,26.941078206479716,62.39709853642091,25.42533077083897,2.0528534047376468,95.52741118509812,51.87270511600451
333184,2,17,47,2,14,29,3,111,USA,51.72601805238503,62.7658086140799,59.316179143202476,36.99571155383836,26.569667184096602,30.433837038828756,85.83094718467828,13.30909946597734,9.454964255860347,30.736721929339495,27.610421178598017,12.660403857158286,28.417645382477644,22.756772076691846,58.20274260666406,46.65271327404656,73.5016449847086,45.61140169131329,34.352882342751116,78.69723851442359,45.430036846224084,40.753515167059845,22.99667203151691,25.344952235595855,36.46593774743093,47.65939602551936,79.22231631654597,47.87586579427381,68.57019616941119,57.63140255323418,54.686835292814635,75.22616924738367,61.01069607724554,92.82346852083447,56.53893235643574
319430,2,36,40,55,11,30,9,110,USA,26.560248486689005,28.966673346581445,60.5424373119057,1.0,1.9528124319700737,83.66082146415988,58.035300002071665,44.397603800530305,74.99408138629997,25.45996442274705,53.29311963406161,53.441633783084455,16.135186567182956,72.19114017691345,4.882000788748982,10.870300553545434,6.270160036442462,14.245908175891344,12.295540239747453,5.974300634468989,51.03149623323941,42.56949810045177,47.596179817294626,86.12872371318815,10.31885447517891,77.35318352774686,12.112736993001931,42.68003802225007,39.90842266416678,37.79301445376893,27.318507249333862,6.9047873344051,87.70991929816626,85.08412333851334,30.105722373059507
112807,2,18,14,49,10,16,4,102,USA,6.757407223919472,1.0,34.61916573918188,53.28300011763815,31.747142483319834,4.926259687908782,26.19180591511258,94.79577204175541,85.63451242578503,76.20132219233813,87.62929142411929,94.96954883236674,86.18427994672345,83.23803042156646,51.1184240765495,46.65271327404656,69.9848920385781,71.33191861117649,65.64711765724587,32.953691042920525,17.51142959544154,62.595520401963256,55.28135202338723,85.07826600534418,58.17956328876022,66.12530199496246,50.50840487755136,37.376126900058125,57.56602231005212,74.66155608194424,73.39148854164074,46.66577108930471,56.4544420238056,28.925397546363968,61.15337443158933
264720,1,23,7,57,22,15,2,108,USA,87.74138479493661,79.88105043362498,86.36991465860137,58.46198478449537,16.292451020166226,66.19844583264802,99.0,1.0,1.0,1.0,5.750230951583561,15.113676818130472,1.0,29.1417526603677,9.454964255860347,10.870300553545434,1.0,24.55350073197451,23.934694948060837,55.608646060651324,15.574641162813691,34.8357917082036,5.3028783114198745,37.87624240388857,30.46290046715066,61.76273333671213,42.291087082205365,74.16973230320127,82.52638925998667,80.77786188366656,65.09172431362839,78.80054278806642,50.93650051561667,63.96838866723374,99.67213447575466
254076,2,32,14,35,0,29,8,107,USA,83.79589734990736,79.42646223603026,91.4048634828622,70.13473438320716,80.35947022086873,79.64120213339004,39.164121453558494,50.35827469249051,69.241915284083,18.42776043837648,46.70688036593572,53.441633783084455,68.46322926279544,53.41024752405781,84.66602417273975,91.29658428621372,88.86148498074533,72.34611144766149,67.74027334454553,51.824706498066064,71.05247102613345,68.84175466057837,7.233315213337107,58.701033451356636,89.68114552481791,81.65516168436488,55.302777255909916,88.55650798049987,27.104893098458973,37.79301445376893,54.846168774782996,33.25967091737266,8.682797163853309,77.33488278773791,1.9807224414555975
151805,1,30,4,2,22,1,2,103,USA,31.16317994924262,23.74815518018309,58.85493837740813,63.652467915599175,45.69101423380141,16.304651131737984,25.510158467538673,53.11798253744837,33.4297325768986,72.10055176954745,33.70576361322108,43.64141819818519,69.4387851150434,48.05036885527579,73.85506881522349,62.61750720984338,77.90615917089269,70.33237939477914,64.06235791054291,60.2364043211619,67.93474740485391,46.35277685339031,56.53893235643574,32.54383356563801,46.66577108930471,41.27219492504753,52.57787559748709,54.18252200787731,56.60376217596507,60.60359954468936,57.62660968811787,30.168444341118146,50.93650051561667,59.21514729374104,79.02888421023272
106124,1,19,3,10,14,11,3,102,USA,43.93424711458135,2.7238046880180633,33.50591881826929,54.704020423288796,73.09049750610438,42.010938364274864,77.46440955108017,25.11909054195013,9.602088838966921,43.08710500282825,16.19559232062153,38.409904521478666,31.70743267490576,50.494282940076005,30.11342325389225,14.133562210003134,58.75637895863116,35.752386609459336,65.039355116703,54.82628182415766,1.0,47.33197466719491,7.967776761659081,9.712717615729161,36.66643893113121,43.82486237037028,99.30539902676924,75.19121993617478,95.09950929475144,90.57410162984377,63.565929724145064,95.98521155440608,83.61910331920171,92.82346852083447,85.42287931818055
50552,2,25,42,45,21,11,5,101,USA,10.124946505403415,1.0,1.0,59.13772006023231,6.14410493977671,26.468749470533226,79.86341080358977,61.02434518925406,38.03089399597786,73.79784262959129,83.38855564847916,59.13772006023231,23.061104035291663,72.19114017691345,2.317319441603928,10.870300553545434,8.552307569892605,3.453357380102119,21.487023866808073,11.243697957803903,17.517165025477652,70.14729967836013,66.54624894983101,70.65410972728665,64.87415180158689,32.05120225161804,91.24648810278018,48.305582994432655,94.39016817488687,93.32981256886353,66.6913920797009,93.09521266559159,98.73037638467201,81.35350509583145,79.86341080358977
188558,1,15,53,14,17,24,11,103,USA,30.47024501615843,85.24142108866056,1.0,15.921465128015797,29.94808702969675,84.02866242798461,26.412032535376227,80.66208770345531,66.85561577610315,97.81146317879995,87.29220356230667,59.50871942031665,35.93764208945419,74.24701051971755,42.12105509488873,50.444855885907884,27.556236074571927,40.434807185092495,71.00186778562642,41.68691580242188,42.50673874971841,63.69459668795298,57.003317221551015,76.81282413922463,52.69495166842427,6.132518188783962,92.28730726405854,70.26508838753557,41.30265384043497,41.258983812307235,99.50534255089781,30.373205774212465,7.495455514514461,28.925397546363968,22.625616852424997
328205,1,17,22,2,12,25,1,111,USA,5.96786637304686,2.7238046880180633,38.402503035148015,12.18133681601131,20.21548134609074,15.224039783829369,22.535590448916935,82.5985928401476,60.728061954840825,70.25853193165136,72.74322579062357,69.69101146171175,88.62160056241169,74.24701051971755,74.40812276676019,75.93679350049774,66.51034893630327,73.21175121452501,65.039355116703,50.43936396603607,80.50488183684661,73.19020655694652,78.74483379669266,67.20549961186697,47.30504833157312,89.77479615703214,54.50575608986287,48.90503595078849,14.873113458385859,41.258983812307235,18.801049858689595,17.11734969494421,17.11734969494421,23.966802620214708,22.625616852424997
275034,1,27,25,8,22,24,10,108,USA,27.477524384954393,65.40796685857111,5.498141602288726,10.714195593724298,76.7161700353987,75.896469460812,6.521220969316275,96.05692016772173,98.34162882046974,54.556975949327466,98.04461905111657,97.89506570647995,83.85324876846573,83.99766180589484,74.84181254244908,95.74707900680392,70.12165053195866,51.8976637847569,52.371791064982006,20.095747650381668,96.66053255329552,95.01709834844974,94.2497690484131,98.65518298932966,93.69665425731546,98.11132681325103,42.291087082205365,43.73447948589535,1.0,1.0,1.0,5.9282486571625554,28.20459265453337,1.0,6.975382297096161
88519,1,22,35,21,21,27,11,101,USA,85.87363839609088,49.46078375067634,86.36991465860137,53.185121557385685,85.3108077081198,75.896469460812,86.45666036915668,45.03878478822713,64.18263323986054,27.89944823044962,45.709546168848874,54.24481320760782,65.44478241121891,24.769386228452646,68.76478672424895,49.56063603396092,87.97121727048989,47.15427409876639,34.79835408249858,93.78554924013008,47.9668538851372,83.77933948550105,70.07894547098226,84.56716102782389,86.96632865979723,71.5236105989706,57.708912917791565,69.4156405997457,20.720145174680965,9.139987713136179,12.383733081535269,40.608585512881746,55.608646060651324,14.207986596123675,37.61317345856344
240086,2,19,44,58,13,1,10,106,USA,27.275013565319853,57.708912917791565,23.23512349102603,31.77158528160487,48.305582994432655,7.436016474257286,45.06434861754923,35.827063402548276,64.53469706952234,16.135186567182956,68.01434649002357,24.67192231445489,36.79687690902773,44.463922165544204,56.18830886320245,59.164320907627484,80.12018947505294,41.253357029240476,53.17565354610883,37.1121953585116,50.50840487755136,79.26419127960321,77.82092340640315,59.28595610939959,47.263624580874534,86.01734838160507,83.27341643809916,63.652467915599175,50.948985847558845,57.63140255323418,42.9813826315102,32.194701977513006,56.4544420238056,56.10310053102842,78.35350300402342
311072,1,17,33,29,13,2,5,110,USA,30.47024501615843,52.09291350348076,58.60425385782702,49.47664252260131,5.482562088990235,15.224039783829369,47.7763548462533,6.020995248925857,13.81572005327331,65.92261478234616,16.19559232062153,1.0,7.601480727013083,8.10044689153574,69.69388978043116,92.15079630607045,77.35818626598257,14.944855358607043,27.840394651610865,71.73232667778342,84.40401259632893,64.91753336498903,78.74483379669266,41.01418900333107,68.4693093138481,64.26103025775632,54.50575608986287,48.90503595078849,37.13235247544594,32.326088516707244,18.801049858689595,30.373205774212465,79.8214356902007,28.925397546363968,60.65892388614958
306952,1,39,32,58,13,30,2,110,Canada,94.69712168857689,70.4714220996438,97.44911960504214,73.55834364977648,97.16847401524115,61.07139808454821,79.73389095000289,58.854938377407905,58.08466025929653,49.99999999999858,39.636916846050894,83.29083516369599,80.53865605787837,20.62241428251221,98.96628024073766,98.62100556219502,99.0,82.51494454378076,92.39851927298366,99.6502889820996,81.28692149370818,83.77933948550105,85.68113180055286,59.94916971135797,90.59164364262006,66.72472775425962,57.708912917791565,74.16973230320127,9.404867760584978,18.510816413584024,7.643847637544525,12.362471450670682,4.872688754605363,39.82652432314637,28.527221823082982
269435,1,17,50,20,11,5,5,108,Belgium,80.98895586094159,72.29494873939228,38.402503035148015,29.13517763775053,67.97952772928915,71.41099419704676,99.0,1.0,18.61184945230545,1.0,49.39681158829484,1.0,1.0,14.525865828672977,35.01762651143514,63.6332320645019,42.82463416453311,11.584755762994718,12.4862614482511,46.04939074325358,52.505314968993446,82.78443914642628,92.03222323833745,51.59328961075215,31.530690686149,64.26103025775632,73.67177934677,99.41673164692168,50.85239140463568,16.409363679595884,29.941898306264306,81.67317048033544,71.47277817691389,39.50535605806317,60.65892388614958
20864,2,17,32,10,17,24,2,101,UK,69.81399683587563,37.234191385917086,71.22629291164247,36.99571155383836,80.19514273855225,78.44189817358415,73.80819408488429,90.4605904334802,85.63451242578503,86.3743755446095,87.62929142411929,89.36356227047679,67.45616643435892,71.52971542119849,54.16463444250638,74.90872601174459,35.863114210481,71.33191861117649,71.58235461751946,49.99999999999858,17.51142959544154,43.1705646194394,40.90811813974602,70.44701254587068,63.53406225256617,33.87469800503456,13.725430869959183,58.46198478449537,5.86624973608572,9.597163351753352,28.017660032449186,11.039189487614777,3.621488419063425,19.311718575472838,20.866239721879907
266975,1,22,2,12,11,21,3,108,USA,18.37287966470089,49.46078375067634,23.542947406190677,73.55834364977648,20.561530401874762,6.14410493977671,14.805765312576852,38.19972999599139,39.4575626880914,86.90681568138461,51.840430352222086,23.643949523418712,24.450026149603673,20.62241428251221,70.83021144068346,53.95060925674363,93.25032688720819,13.27157339255723,40.56094673416658,88.28075826138559,85.1758837078429,45.05353300767098,56.53893235643574,27.409635915245588,68.50084497134463,22.12609129554656,42.291087082205365,64.46531457556091,82.52638925998667,92.88327765956069,75.63332256004708,65.73375433988832,81.41475722390544,63.96838866723374,74.91866798595385
164903,2,20,3,49,14,8,5,103,USA,39.839017936896994,67.6991349370075,28.773707088354342,64.06235791054291,53.95060925674363,44.99504097618501,7.821504501229896,8.182238780470414,18.07413941207355,60.225336049293276,1.0,24.67192231445489,17.11734969494421,6.5624904528720975,55.17743737936871,55.01669969009657,69.9848920385781,45.61140169131329,5.444812706922107,85.48287799381364,45.430036846224084,1.0,2.2963252312841576,1.0,3.9178591134474203,29.489405286236234,10.313414471076555,18.363391319755294,96.60969415338707,88.68818169815381,95.25160469618959,89.43795809684354,74.02502740042638,99.63785082300456,91.76591663041097
10549,2,17,1,3,23,23,1,101,USA,26.086814600447838,37.234191385917086,46.87999385447824,13.476621430397245,12.97238277253956,59.96455073421714,35.36705841812295,55.157851850383736,46.32138626874536,72.40894963476512,44.67079951304356,29.2312123443686,67.45616643435892,53.694512358255906,47.05274536720049,34.3314735878171,32.17954261031346,49.99999999999858,34.352882342751116,71.08701564560687,65.52574711047504,27.959146065188264,36.21588033259451,53.49797160417478,26.259510286198037,25.27056488440266,50.50840487755136,18.363391319755294,26.227005773014127,26.941078206479716,35.33576144754812,22.221421111983574,51.84839431971352,23.966802620214708,42.532852754387704
42877,2,26,50,16,2,21,4,101,USA,56.226739093585024,52.403820182702646,41.91533974070052,16.239754440940516,61.07139808454821,45.936737500516585,92.91508350555785,1.0,11.211724100645796,1.0,1.0,5.474027310624237,5.441180697799297,2.9804961449534773,3.9213549915431116,8.194386905717607,6.270160036442462,8.03219799034747,1.0,47.263624580874534,30.852352642443492,11.0953967844531,7.233315213337107,8.962940915860088,3.9933305784866775,22.64681647225015,39.44843304817931,70.35319944682698,71.14096931653722,21.14522395556716,74.12755151230016,85.98172945970623,63.60458836831259,54.38260045296113,90.17368850612843
83793,2,28,3,39,18,27,10,101,Argentina,64.03676662779884,95.15007002202924,29.92105452901481,47.70466906821406,71.15813214473707,61.101068989654436,34.571415401094725,18.14227509165019,4.302655353493108,41.24825991472602,16.61144435151772,75.29940096995824,30.736721929339495,2.9804961449534773,75.57443544675277,62.61750720984338,93.72983996355435,17.865663527580637,26.715253344971444,99.34847401490754,61.25946572680101,73.97148887203758,86.77776916771938,64.78278589337833,64.87415180158689,85.62147587131506,34.30761847227842,48.305582994432655,49.51646203619191,33.40694941671984,14.104550358581292,66.74032908262433,35.48102721108222,88.48499779615781,67.23225874558347
59859,1,14,46,48,2,7,6,101,USA,69.99888775996612,46.8616625569893,85.5457731059488,12.18133681601131,51.6679506587941,93.62486758591967,77.46440955108017,27.29597326525206,35.57062646454057,47.689773852054714,20.98463817665521,74.50142217039121,31.70743267490576,3.3977523525723257,48.335299623500646,3.9595162485978506,9.122016043886646,88.41524423700196,27.840394651610865,89.12969944645124,84.40401259632893,12.399556015673397,25.27056488440266,6.687945454165515,9.94667038579641,6.132518188783962,54.50575608986287,48.90503595078849,85.59202911501791,80.69410278073372,88.71309683207005,75.21206109473849,62.38682654143372,97.60574978768477,43.80047150705559
144940,1,18,25,31,22,3,0,103,USA,79.9641547229736,62.44180605288369,94.734671788117,87.10244813778695,73.09049750610438,56.99678035513409,43.344921433791455,91.75116243330649,78.26933715180166,91.66812214218226,98.6846009030711,87.16186232831421,57.97667528380009,69.76618448027108,70.65410972728665,83.22475351117635,77.35818626598257,85.05514464138969,52.54107759706261,17.800534288700106,71.8673250198251,98.98771831517456,94.47557225921162,88.94283652011359,97.69472431981262,86.32158378821839,64.35189813608548,96.71870695339089,63.48653732224341,76.84829742141653,42.309529269011875,30.373205774212465,75.75930386519542,66.9308230275501,76.40694272791006
134611,1,54,2,32,9,22,9,102,USA,34.960644883293924,15.084048449017757,48.4301341302492,4.878981883811036,56.4544420238056,61.07139808454821,63.892946217285214,47.34351473968718,64.18263323986054,7.400872305432202,57.946348166777,38.409904521478666,57.18008180471179,76.07937539063823,17.203542759018035,8.194386905717607,16.444064482690663,51.8976637847569,46.4438168710891,41.60700518705539,6.000161967967543,31.13757270081055,3.329479665443344,48.88792965914092,25.42533077083897,88.09947126256975,42.291087082205365,28.6562827261815,30.436239947678615,26.016015886155145,5.657455689244756,51.45242388555505,50.93650051561667,73.06999613385693,16.380896680795246
14062,2,26,43,44,20,3,2,101,USA,8.520486328146802,10.037438942349667,54.36555360329919,75.29940096995824,1.0,1.0,25.80553116473422,94.01507472051583,69.241915284083,94.55163964211795,53.29311963406161,84.6203993462982,97.61205212583025,80.57148528841765,54.26151488253112,82.19946571129663,56.26552051410175,39.49062956608225,94.68223656109421,17.82700499716219,26.153560990154347,66.19045769472592,57.1914253817464,81.41475722390544,89.68114552481791,27.23281798781821,75.43413507948515,31.747142483319834,55.30995761556966,90.76405995088896,50.808806724323006,48.10738101833368,63.60458836831259,10.878069661841323,62.685739247457434
158984,2,18,20,47,19,22,3,103,USA,88.15485748557933,11.217745275809932,59.316179143202476,64.06235791054291,92.01962974840148,95.0737403120877,99.0,69.60365368304599,98.2124738922015,51.71482449908609,56.50795454375839,73.53125052946376,24.450026149603673,79.56525799826431,20.442341740747082,30.390084313250185,7.990780209240285,67.24885676861538,8.837398860853057,28.91298435439026,26.016015886155145,83.16498203284345,11.905198398291134,75.67701117574552,82.88265030505272,66.12530199496246,97.54046586676623,97.57176437470537,33.21661988493392,31.065236237279777,35.33576144754812,42.977345193462895,65.48158958671098,11.15984711503495,47.19168211406509
174121,2,13,28,4,18,7,8,103,USA,66.07208454887291,62.7658086140799,65.3808342608151,64.06235791054291,42.68003802225007,35.16659218219144,89.20048547787871,68.5344066868521,40.23918650456716,89.26937941052824,44.67079951304356,38.89893101034255,79.32731034292351,67.23807905407995,12.038075403644257,13.115617267684058,15.648820633267945,41.253357029240476,28.417645382477644,37.1121953585116,1.0,44.384953820740975,36.21588033259451,36.162632748775025,31.25925362667769,42.99668277844631,70.30114211772138,58.46198478449537,73.77299422698269,66.39018662627882,66.15957653940058,84.29098216856346,88.5226331939582,28.925397546363968,74.31609562768182
6336,2,43,18,33,21,14,1,101,USA,60.16098206310011,52.403820182702646,35.81736676013651,80.15066620083473,84.49314686490402,56.08731942361942,30.105722373059507,56.31434375436572,74.99408138629997,45.40024373105052,59.82779962352896,84.6203993462982,60.225336049293276,13.513620199922286,98.74232671565449,97.39639012845555,93.72983996355435,80.6034086023285,73.28474665502551,88.15258071082917,97.96641038608618,82.22665393007685,86.77776916771938,52.496530987935046,93.17991654500008,47.38424542522603,70.67123342360873,70.35319944682698,21.23396677671755,25.048837768764088,70.4714220996438,16.82603599576234,1.0,35.09415280946621,34.571415401094725
281435,1,23,55,58,0,2,2,109,United Arab,49.4648378682312,23.74815518018309,78.23795352732941,82.4708482798892,66.94677104914928,12.47330482372206,37.80945197566672,76.15196988575985,58.08466025929653,96.78591815813411,89.39717246292184,69.69101146171175,65.44478241121891,24.769386228452646,60.19896459797957,62.61750720984338,77.90615917089269,10.121619831216094,64.06235791054291,84.99941429810258,42.903871202689004,81.76278994088227,91.76591663041097,75.54997385039337,90.59164364262006,61.76273333671213,23.002631534593064,78.67594907520959,63.814096660936116,60.60359954468936,72.23384881392207,55.07623775225022,60.2364043211619,7.927984176145856,98.37585552257963
92111,1,32,58,51,22,23,0,102,USA,94.05286581499831,96.58529297009034,63.961477249015104,58.46198478449537,99.61748019396737,91.55657756489688,55.263629249518715,50.808806724323006,85.68113180055275,20.017286690563964,39.636916846050894,83.29083516369599,57.18008180471179,24.769386228452646,99.47715589151744,95.74707900680392,99.27438496336617,86.05748381699186,92.39851927298366,99.6502889820996,88.7050654558816,70.55319544967148,74.31609562768182,59.94916971135797,82.88265030505272,41.27219492504753,27.54053586276666,90.19094369537027,17.04642161544021,18.510816413584024,38.61055267488479,23.662653344441537,9.911413245848223,44.64654924803892,9.739235341717233
157425,1,23,28,32,3,10,3,103,USA,50.802725943117196,91.35510392462345,38.067298615952495,86.41961753091277,40.348835575312364,6.14410493977671,42.12105509488873,2.0863221702943235,1.0,59.079735499801416,9.084881827350756,5.368564900396208,11.35054957986543,2.811291111333418,50.2231271933955,49.56063603396092,48.68203031647215,28.79653607930709,29.2312123443686,84.99941429810258,53.04877238159048,54.16723352054123,20.866239721879907,37.87624240388857,25.42533077083897,51.547120780486466,76.99736846540372,95.68148758840823,99.6372767278209,99.20409812900482,98.52527446695672,98.9080454357719,88.28075826138559,91.51438874914072,89.66055077540534
174325,2,19,12,37,15,8,8,103,USA,51.72601805238503,47.42212440251018,81.90890646608625,53.28300011763815,31.747142483319834,25.882551149099697,69.30757411611546,91.81776121952646,64.53469706952234,98.74639590052823,83.3382186311095,64.06235791054274,94.2497690484131,67.23807905407995,48.06846441941963,67.25861939826268,51.16041356852554,36.95641966039261,40.51926937632845,25.019524699686087,70.30114211772138,87.6001464463186,60.03770236290336,80.57794121246536,78.47416633678381,94.47557225921162,90.31994505042348,53.185121557385685,24.55350073197451,22.99146730217373,18.03168615767558,16.266918122059394,65.48158958671098,39.50535605806317,42.532852754387704
297887,2,21,48,13,14,1,11,109,Canada,73.91318539954938,79.42646223603026,72.36136535016311,92.14274646283457,45.2259618242183,31.1132506634697,71.63636970116852,52.74554957826348,50.63550054933802,49.58131153933135,66.20780177702142,75.29940096995824,30.736721929339495,48.53763055243792,58.71657309947739,85.51395057332343,43.73447948589535,49.03819143458776,8.490408007008512,69.59000458286471,71.05247102613345,86.42110074567972,79.42646223603026,81.41475722390544,80.98379288575211,42.17855658104003,44.69722274408724,99.56212470670027,49.51646203619191,55.91895338249731,74.12755151230016,26.28545322050678,35.48102721108222,35.09415280946621,75.85958331893107
256137,1,18,25,36,7,30,9,107,USA,65.22992944938568,62.44180605288369,24.228751316149385,87.10244813778695,46.11100570929818,52.004524179074735,81.1347120021669,65.42390864034218,41.772148309260274,61.46221350641065,67.1714764496063,79.05269259105376,82.19086429698166,26.632797507014317,83.04301634577962,92.15079630607045,80.6731691860358,77.41332779742356,76.65001635485646,29.07001713775793,91.13614225019523,69.71386132287404,78.74483379669266,21.389234492588685,90.05332961420049,54.122030713014226,54.50575608986287,75.19121993617478,52.98190565694932,36.740964169189226,33.9659964500367,64.50905892624388,25.08133201404297,99.46773126332607,32.81043085041472
118629,2,33,16,15,15,25,5,102,Russian Fed,37.76320934582037,38.0810749182985,1.0,25.710640422264248,71.15813214473707,56.08731942361942,79.86341080358977,12.831981429555611,11.211724100645796,5.057819312966302,11.881339115094278,20.791244461849743,13.024359851372537,80.57148528841765,1.0,1.0,2.7238046880180633,3.453357380102119,2.8566674935086525,8.427652382206134,1.0,2.657481090462312,42.80857461825059,12.993014428773478,1.0,62.94967134706582,24.565864920511927,1.0,81.90222459853464,73.33319121504621,77.63595327780763,70.28119891898956,90.75306645260173,44.64654924803892,90.17368850612843
145631,1,31,47,56,22,9,0,103,Algeria,49.4648378682312,54.846168774782996,53.66061046757994,68.70258339069414,30.02594327788131,39.96934393210995,50.87869737842715,74.12755151229999,39.4575626880914,79.98271330943305,69.75039977186134,69.69101146171175,69.4387851150434,71.7487486783483,49.10753124262885,82.19946571129663,53.073836758051584,16.752530593318255,14.454226894048105,60.2364043211619,63.080058676461306,89.26333019496735,47.19168211406509,94.77909849696766,78.40254957459194,94.12361067440236,88.78225472418683,54.18252200787731,40.127033024696004,56.21355262825239,46.17660171452587,30.168444341118146,55.608646060651324,26.059328894242867,42.33245874030621
290785,1,22,49,28,20,27,7,109,USA,21.646496995973536,49.46078375067634,33.038220660422525,86.41961753091277,40.348835575312364,1.0,37.80945197566672,10.211515644324919,1.0,49.99999999999858,22.60077033503822,23.643949523418712,8.712627306090496,20.62241428251221,44.65415108872236,45.17371817583938,77.90615917089269,28.79653607930709,29.2312123443686,64.78278589337833,23.78808931319972,54.16723352054123,17.11734969494421,43.344921433791285,41.14506162258914,51.547120780486466,88.78225472418683,74.16973230320127,99.36452933776548,99.64260680430323,98.52527446695672,93.70817680018945,95.93501744805155,88.48499779615781,99.0
247246,2,18,23,21,17,5,2,107,USA,42.456757130969095,47.42212440251018,59.316179143202476,58.71997976386746,59.55017917542108,40.03544926577973,14.16905281531848,26.220191811891254,13.489921776969908,55.989958694574455,22.40974990335252,29.2312123443686,54.44332608373179,15.368546958100552,50.10168249037429,22.914481651507117,43.44086596153767,58.746642970756454,65.64711765724587,74.9804753003109,40.39427439640821,27.959146065188264,27.220086945751973,20.37248554819024,36.46593774743093,25.27056488440266,55.58203895537741,42.58820505516337,65.88150455292742,70.60326489133035,80.0890261841572,57.75674281970055,56.4544420238056,56.10310053102842,61.15337443158933
9311,1,21,57,56,13,21,1,101,Canada,61.414726611286994,54.846168774782996,63.961477249015104,32.29361888896099,92.27885279287841,75.896469460812,25.510158467538673,77.14470064106854,80.9158733380425,83.58163009082807,80.45593114895769,79.05269259105376,52.964175030515435,48.05036885527579,99.64133482885654,91.29658428621372,99.65755296940029,89.2767172098396,99.33601490069418,95.93501744805155,77.08551834849004,93.09007177530259,82.15417819623713,88.47492695334438,86.96632865979723,88.09947126256975,62.7658086140799,78.67594907520959,16.34316537104732,30.050868353950648,5.657455689244756,17.681323668604676,37.023634211068725,30.49117442662336,28.527221823082982
170998,1,25,28,34,15,5,7,103,USA,53.47608645835726,49.46078375067634,78.23795352732941,78.16576113284259,30.02594327788131,29.81782479991668,46.48765477801305,34.84997484138398,39.4575626880914,36.46593774743093,39.636916846050894,28.357182624091593,40.31097559507873,48.05036885527579,49.10753124262885,66.8333246469353,44.299389968876426,33.216619884933806,18.98397532185942,60.2364043211619,67.93474740485391,60.616367792114204,42.532852754387704,75.54997385039337,68.50084497134463,46.3923581404963,37.234191385917086,74.16973230320127,58.42405105648862,60.60359954468936,15.09685281157391,65.73375433988832,81.41475722390544,63.96838866723374,61.450021863645304
149533,2,18,30,16,11,17,1,103,Canada,51.72601805238503,37.234191385917086,59.316179143202476,42.36174007540245,59.55017917542108,44.99504097618501,64.6329415818742,29.33663762289231,40.23918650456716,34.78467417757349,50.593135699815036,33.98932842133539,28.417645382477644,26.799440190550882,51.1184240765495,50.83735048134031,69.9848920385781,45.61140169131329,8.837398860853057,71.08701564560687,45.430036846224084,64.95563832067211,73.64158585816887,85.07826600534418,63.53406225256617,38.38945363702777,65.52574711047504,37.376126900058125,60.37110404346686,66.39018662627882,73.39148854164074,25.42533077083897,74.02502740042638,76.99047717112194,51.87270511600451
3164,1,20,15,12,15,7,1,101,USA,79.9641547229736,76.90651235726591,68.4116241520884,54.704020423288796,29.94808702969675,71.41099419704676,98.39096100453526,19.932877956277252,41.772148309260274,29.74146806834574,20.98463817665521,19.2114517347637,40.269335632185744,18.275839093136597,78.87474492949855,79.69335746054037,86.71349351135382,45.1973684261817,39.89486403050768,89.12969944645124,71.8673250198251,49.87289693140963,61.61054636296922,25.968848382253157,47.30504833157312,33.764947224578975,73.67177934677,54.3751261218614,57.222805237171144,50.4621874971607,59.38280421729479,53.09290701174194,29.407928035052407,89.55586279109923,49.43510774796488
60775,2,19,37,7,23,9,6,101,USA,23.758583696894362,27.54053586276666,53.12000614551897,21.98554323401359,42.68003802225007,44.99504097618501,10.799514522117988,68.5344066868521,34.29014070741786,91.86904674501659,44.67079951304356,43.91268057637768,89.20048547787871,49.0756605725677,23.001371483981927,2.318948430604209,10.306438846305383,58.746642970756454,65.64711765724587,54.33520075618111,17.51142959544154,6.3909706504579304,2.2963252312841576,25.344952235595855,1.0,3.5064568632656545,86.98840586106246,22.733263538806,85.37360879132996,85.57837300622441,86.07981064123248,89.43795809684354,65.48158958671098,76.99047717112194,70.07894547098226
321574,1,22,41,13,22,29,10,110,USA,22.777503227733206,23.74815518018309,43.21514997613417,7.542847206751148,66.94677104914928,61.07139808454821,8.962940915860088,73.09697535956519,70.07894547098209,72.10055176954745,80.45593114895769,59.50871942031665,65.44478241121891,57.77181115832951,97.56122233723909,93.70362584385214,98.41152470551742,74.61390353739301,92.39851927298366,91.22179970998468,72.61901380720087,81.76278994088227,61.15337443158933,80.238196328105,86.96632865979723,94.12361067440236,47.42212440251018,54.18252200787731,2.202477253991063,11.969716158754522,2.5527077541662067,17.681323668604676,9.911413245848223,5.399469858662272,4.636274779390959
46874,2,17,36,9,13,31,4,101,USA,62.23679065417673,76.99736846540372,34.61916573918188,17.54187933309808,88.55650798049987,35.16659218219144,85.83094718467828,80.61593261626206,89.78597966804489,79.81194919210759,44.67079951304356,85.91201735985874,71.58235461751946,58.284910629285946,73.62198054501897,67.25861939826268,32.17954261031346,82.5422801540393,91.1626011391437,62.88780464148539,79.22231631654597,40.753515167059845,40.90811813974602,15.78631677448837,36.46593774743093,29.489405286236234,95.64331458828849,32.29361888896099,17.485055456216173,15.74762055341634,28.017660032449186,16.266918122059394,3.621488419063425,89.55586279109923,24.859259813697662
60847,2,41,52,43,2,10,6,101,Canada,19.748315968039748,33.453751050166034,41.91533974070052,1.0,29.81782479991668,56.08731942361942,25.80553116473422,64.4990779584212,63.20312309096943,29.2312123443686,66.20780177702142,41.99495664515888,72.40894963476512,87.83320591397387,1.0,2.323733413068638,8.552307569892605,5.518383821948504,26.715253344971444,29.566759293785054,1.0,35.69384770455139,1.0,76.22732636636681,19.016207114244878,42.17855658104003,98.19288490993267,17.11734969494421,35.21233008586836,5.750230951583532,17.11734969494421,73.71454677949026,90.75306645260173,59.21514729374104,3.5713024619715696
100508,1,21,17,38,18,14,2,102,USA,1.0,11.325256012873183,11.481853327685542,22.733263538806,1.0,1.0,2.7499338129192665,53.11798253744837,5.302878311419761,94.89782131947823,69.75039977186134,28.357182624091593,48.729091361349106,52.92361192269021,1.0,1.0,3.5441884953657734,3.042668936525601,40.56094673416658,4.872688754605363,1.0,43.7573217524037,5.3028783114198745,59.94916971135797,8.743747773108822,56.687055095672974,91.93618207072097,64.46531457556091,98.62333475673836,98.27719708682389,87.61626691846152,96.87397727993925,97.6332149299792,59.21514729374104,99.31250139480824
207497,2,16,30,50,16,5,9,104,USA,29.695360743129214,47.42212440251018,53.12000614551897,36.99571155383836,1.0,35.16659218219144,78.09129834681312,68.5344066868521,18.07413941207355,76.20132219233813,33.104268824151234,73.53125052946376,96.21941950767757,53.694512358255906,47.05274536720049,22.914481651507117,28.593976969392457,98.7189325273389,99.0,17.792144118817248,2.7946545841539177,18.554538568528727,1.0,53.49797160417478,58.17956328876022,7.967776761659081,50.50840487755136,53.185121557385685,99.4268943907756,99.0,99.39917624488169,99.6748331107093,38.087158236754135,89.55586279109923,99.0
13723,2,35,51,38,21,2,2,101,USA,9.307827659992853,33.453751050166034,3.688057736559159,53.441633783084455,29.81782479991668,1.0,21.709330571400272,32.76924519868169,7.391972611249315,53.76502334688104,16.61144435151772,30.92981159264579,55.989958694574455,48.53763055243792,40.84088159152816,28.267673322213682,31.560378358973026,44.24036830069821,38.04138284016847,69.59000458286471,51.03149623323941,21.652703151403728,24.65991214027227,22.701518884824225,24.056666816970278,42.17855658104003,44.69722274408724,26.569667184096602,64.78766991412851,55.91895338249731,54.846168774782996,55.668082219914254,68.12570526155298,73.06999613385693,67.23225874558347
290764,2,23,2,51,14,27,7,109,USA,70.30463925686774,16.747620550392412,54.36555360329919,88.64046967681088,39.96934393210995,61.101068989654436,99.37747445535263,11.22566778805674,56.97016483628056,7.144839700381453,4.535059067241605,53.441633783084455,16.135186567182956,10.256330377787322,84.66602417273975,88.55650798049987,68.43962164102402,87.77079270679633,38.04138284016847,73.74048971379887,84.06143549742728,31.68436572490242,33.453751050166034,52.496530987935046,46.98563916064137,22.64681647225015,24.565864920511927,53.95060925674363,59.14079229240048,60.42477581553817,66.6913920797009,73.71454677949026,6.101515552794581,73.06999613385693,67.23225874558347
89398,1,21,44,44,18,8,0,102,Canada,25.0940400135444,11.325256012873183,33.038220660422525,37.376126900058125,56.4544420238056,12.47330482372206,55.263629249518715,41.601001572646055,27.638634649833904,54.556975949327466,33.70576361322108,48.9377169468961,48.729091361349106,43.19382167571155,51.33862310361616,49.56063603396092,53.073836758051584,47.15427409876639,46.4438168710891,64.78278589337833,42.903871202689004,46.35277685339031,29.059420566627125,32.54383356563801,57.75674281970055,56.687055095672974,57.708912917791565,54.18252200787731,58.42405105648862,47.33197466719491,38.61055267488479,62.23415499654976,81.41475722390544,49.51248786451873,61.450021863645304
220984,1,23,0,23,19,9,8,105,USA,1.0,33.56443166115514,1.0,1.0,3.621488419063425,20.508511603777947,11.734640245817701,24.248841379643494,75.68591836594749,27.89944823044962,57.946348166777,1.0,4.392887950635867,62.553226842568904,20.776366025029716,32.33683325556629,31.512001956115284,16.752530593318255,14.454226894048105,20.095747650381668,58.10228715703602,5.222796433690533,42.532852754387704,65.3435195458141,1.0,2.8476359760487355,11.217745275809932,3.4748885625997303,23.04024790577202,30.050868353950648,68.71325377084054,14.930461868833419,55.608646060651324,3.3342664290154715,9.739235341717233
219145,1,34,35,32,16,15,6,105,USA,83.90374516560996,49.46078375067634,86.36991465860137,27.39466858187575,71.9500762518129,71.15813214473707,99.52784010077323,39.32850411825967,58.08466025929653,36.46593774743093,27.999307699752535,28.357182624091593,48.729091361349106,52.92361192269021,78.66773839041639,74.87692820914225,90.7742340882254,56.62565795263481,40.56094673416658,93.78554924013008,47.9668538851372,63.15579977474232,51.87270511600451,48.88792965914092,52.223645153743746,51.547120780486466,81.26342017218394,64.46531457556091,33.894274244368205,34.23160425600963,34.90827568636843,33.57488279193916,28.20459265453337,63.96838866723374,32.99807104191294
34891,1,19,15,3,18,30,3,101,USA,66.43739070336511,57.30350820568515,73.07624464740519,34.03205562984181,35.18913289854396,46.99412107765221,97.0516221226593,54.64132081412748,35.57062646454057,99.11446288744287,37.45479722966138,43.64141819818519,27.610421178598017,35.84241749170508,68.72579499754693,46.00010268162191,54.791869057443876,81.37448238395427,58.854938377407905,82.88265030505272,57.493261250278636,19.017934363009857,38.38945363702777,1.0,47.30504833157312,19.9849098635147,21.13987954689776,79.83354698615312,50.85239140463568,28.04992374818403,26.05410933084437,56.942775957652316,52.88414344558328,97.60574978768477,38.2372666632848
272958,1,38,2,26,16,27,9,108,USA,99.07086199309595,87.9577765080262,97.44911960504214,86.41961753091277,95.01170584151157,88.24351183291469,72.13117650841292,81.89134079507176,85.68113180055275,32.114260191230755,85.18869867852766,96.0323757739917,80.53865605787837,62.553226842568904,99.63300004471489,91.29658428621372,99.65755296940029,94.59131117331833,88.81595604155018,84.99941429810258,94.49472941362046,66.90190178927912,85.68113180055286,65.3435195458141,90.59164364262006,76.10995412150169,1.0,82.88265030505272,19.965341972887984,22.158760642680534,38.61055267488479,12.362471450670682,24.042900881524474,49.51248786451873,16.380896680795246
200084,2,18,58,51,15,1,4,104,USA,63.5241917605552,76.99736846540372,53.12000614551897,17.54187933309808,59.55017917542108,59.96455073421714,82.11338376053402,19.384067383735072,46.32138626874536,19.490233876291597,27.610421178598017,29.2312123443686,17.11734969494421,31.027056149688406,80.55235289626035,71.1524166859918,88.69781772945885,54.388598308683754,22.80601852482937,85.48287799381364,93.22069447116962,44.384953820740975,50.48092431787023,25.344952235595855,41.82043671123682,78.74483379669266,21.62407111251096,53.185121557385685,3.3903058466095928,7.01428938131528,3.761168068730271,16.266918122059394,17.47546846224384,39.50535605806317,1.8221475069687187
157791,2,48,1,6,14,13,3,103,USA,39.05845551951177,42.80857461825059,41.91533974070052,59.13772006023231,75.896469460812,1.0,58.035300002071665,33.90161694370457,7.391972611249315,41.24825991472602,88.11866088490251,59.13772006023231,38.93485830207197,10.256330377787322,45.29104639904784,45.17371817583938,88.86148498074533,14.245908175891344,32.25972665545132,51.824706498066064,35.73896974224084,95.98521155440608,83.25237944960452,96.55305110436132,85.58941731904213,77.35318352774686,94.11982515853401,59.55017917542108,74.61731435353943,64.85190053121335,20.33982698209911,88.5842256885278,90.75306645260173,73.06999613385693,75.85958331893107
31752,2,20,25,13,23,22,3,101,USA,94.31423275108864,76.99736846540372,90.6625911128209,36.99571155383836,98.75950003467142,92.5639835257391,85.83094718467828,5.204227958241404,58.55236278061574,3.5912137892501335,1.0,38.89893101034255,45.5566739162652,1.0,83.73789497065434,42.48922806090303,80.12018947505294,88.84463139580612,71.58235461751946,97.2933305083734,60.60359954468936,1.0,11.905198398291134,1.0,9.51246347143774,1.0,10.313414471076555,1.0,66.78338011506327,82.18204355948444,93.36374642288627,46.66577108930471,2.0528534047376468,92.82346852083447,74.31609562768182
246429,2,18,40,35,20,21,1,107,USA,96.60502716329222,85.20819150822626,90.6625911128209,90.81894281558982,65.03935511670318,89.60055360530589,89.20048547787871,41.4281073119904,52.45351877055924,16.135186567182956,62.34008261658903,48.983237584427684,58.854938377407905,35.40405306078168,63.17851639771209,71.1524166859918,51.16041356852554,79.00918395050098,59.48073062366848,11.50714455443594,90.31994505042348,82.21719582370815,88.73208054235283,59.28595610939959,82.88265030505272,74.72943511559401,30.63992438136114,93.03225210487653,53.792864286617316,70.60326489133035,42.9813826315102,35.72345774980255,61.01069607724554,92.82346852083447,33.429732576898715
30078,2,19,44,29,3,17,3,101,USA,90.69217234000394,72.45946413723033,76.76487650897081,58.71997976386746,97.18606340924941,78.44189817358415,85.83094718467828,1.0,34.29014070741786,2.127456191033147,1.0,12.660403857158286,20.67268965707339,6.5624904528720975,89.4285017073571,59.164320907627484,80.12018947505294,95.93025064599658,65.64711765724587,95.63802576782712,74.88244503141595,45.602374099066935,81.75583192499732,25.344952235595855,36.46593774743093,61.61054636296922,4.800686793161333,73.55834364977648,35.025605485364,31.065236237279777,21.19945721193062,54.073822790188274,8.067620121993713,95.52741118509812,42.532852754387704
158739,2,18,2,57,12,21,3,103,USA,85.37232101095174,52.57787559748709,81.90890646608625,64.06235791054291,97.18606340924941,92.5639835257391,49.99999999999858,29.33663762289231,64.53469706952234,16.135186567182956,17.57742842669819,38.89893101034255,49.99999999999858,31.027056149688406,63.17851639771209,67.25861939826268,55.02122998860722,45.61140169131329,46.82434645388838,85.48287799381364,50.50840487755136,70.70141408219183,73.64158585816887,75.67701117574552,73.74048971379887,66.12530199496246,74.88244503141595,22.733263538806,29.66762060521779,19.249336944454853,12.286541527247522,54.073822790188274,29.316092305772713,81.57742612003744,33.429732576898715
102390,2,15,50,55,17,25,2,102,USA,92.23623393450646,85.20819150822626,86.57070419627405,69.25100862044388,84.5933664326293,92.5639835257391,64.6329415818742,78.73224755234617,85.63451242578503,68.46322926279544,91.38663287631312,77.94852195433975,24.450026149603673,83.23803042156646,48.06846441941963,67.25861939826268,43.44086596153767,85.83094718467828,46.82434645388838,14.517122006183115,30.63992438136114,61.40485267302421,50.48092431787023,53.49797160417478,82.88265030505272,52.34060397447763,40.39427439640821,68.70258339069414,39.62889595653024,39.70545999798901,24.53529762125993,35.72345774980255,88.5226331939582,34.12556235771552,42.532852754387704
187153,2,20,35,2,1,9,11,103,Australia,73.43975151330824,67.6991349370075,71.22629291164247,53.28300011763815,59.55017917542108,74.11744885089718,69.30757411611546,41.4281073119904,40.23918650456716,23.061104035291663,62.34008261658903,33.98932842133539,45.5566739162652,62.81128849233477,63.17851639771209,71.1524166859918,76.88702824078518,63.04358033960449,53.17565354610883,32.953691042920525,55.58203895537741,54.15383610184341,73.64158585816887,53.49797160417478,58.17956328876022,47.65939602551936,30.63992438136114,53.185121557385685,44.31686177731541,70.60326489133035,42.9813826315102,32.194701977513006,33.637604863282434,61.58199982530522,51.87270511600451
18312,2,16,45,46,21,18,2,101,Canada,21.500199199095363,1.0,18.091093533910794,26.74848719592285,65.03935511670318,25.882551149099697,59.82779962352896,47.13134731573945,46.32138626874536,60.225336049293276,50.593135699815036,16.339178535837107,58.854938377407905,53.694512358255906,85.25015092670196,95.13226897091977,98.00320675353225,79.00918395050098,34.352882342751116,71.08701564560687,45.430036846224084,62.595520401963256,60.03770236290336,70.44701254587068,58.17956328876022,47.65939602551936,55.58203895537741,63.652467915599175,35.025605485364,39.70545999798901,42.9813826315102,54.073822790188274,3.621488419063425,61.58199982530522,51.87270511600451
227184,2,16,36,49,8,9,0,106,USA,76.9265725792942,67.6991349370075,81.90890646608625,96.3006166334876,37.13891197395856,69.5661629611684,49.99999999999858,16.676405949961918,34.29014070741786,16.135186567182956,6.042297071122974,43.91268057637768,8.10044689153574,53.694512358255906,69.92562595202457,71.1524166859918,73.5016449847086,88.84463139580612,34.352882342751116,45.66479924381599,60.60359954468936,33.643641356437456,22.99667203151691,5.0609644424642255,41.82043671123682,10.799514522117988,79.22231631654597,82.4708482798892,93.16720741459972,97.6035405158982,98.9931556093511,64.98860679804358,61.01069607724554,98.9965433323888,82.15417819623713
255185,2,18,1,4,3,17,9,107,USA,80.2516840319571,72.45946413723033,76.76487650897081,53.28300011763815,80.19514273855225,78.44189817358415,64.6329415818742,52.86865268425754,70.31730040788568,43.158876559428165,73.45557273577765,59.105415786523,10.799514522117988,71.52971542119849,56.18830886320245,59.164320907627484,47.29334144891749,28.66808138882041,87.07656476530121,49.99999999999858,65.52574711047504,57.798321565324215,31.639846490353705,59.28595610939959,73.74048971379887,74.72943511559401,40.39427439640821,53.185121557385685,41.49607661542575,57.63140255323418,24.53529762125993,22.221421111983574,81.80022031836984,45.002837651201844,51.87270511600451
295790,2,27,7,12,4,8,10,109,USA,87.61723908821011,79.42646223603026,91.4048634828622,88.64046967681088,96.6548610807622,40.894584213473934,53.319429804707454,59.8538702911282,89.6062228543542,12.252212217087475,66.20780177702142,70.13473438320716,79.81194919210759,38.87170207648552,99.47240821005607,88.55650798049987,98.9702356665,80.6034086023285,91.50959199298825,99.43736475223136,93.86748181121254,82.22665393007685,61.91892508169872,40.06999034374928,80.98379288575211,89.20048547787871,60.55156695181773,88.55650798049987,16.597775609720713,29.147485055433123,11.325256012873183,29.71880108100757,2.259118008828409,49.51248786451873,39.164121453558494
33391,2,18,33,8,19,26,3,101,USA,15.211608590230156,57.708912917791565,9.33740888717611,42.36174007540245,1.0,44.99504097618501,14.16905281531848,6.917725786595966,1.0,23.061104035291663,50.593135699815036,1.0,13.81572005327331,39.89486403050779,1.0,16.158046790869236,7.990780209240285,1.0,1.0,4.36197423216953,1.0,77.21073928416274,50.48092431787023,92.59095325683506,58.17956328876022,47.65939602551936,93.22069447116962,68.70258339069414,93.16720741459972,97.6035405158982,58.5656690031538,84.29098216856346,85.31080770811991,99.0,82.15417819623713
315143,1,17,14,38,14,2,8,110,USA,22.569216556330986,1.0,63.571847377224856,34.03205562984181,40.597419457146316,8.569488235891527,56.6550785662057,61.881899937468916,78.26933715180166,70.25853193165136,26.176894918892657,64.67544802501914,70.76878765562839,35.84241749170508,71.60604891873027,67.87501701242121,77.35818626598257,40.434807185092495,58.854938377407905,79.3726221047068,67.21963358910307,57.47376918911107,57.003317221551015,56.885539292462795,41.943384449373866,48.968503766757806,89.28100523245439,27.7341865131485,51.91754074309938,32.326088516707244,50.857525840515905,68.1837682854158,38.54997813635191,34.12556235771552,81.10647704264375
247741,1,19,26,29,19,15,2,107,USA,10.255237819896251,14.002342391831235,12.313095417253464,44.25442868298546,15.84780352374321,1.967525762914235,52.223645153743746,55.858187591431545,60.728061954840825,43.08710500282825,61.37045033015977,23.643949523418712,70.76878765562839,65.10699556121563,34.02330933641292,67.87501701242121,42.82463416453311,22.58667220257354,12.4862614482511,25.12307179085471,52.505314968993446,66.13166784723387,70.51059471376072,51.59328961075215,41.943384449373866,86.32158378821839,39.543731938542976,70.26508838753557,27.13977576631757,36.740964169189226,18.801049858689595,41.526618308606714,52.88414344558328,15.022086408344563,32.81043085041472
165446,2,16,7,43,15,12,5,103,USA,92.96148957234846,88.78225472418683,81.90890646608625,36.99571155383836,97.18606340924941,92.5639835257391,78.09129834681312,92.46187246340298,93.32160981279628,51.71482449908609,83.3382186311095,73.53125052946376,98.8901688239149,86.63338107695051,12.038075403644257,10.332299672838332,1.0,24.737787779321025,71.58235461751946,17.792144118817248,40.39427439640821,85.88946972652013,94.2497690484131,89.10644890369588,52.73637541912245,94.47557225921162,55.58203895537741,53.185121557385685,2.714430379263405,1.0,12.286541527247522,11.039189487614777,51.84839431971352,1.0,17.11734969494421
155217,2,28,23,23,5,26,2,103,USA,73.91318539954938,71.03332665341549,87.43748015944948,47.70466906821406,71.15813214473707,66.01067157866157,53.319429804707454,4.643369268631972,4.302655353493108,41.24825991472602,27.66999246277524,1.0,13.024359851372537,7.387219948164201,41.948427437952034,20.62737789529018,43.73447948589535,25.93062308515377,8.490408007008512,99.67349385417879,40.7639845402021,1.0,1.0,1.0,1.0,1.0,34.30761847227842,1.0,48.5495490174207,37.79301445376893,77.63595327780763,73.71454677949026,11.652815607254041,49.51248786451873,39.164121453558494
166989,2,20,8,4,17,26,5,103,USA,53.05256013976634,52.57787559748709,76.76487650897081,53.28300011763815,59.55017917542108,25.882551149099697,49.99999999999858,24.200245288899453,40.23918650456716,43.158876559428165,3.4351090716735797,38.89893101034255,32.54383356563801,31.027056149688406,76.2997378420655,90.7025534667996,69.9848920385781,71.33191861117649,91.1626011391437,21.3027614855734,74.88244503141595,66.12377065086628,60.03770236290336,59.28595610939959,73.74048971379887,61.61054636296922,40.39427439640821,73.55834364977648,77.89132587760332,82.18204355948444,66.15957653940058,81.43027151090689,38.087158236754135,98.9965433323888,65.67904193769476
53982,1,87,32,57,19,18,5,101,Andorra,50.802725943117196,84.11426570792503,28.17955672026264,86.41961753091277,1.0,39.96934393210995,76.0272500337062,8.133332499278225,1.0,83.58163009082807,1.0,8.138245840943256,1.0,87.50184206961114,1.0,10.870300553545434,35.683822142085546,1.0,1.0,4.872688754605363,15.574641162813691,56.76013486114681,61.15337443158933,43.344921433791285,46.66577108930471,26.61357931938892,47.42212440251018,93.18925463440826,99.0,99.0,99.61941155077216,95.42391757198754,99.0,94.13055647783642,99.0
157064,2,27,1,36,17,7,3,103,USA,42.9828288882137,1.0,87.43748015944948,64.72479717011902,16.304651131737984,40.894584213473934,95.24464839547647,66.77885409341093,80.3671613682983,25.45996442274705,83.38855564847916,70.13473438320716,19.490233876291597,98.90219007153121,58.71657309947739,93.70362584385214,23.9951441220185,72.34611144766149,73.28474665502551,11.243697957803903,66.23505277541807,63.49223593242601,89.9625610576469,34.02330933641292,80.98379288575211,62.94967134706582,20.072901064652967,53.95060925674363,19.64404130428437,37.79301445376893,14.104550358581292,14.018270540290615,58.97185396875591,44.64654924803892,8.134210253605232
252373,1,16,43,19,11,5,8,107,USA,31.651068336552783,57.30350820568515,19.94284710093362,34.03205562984181,62.664152664995186,3.6570415228380426,61.038941293581615,38.834045231314235,29.581762687260635,52.31022614794256,26.176894918892657,64.67544802501914,62.34008261658903,14.525865828672977,99.42297347763929,99.56422237074469,95.79065569603574,85.05514464138969,81.89134079507176,97.67626658692791,91.13614225019523,44.79726571695039,57.003317221551015,62.10760514616891,58.05661555062329,59.236015459794885,34.68644351987399,10.536600056763831,15.660925116761263,23.948036756942713,18.801049858689595,5.020354757222378,7.495455514514461,95.52741118509812,13.76553058318379
154486,2,34,16,24,11,20,2,103,USA,44.30101977490665,79.42646223603026,29.92105452901481,1.0,91.55657756489688,87.33959614283856,11.02956043416009,31.645893040625168,89.6062228543542,1.0,59.82779962352896,59.13772006023231,23.061104035291663,34.16187001140264,49.77546507255187,36.531263140029694,23.9951441220185,76.59096398990584,26.715253344971444,51.824706498066064,84.06143549742728,7.6950619087282774,52.403820182702646,52.496530987935046,6.8200834549964355,42.17855658104003,24.565864920511927,1.0,1.0,1.0,3.019669333842714,3.4494706658276755,1.0,14.207986596123675,11.02956043416009
85966,2,42,40,12,16,10,11,101,USA,84.78839140976675,52.403820182702646,66.57026742309836,75.29940096995824,75.896469460812,87.33959614283856,83.6093633598631,85.99263405999045,80.3671613682983,37.15180008304583,92.17849549876689,80.15066620083473,79.81194919210759,93.64238429658258,44.17401957186058,58.313084197575165,60.398467535691054,49.03819143458776,83.34590082095656,11.243697957803903,21.69202253471761,81.11362089772024,75.34008785972469,86.12872371318815,80.98379288575211,89.20048547787871,24.565864920511927,65.03935511670318,45.65304559099462,64.85190053121335,46.766679265890104,70.28119891898956,18.605107809955825,26.059328894242867,53.319429804707454
296944,1,44,28,16,14,19,10,109,USA,81.83860691644213,84.11426570792503,86.36991465860137,89.95808132590957,61.76273333671202,84.49314686490402,21.7240780700497,61.123656849378676,51.87270511600434,79.98271330943305,51.840430352222086,33.2971634767795,32.1448990198478,90.64706074455307,1.0,1.0,2.0610892112853634,1.0,29.2312123443686,2.9895442538276598,33.024071419858416,38.61876363824115,1.8221475069687187,80.238196328105,25.42533077083897,51.547120780486466,81.26342017218394,33.53431189536067,61.13445390198012,80.77786188366656,72.23384881392207,23.662653344441537,97.6332149299792,10.878069661841323,61.450021863645304
180323,2,21,45,37,20,22,9,103,USA,97.69596114547562,86.77776916771938,87.43748015944948,88.64046967681088,66.19844583264802,79.64120213339004,99.37747445535263,39.67729426625186,44.29159025946308,45.40024373105052,46.70688036593572,47.70466906821406,19.490233876291597,58.25364669194022,35.37604377065463,20.62737789529018,60.398467535691054,10.954729552571052,16.654099179040458,69.59000458286471,61.25946572680101,95.38875234960653,66.54624894983101,52.496530987935046,85.58941731904213,85.62147587131506,91.24648810278018,99.5731663450756,62.9221026813139,69.1661111306675,17.11734969494421,59.414221282929645,87.70991929816626,77.33488278773791,58.035300002071665
273464,1,19,30,45,21,2,10,108,Venezuela,55.31030002168791,36.54375437401734,38.402503035148015,44.25442868298546,46.11100570929818,75.87698953756819,73.58796746462082,42.44366013042173,66.85561577610315,43.08710500282825,72.74322579062357,19.2114517347637,44.67079951304356,31.15277637369209,62.77458622907699,75.93679350049774,66.51034893630327,59.565192814904435,22.266214105837975,63.46873685996724,57.493261250278636,36.060147305704845,47.65939602551936,41.01418900333107,58.05661555062329,59.236015459794885,17.11734969494421,22.914481651507117,30.055794302650497,28.04992374818403,26.05410933084437,45.36397585546422,43.28529155118588,23.966802620214708,43.80047150705559
287742,2,39,35,50,5,16,5,109,UK,97.69596114547562,86.77776916771938,48.12729488399276,80.15066620083473,84.49314686490402,93.48525340387232,99.67483095441423,77.5531130315029,93.2872842997682,45.40024373105052,72.33000753722172,70.13473438320716,55.989958694574455,87.83320591397387,58.71657309947739,70.92998286223917,43.73447948589535,84.34337495220132,56.018839058953176,29.566759293785054,51.03149623323941,55.196235194102144,83.25237944960452,40.06999034374928,53.01436083935573,67.94879774837898,34.30761847227842,31.747142483319834,21.23396677671755,17.470860014697195,46.766679265890104,26.28545322050678,26.650481798648855,49.51248786451873,8.134210253605232
159958,1,31,45,31,11,30,3,103,USA,1.0,1.0,3.278312869826877,47.87586579427381,1.0,1.0,1.0,89.34878005453697,75.68591836594749,67.88573980876623,85.18869867852766,74.50142217039121,73.30402866692373,98.80352516407754,19.861051247810593,45.17371817583938,39.95646936187677,37.77526335357368,34.79835408249858,9.911413245848223,6.000161967967543,1.8406918759228432,1.0,32.54383356563801,25.42533077083897,1.0,76.99736846540372,19.60253669358994,91.36244072666955,95.08507306204467,99.0,78.80054278806642,55.608646060651324,68.60058485381398,70.59207196494458
107269,1,30,52,42,22,17,3,102,USA,71.5518825486115,79.88105043362498,78.23795352732941,47.87586579427381,81.1885734906025,20.508511603777947,72.13117650841292,21.295712658856075,22.171947493611015,32.114260191230755,39.636916846050894,28.357182624091593,57.18008180471179,1.0,86.43137919627077,70.92998286223917,74.100982744271,51.8976637847569,34.79835408249858,99.17350952235233,94.49472941362046,55.46536009609389,70.07894547098226,59.94916971135797,68.50084497134463,31.333377765149464,42.291087082205365,48.953336685814406,61.13445390198012,56.21355262825239,49.99999999999858,51.45242388555505,37.023634211068725,81.35350509583145,79.02888421023272
314050,2,19,46,43,0,10,7,110,USA,73.43975151330824,67.6991349370075,86.57070419627405,47.810544909075986,42.68003802225007,74.11744885089718,73.80819408488429,98.74193716484194,93.32160981279628,91.86904674501659,87.62929142411929,85.91201735985874,89.20048547787871,96.72922815285358,81.36792039444595,78.501107382834,86.04643655114467,79.00918395050098,71.58235461751946,32.953691042920525,90.31994505042348,71.81880881872138,77.82092340640315,53.49797160417478,58.17956328876022,74.72943511559401,55.58203895537741,68.70258339069414,5.408688826678102,12.51925154915159,15.053531811709632,8.743747773108822,14.02178810181016,23.966802620214708,13.649579136660321
174936,2,26,11,44,11,13,8,103,USA,49.60162065730543,47.596179817294626,54.36555360329919,80.15066620083473,61.07139808454821,51.01676241556953,14.282856410831698,18.14227509165019,56.97016483628056,25.45996442274705,53.29311963406161,16.239754440940516,5.441180697799297,25.197168825149134,67.40322383623425,36.531263140029694,60.398467535691054,44.24036830069821,38.04138284016847,91.03705908413667,91.03705908413644,85.41314717203397,83.25237944960452,81.41475722390544,64.87415180158689,57.8214434189569,84.09613743118166,70.35319944682698,62.9221026813139,60.42477581553817,27.318507249333862,73.71454677949026,72.49671585319584,63.96838866723374,67.23225874558347
223524,1,19,41,46,9,20,9,105,USA,34.04447559046221,17.932249948225092,48.47497472547985,20.028241776119472,40.597419457146316,80.09800138568346,30.46290046715066,44.87159510289655,83.37058464759491,52.31022614794256,49.39681158829484,28.357182624091593,44.67079951304356,26.632797507014317,51.456669658147746,50.444855885907884,42.82463416453311,64.24761339053771,8.465409395080087,54.82628182415766,80.50488183684661,39.77015752587903,92.03222323833745,30.802203803933907,26.592618623731795,59.236015459794885,4.701982673214687,43.44677096715941,28.10268843012912,28.04992374818403,7.180141644508581,23.44500415731204,75.75930386519542,56.10310053102842,27.58490170220736
94561,2,22,19,3,22,6,1,102,Canada,75.08560987423277,95.15007002202924,72.36136535016311,80.15066620083473,16.304651131737984,75.32807768554233,53.319429804707454,1.0,11.211724100645796,15.219684361003004,11.881339115094278,8.513015135789828,1.0,13.513620199922286,55.37945922398609,62.61750720984338,68.43962164102402,53.844028635023164,21.487023866808073,69.59000458286471,35.73896974224084,56.59402553823344,61.91892508169872,40.06999034374928,75.94333318302654,32.05120225161804,39.44843304817931,75.42677453203078,98.95531870229206,98.57033298501506,94.2497690484131,99.66856934083444,95.65775474633347,97.95626338386808,98.51433266565493
272852,2,35,59,34,6,27,9,108,Norway,64.03676662779884,66.54624894983101,41.91533974070052,41.99495664515888,34.81530240400832,75.32807768554233,83.6093633598631,76.53265779414494,69.241915284083,66.06762283826549,72.33000753722172,53.441633783084455,79.81194919210759,72.19114017691345,58.71657309947739,66.8333246469353,76.00485587797846,44.24036830069821,61.958617159828464,38.2372666632848,45.87796928698316,68.84175466057837,75.34008785972469,70.65410972728665,40.99644796096635,67.94879774837898,49.99999999999858,65.03935511670318,27.97813353317639,33.40694941671984,58.854938377407905,55.668082219914254,14.973082087715454,10.878069661841323,25.80553116473422
326535,2,29,25,48,6,3,1,111,UK,21.945964460834716,20.573537763966584,10.10598483323173,25.710640422264248,61.07139808454821,56.08731942361942,17.855609388338962,76.53265779414494,56.97016483628056,62.034618989035664,72.33000753722172,53.441633783084455,79.81194919210759,84.36304352175205,70.54184879187056,70.92998286223917,91.44769243010387,49.03819143458776,38.04138284016847,60.87159425496816,61.25946572680101,72.71316945068054,86.77776916771938,76.22732636636681,46.98563916064137,57.8214434189569,60.55156695181773,53.95060925674363,9.291263312617417,8.165431414597577,14.104550358581292,26.28545322050678,3.947459569359083,30.49117442662336,30.105722373059507
112370,1,34,50,43,17,13,4,102,USA,56.14047461676449,60.18072278051625,95.45650955974043,32.29361888896099,66.94677104914928,34.81530240400832,29.473450015379456,71.00186778562642,64.18263323986054,72.10055176954745,69.75039977186134,59.50871942031665,77.01311750261641,48.05036885527579,65.60337400410845,62.61750720984338,61.76273333671202,37.77526335357368,64.06235791054291,60.2364043211619,81.28692149370818,68.13059800447365,61.15337443158933,70.5644345908944,57.75674281970055,84.44731220264532,76.99736846540372,19.60253669358994,25.438007248772408,51.77910640573515,18.011841369873252,33.57488279193916,41.60700518705539,14.207986596123675,28.527221823082982
263331,2,27,17,35,11,16,1,108,Canada,62.75273974392064,75.34008785972469,48.12729488399276,53.441633783084455,45.2259618242183,51.01676241556953,71.63636970116852,14.52345960649231,4.302655353493108,37.15180008304583,66.20780177702142,16.239754440940516,3.5912137892501335,34.16187001140264,53.14163356651176,62.61750720984338,60.398467535691054,39.49062956608225,49.99999999999858,65.28896729696976,30.852352642443492,83.3149210976419,61.91892508169872,76.22732636636681,70.54709916894535,81.65516168436488,70.67123342360873,75.42677453203078,77.13505472270435,77.31892438549448,31.027056149688406,70.28119891898956,93.41517453375116,91.51438874914072,62.685739247457434
86930,2,21,38,57,23,15,11,101,USA,73.91318539954938,38.0810749182985,82.88265030505261,92.14274646283457,91.55657756489688,70.76878765562856,21.709330571400272,55.12717955246546,89.6062228543542,84.15710265842984,1.0,70.13473438320716,55.989958694574455,21.025779143228192,99.67170015934494,97.39639012845555,99.55682733966546,90.8455915333858,43.98116094104404,99.43736475223136,93.86748181121254,35.69384770455139,75.34008785972469,1.0,75.94333318302654,67.94879774837898,1.0,59.55017917542108,18.86528799783011,8.165431414597577,58.854938377407905,9.038096759454817,1.0,81.35350509583145,25.80553116473422
189509,1,22,57,29,23,7,0,104,USA,54.809833445474396,75.31460959442984,58.85493837740813,53.185121557385685,16.292451020166226,45.2259618242183,68.07622402073508,1.0,1.0,3.2140818418625656,3.1396047715357156,1.0,6.384274908266107,2.811291111333418,2.231623422355767,8.194386905717607,10.309452760825593,1.0,23.934694948060837,41.60700518705539,1.999932433705908,80.7227527738338,74.31609562768182,54.44332608373185,46.66577108930471,76.10995412150169,88.78225472418683,78.67594907520959,99.0,99.20409812900482,96.04631989948655,93.70817680018945,99.52784010077323,99.08232312195366,99.0
305811,2,48,52,45,4,9,2,110,USA,40.36070320489125,79.42646223603026,24.31408163404953,59.13772006023231,9.068460239733724,40.894584213473934,48.576617450646324,52.74554957826348,38.03089399597786,84.15710265842984,66.20780177702142,20.791244461849743,47.4283312062351,43.67753549670533,7.100159221690674,10.870300553545434,11.138515019251571,3.453357380102119,21.487023866808073,21.525833663213064,45.87796928698316,55.196235194102144,4.849929977967491,46.256957089828006,35.1258481984101,85.62147587131506,79.92709893534379,75.42677453203078,72.89510690153799,73.33319121504621,42.743613439347484,48.10738101833368,80.63446295056406,88.48499779615781,79.86341080358977
52193,1,31,7,32,18,14,5,101,Canada,29.921054529014697,33.56443166115514,28.17955672026264,27.39466858187575,20.561530401874762,71.15813214473707,42.12105509488873,40.462446554713836,64.18263323986054,45.44302405066958,57.946348166777,43.64141819818519,48.729091361349106,9.951262556788066,66.66494805991243,49.56063603396092,44.299389968876426,51.8976637847569,75.0312598445779,91.22179970998468,58.10228715703602,1.0,24.859259813697662,13.81572005327331,1.0,17.920341442966446,32.30086506298957,1.0,56.60376217596507,51.77910640573515,61.389447325112315,37.06068052157116,55.608646060651324,68.60058485381398,61.450021863645304
304044,2,16,54,19,23,20,1,110,USA,55.698980225090224,52.57787559748709,53.12000614551897,87.28581834787838,59.55017917542108,21.55810182641281,49.99999999999858,86.69090053401965,93.32160981279628,38.93485830207197,73.45557273577765,85.91201735985874,75.54997385039349,94.79923350236857,82.17095238376044,95.13226897091977,76.88702824078518,58.746642970756454,71.58235461751946,71.08701564560687,65.52574711047504,97.57868479014326,96.36147742788762,85.07826600534418,96.08214088654938,98.04914646712541,50.50840487755136,86.41961753091277,13.94251618300487,26.941078206479716,21.19945721193062,6.685058310766635,29.316092305772713,45.002837651201844,20.866239721879907
201512,2,26,15,37,14,6,5,104,USA,83.79589734990736,86.77776916771938,72.36136535016311,64.72479717011902,75.896469460812,79.64120213339004,58.035300002071665,45.58642466126116,50.63550054933802,21.85000045652049,78.09129834681323,70.13473438320716,55.989958694574455,21.025779143228192,77.50611717699314,78.64360704103217,76.00485587797846,76.59096398990584,5.317763438902432,84.9464681882871,84.06143549742728,75.21206109473832,57.1914253817464,40.06999034374928,70.54709916894535,89.20048547787871,49.99999999999858,84.5933664326293,23.69501486892449,21.14522395556716,8.80329369768259,26.28545322050678,30.986852474538694,59.21514729374104,48.576617450646324
252729,1,33,0,9,17,9,8,107,USA,87.74138479493661,84.11426570792503,68.9285864716831,63.652467915599175,40.348835575312364,91.55657756489688,92.0550555929741,43.889726422110755,75.68591836594749,3.2140818418625656,69.75039977186134,43.64141819818519,2.7658619974431673,99.64275513094503,1.0,1.0,1.0,10.121619831216094,18.98397532185942,9.911413245848223,1.0,24.08158286681632,1.0,88.47492695334438,35.72345774980255,22.12609129554656,62.7658086140799,48.953336685814406,99.2988418812572,99.56100932266213,92.35615236245212,98.04110390691176,99.17350952235233,85.08412333851334,61.450021863645304
301436,2,24,47,48,18,25,0,110,USA,7.763766065490131,2.927353568968698,24.31408163404953,36.380627243456786,6.14410493977671,5.030451167629934,62.685739247457434,10.455981611458071,44.29159025946308,21.85000045652049,4.535059067241605,20.791244461849743,10.186151472267312,25.197168825149134,54.26151488253112,53.95060925674363,39.60153246430622,34.82904556346739,67.74027334454553,84.9464681882871,35.73896974224084,12.026445830587676,24.65991214027227,40.06999034374928,29.452900831051807,7.659450106658554,39.44843304817931,9.301460576598942,72.89510690153799,73.33319121504621,87.03652229280976,36.88851327944508,44.78883368500453,85.08412333851334,79.86341080358977
22928,2,51,43,24,17,29,2,101,USA,96.80211222676553,75.34008785972469,87.43748015944948,88.64046967681088,98.33210374463852,93.48525340387232,62.685739247457434,70.13117818231984,98.3101684487608,18.42776043837648,53.29311963406161,97.32139648326427,55.989958694574455,63.026088336460134,90.72328291109,78.64360704103217,47.90708649651623,58.61780956927589,98.81381887109012,93.5656869093541,96.19374149497719,68.84175466057837,79.42646223603026,40.06999034374928,70.54709916894535,47.38424542522603,44.69722274408724,84.5933664326293,1.0,1.0,1.0,9.038096759454817,1.0,5.399469858662272,1.9807224414555975
147180,2,48,56,2,17,31,0,103,USA,50.92951243368651,57.1914253817464,66.57026742309836,20.791244461849743,34.81530240400832,51.01676241556953,71.63636970116852,94.01507472051583,69.241915284083,89.9307629908659,88.11866088490251,84.6203993462982,91.86904674501659,76.50027093359677,24.035215611466498,17.11734969494421,14.002342391831263,67.90892130832316,67.74027334454553,33.840423460596384,7.206955668380388,14.997867088827974,16.747620550392412,81.41475722390544,1.0,47.38424542522603,34.30761847227842,3.6415008991581033,27.97813353317639,25.048837768764088,58.854938377407905,14.018270540290615,22.510403978694114,21.84035593194926,67.23225874558347
172936,1,20,4,27,21,26,7,103,USA,74.57816056545772,52.09291350348076,96.84769134625276,90.51207654119537,46.11100570929818,61.925522292421476,38.96105870641554,1.7807895003724639,18.61184945230545,21.585353722915272,26.176894918892657,1.0,1.0,11.119567381016623,62.77458622907699,71.98677542110562,86.71349351135382,73.21175121452501,22.266214105837975,50.43936396603607,32.780366410893976,34.838911893208206,7.967776761659081,51.59328961075215,58.05661555062329,28.947528973863513,17.11734969494421,88.0302838412423,83.21046521548669,80.69410278073372,85.76243338907386,78.52393988137999,25.08133201404297,92.82346852083447,81.10647704264375
32787,2,30,56,36,10,25,3,101,USA,9.307827659992853,10.037438942349667,35.81736676013651,5.474027310624237,66.19844583264802,10.636437729519969,14.282856410831698,84.24446133640788,56.97016483628056,87.17481078845185,40.17220037646791,80.15066620083473,96.0687808460741,63.026088336460134,89.32661394479351,93.70362584385214,91.44769243010387,67.90892130832316,38.04138284016847,77.70620629091718,87.75190106309344,52.39052757327329,52.403820182702646,70.65410972728665,53.01436083935573,67.94879774837898,44.69722274408724,21.671423710050647,1.9153834116184925,5.750230951583532,11.325256012873183,6.9047873344051,6.101515552794581,10.878069661841323,14.282856410831698
13669,2,18,30,55,18,2,2,101,USA,57.01717111178317,81.26342017218394,71.22629291164247,74.22680595634887,26.569667184096602,44.99504097618501,30.69242588388164,18.465253038361,28.557470106690573,26.81939930077658,22.40974990335252,16.339178535837107,45.5566739162652,18.93461870143412,95.89965065329989,74.90872601174459,93.27283370785187,82.5422801540393,87.07656476530121,98.53634355420627,83.27341643809916,15.723304249219495,11.905198398291134,15.78631677448837,41.82043671123682,3.5064568632656545,60.60359954468936,32.29361888896099,63.145702651018894,62.055254706882295,66.15957653940058,61.40112178490722,21.19945721193062,72.08762914155761,88.89737441320062
20026,2,33,29,30,15,22,2,101,USA,21.945964460834716,42.80857461825059,1.0,97.32139648326427,55.830976460441036,1.0,34.571415401094725,38.50902824656691,7.391972611249315,29.2312123443686,83.38855564847916,84.6203993462982,68.46322926279544,1.0,40.84088159152816,24.3543369865842,14.002342391831263,10.954729552571052,61.958617159828464,93.5656869093541,66.23505277541807,19.338302160044748,38.0810749182985,64.78278589337833,14.410582680954661,1.0,75.43413507948515,17.11734969494421,51.450450982576456,46.8080809597364,84.11426570792503,40.585778717067456,11.652815607254041,59.21514729374104,67.23225874558347
128228,1,28,58,51,12,9,8,102,USA,21.646496995973536,11.325256012873183,48.4301341302492,32.29361888896099,56.4544420238056,29.81782479991668,18.145762469524954,81.89134079507176,89.8940151667648,72.10055176954745,39.636916846050894,83.29083516369599,89.7400143986439,57.77181115832951,81.39607558593809,66.8333246469353,65.99871618056824,51.8976637847569,46.4438168710891,91.22179970998468,98.27719708682389,12.822012186265368,51.87270511600451,32.54383356563801,8.743747773108822,26.61357931938892,27.54053586276666,3.4748885625997303,22.257878287630604,22.158760642680534,65.09172431362839,7.84411282770229,37.023634211068725,39.82652432314637,6.975382297096161
224687,1,26,14,14,12,6,10,105,El Salvador,54.809833445474396,3.019669333842657,63.961477249015104,58.46198478449537,85.3108077081198,29.81782479991668,79.73389095000289,72.0548955397714,58.08466025929653,36.46593774743093,63.944078383121166,64.67544802501914,83.85324876846573,83.99766180589484,80.50106903960307,82.19946571129663,84.87183008061447,47.15427409876639,64.06235791054291,73.48346135784982,77.08551834849004,87.53599401349629,88.89737441320062,43.344921433791285,86.96632865979723,94.12361067440236,52.57787559748709,78.67594907520959,27.90585924797645,34.23160425600963,18.011841369873252,23.662653344441537,55.608646060651324,35.09415280946621,37.61317345856344
92272,2,43,32,27,19,24,0,102,USA,81.74165331337178,95.15007002202924,77.8280525063858,70.13473438320716,9.068460239733724,75.32807768554233,90.17368850612843,66.77885409341093,63.20312309096943,57.92493916101165,66.20780177702142,70.13473438320716,64.3925588198357,53.41024752405781,66.340228404796,53.95060925674363,72.29494873939228,67.90892130832316,61.958617159828464,25.45049056170572,87.75190106309344,49.578001819627275,52.403820182702646,76.22732636636681,53.01436083935573,52.615754574771245,12.112736993001931,59.55017917542108,67.54732991341501,84.60948438918092,58.854938377407905,51.892618981663475,58.97185396875591,73.06999613385693,58.035300002071665
11066,2,21,40,31,1,25,1,101,USA,50.92951243368651,61.91892508169872,29.92105452901481,75.29940096995824,80.35947022086873,22.051478045657404,34.571415401094725,14.52345960649231,20.67268965707339,1.9493102434503982,40.17220037646791,47.70466906821406,47.4283312062351,7.387219948164201,95.41691155597346,91.29658428621372,97.27619531197854,72.34611144766149,43.98116094104404,91.03705908413667,93.86748181121254,57.987103349388065,89.9625610576469,22.701518884824225,70.54709916894535,57.8214434189569,29.328766576388233,48.305582994432655,22.86494527729289,14.059962345009183,1.7653055393491428,29.71880108100757,40.094517212998085,59.21514729374104,58.035300002071665
255485,2,19,43,13,7,22,9,107,China,34.68823253350803,57.708912917791565,23.23512349102603,31.77158528160487,80.19514273855225,1.0,69.30757411611546,27.24801532452628,34.29014070741786,16.135186567182956,56.50795454375839,20.35879786660678,20.67268965707339,62.81128849233477,48.06846441941963,50.83735048134031,66.35762173414804,41.253357029240476,28.417645382477644,62.88780464148539,30.63992438136114,38.3564971802312,45.676489579080624,64.95948197352692,31.25925362667769,74.72943511559401,45.430036846224084,1.0,48.1023362152402,44.15565888771181,39.12840574502866,28.75587535527049,56.4544420238056,76.99047717112194,70.07894547098226
112277,2,28,50,30,10,13,4,102,USA,9.307827659992853,24.65991214027227,35.81736676013651,30.92981159264579,20.508511603777947,35.93764208945407,1.0,97.05685022395994,63.20312309096943,96.36368410558077,88.11866088490251,88.64046967681088,96.0687808460741,80.57148528841765,74.5901423502541,40.8204093289915,85.99765760816524,72.34611144766149,78.51297613318877,65.28896729696976,61.25946572680101,48.171688809474915,47.596179817294626,90.28154724750141,53.01436083935573,42.17855658104003,60.55156695181773,6.169520740884394,51.450450982576456,60.42477581553817,58.854938377407905,29.71880108100757,49.525487831820726,68.60058485381398,48.576617450646324
56374,1,29,32,20,16,27,5,101,USA,40.15759657279534,70.4714220996438,48.4301341302492,37.376126900058125,51.07837601973398,29.81782479991668,29.473450015379456,33.74743130294135,51.87270511600434,49.99999999999858,63.944078383121166,19.2114517347637,24.450026149603673,29.1417526603677,47.99233545404695,28.267673322213682,61.76273333671202,47.15427409876639,23.934694948060837,60.2364043211619,67.93474740485391,42.464941137708195,61.15337443158933,27.409635915245588,41.14506162258914,41.27219492504753,72.45946413723033,23.9951441220185,36.54113986193403,34.23160425600963,24.36667743994991,65.73375433988832,46.256957089828006,14.207986596123675,51.923296568158094
144612,2,28,31,9,4,31,11,102,Yugoslavia,79.60069175858041,47.596179817294626,87.43748015944948,64.72479717011902,84.49314686490402,56.08731942361942,79.86341080358977,49.16405435112665,31.945871788203334,49.58131153933135,27.66999246277524,53.441633783084455,55.989958694574455,67.68583273799294,45.29104639904784,20.62737789529018,35.53468542443608,44.24036830069821,49.99999999999858,77.70620629091718,56.175137629626704,22.84244017795328,33.453751050166034,34.02330933641292,40.99644796096635,42.17855658104003,8.753511897216725,37.13891197395856,29.747258731625806,25.048837768764088,31.027056149688406,19.819521227727023,44.78883368500453,49.51248786451873,48.576617450646324
89521,2,26,23,30,14,9,0,102,UK,42.9828288882137,61.91892508169872,24.31408163404953,30.92981159264579,20.508511603777947,66.01067157866157,62.685739247457434,1.0,2.0362323566985197,29.2312123443686,4.535059067241605,1.0,5.441180697799297,10.256330377787322,68.45816553132528,53.95060925674363,82.88265030505272,80.6034086023285,26.715253344971444,77.70620629091718,40.7639845402021,4.2485312532100465,4.849929977967491,12.993014428773478,19.016207114244878,22.64681647225015,1.8071150900638884,53.95060925674363,77.95551269266787,77.31892438549448,54.846168774782996,97.83343767738234,72.49671585319584,39.82652432314637,71.63636970116852
172958,2,20,12,31,7,27,7,103,UK,8.214076455666515,32.30086506298957,5.903111370984689,9.848895463132322,17.11734969494421,17.505856384176695,35.36705841812295,40.29754265921218,46.32138626874536,76.20132219233813,44.67079951304356,24.67192231445489,32.54383356563801,31.027056149688406,64.16030247123393,78.501107382834,62.64068640317316,49.99999999999858,12.923435234695575,78.69723851442359,65.52574711047504,25.766528098552413,69.25788961302214,2.735353830436466,47.263624580874534,66.12530199496246,7.322719933806454,14.33903948472684,42.433977689944925,26.941078206479716,24.53529762125993,57.75674281970055,29.316092305772713,92.82346852083447,51.87270511600451
100127,2,13,41,14,22,12,2,102,USA,32.16868321419213,88.78225472418683,23.23512349102603,13.476621430397245,1.0,44.99504097618501,69.30757411611546,42.56275980854082,18.07413941207355,60.225336049293276,22.40974990335252,29.2312123443686,49.99999999999858,75.65063070036763,5.077019077762415,1.0,1.0,11.155368604190585,82.38953820086851,32.953691042920525,7.322719933806454,26.856379569949326,1.0,41.86477327317664,31.25925362667769,13.982651618391913,99.60571132023324,37.376126900058125,83.24746940667842,57.63140255323418,98.9931556093511,96.92024754786155,85.31080770811991,15.022086408344563,70.07894547098226
248767,2,20,50,21,3,4,3,107,USA,73.43975151330824,81.26342017218394,46.87999385447824,42.36174007540245,75.42677453203078,92.5639835257391,45.06434861754923,50.57400305976853,93.32160981279628,60.225336049293276,62.34008261658903,82.09122407614211,10.799514522117988,12.09412374001377,55.17743737936871,19.43314824970622,35.863114210481,54.388598308683754,40.51926937632845,85.48287799381364,86.98840586106246,76.16055538599448,91.69327997565881,85.07826600534418,68.74074637331933,38.38945363702777,40.39427439640821,82.4708482798892,29.66762060521779,39.70545999798901,42.9813826315102,19.16249926646887,42.62918553286505,66.9308230275501,17.11734969494421
7241,1,38,22,21,17,16,1,101,USA,80.7724777263968,94.2497690484131,92.91134497975429,89.95808132590957,35.108318953570915,66.19844583264802,33.58339906695974,31.56674089194442,64.18263323986054,32.114260191230755,57.946348166777,19.2114517347637,44.50222636145577,13.171612727054935,87.97029051790969,82.19946571129663,81.50662616521129,65.88150455292742,52.371791064982006,93.78554924013008,85.1758837078429,78.5831439008557,61.15337443158933,59.94916971135797,73.58796746462082,56.687055095672974,94.62054579848518,64.46531457556091,50.183921557856365,34.23160425600963,34.90827568636843,51.45242388555505,55.608646060651324,68.60058485381398,61.450021863645304
239830,1,17,17,26,12,28,9,106,USA,6.610222893115491,31.560378358973026,15.955181956297508,12.18133681601131,62.664152664995186,1.0,22.535590448916935,44.87159510289655,48.09386819209789,52.31022614794256,43.382320882034605,64.67544802501914,53.556183128907946,18.275839093136597,93.78554924013008,75.93679350049774,99.24494121918724,85.05514464138969,65.039355116703,89.12969944645124,80.50488183684661,49.87289693140963,47.65939602551936,30.802203803933907,63.333561068866004,43.82486237037028,92.28730726405854,14.256562486093657,66.54898178646721,41.258983812307235,85.76243338907386,56.942775957652316,38.54997813635191,66.9308230275501,81.10647704264375
97177,2,18,54,54,14,24,1,102,USA,50.39837934269161,47.42212440251018,28.773707088354342,53.28300011763815,26.569667184096602,78.44189817358415,59.82779962352896,25.204086784736973,46.32138626874536,23.061104035291663,73.45557273577765,9.369813365583099,5.750230951583532,58.284910629285946,8.231018064000267,19.43314824970622,12.866069764899407,6.075163226919031,12.923435234695575,37.1121953585116,13.725430869959183,60.207991004079815,11.905198398291134,75.67701117574552,58.17956328876022,92.03222323833745,90.31994505042348,10.714195593724298,70.33237939477914,53.15156358542765,46.873144753778206,93.69665425731546,61.01069607724554,72.08762914155761,70.07894547098226
276500,1,38,52,12,4,2,0,109,USA,98.51773841558452,96.58529297009034,73.70462543469392,99.6062538603718,40.348835575312364,91.55657756489688,94.35622876510081,43.889726422110755,80.9158733380425,79.98271330943305,69.75039977186134,43.64141819818519,8.712627306090496,13.171612727054935,83.98845767913645,66.8333246469353,35.683822142085546,99.64732154353158,40.56094673416658,95.93501744805155,81.28692149370818,14.671928866024217,51.87270511600451,27.409635915245588,52.223645153743746,1.0,1.0,82.88265030505272,82.52638925998667,99.20409812900482,99.20356444276877,81.7480775831524,16.400122364874676,39.82652432314637,61.450021863645304
310281,2,28,21,23,8,17,4,110,USA,21.945964460834716,33.453751050166034,24.31408163404953,53.441633783084455,66.19844583264802,7.601480727013083,14.282856410831698,43.21166675331921,44.29159025946308,53.76502334688104,53.29311963406161,47.70466906821406,23.061104035291663,53.41024752405781,78.45248635043788,88.55650798049987,97.27619531197854,25.93062308515377,56.018839058953176,60.87159425496816,71.05247102613345,86.42110074567972,61.91892508169872,90.28154724750141,46.98563916064137,89.20048547787871,75.43413507948515,80.19514273855225,70.25274126837127,84.60948438918092,89.71574307109427,22.97917678602758,26.650481798648855,68.60058485381398,95.24464839547647
319295,1,18,14,18,15,27,9,110,USA,1.0,1.0,15.955181956297508,1.9201191433458717,77.93512099923532,1.0,22.535590448916935,98.96009557546904,95.14235401489066,91.66812214218226,96.93149583727586,96.0323757739917,99.0,86.18427994672345,88.28075826138559,94.46438281850646,62.670216542141645,85.05514464138969,96.93919667935336,46.04939074325358,91.13614225019523,85.63767775089525,82.5198013532862,98.59088994220872,47.30504833157312,78.30797746527924,92.28730726405854,27.7341865131485,1.0,20.05599443630564,7.180141644508581,5.020354757222378,1.0,11.15984711503495,9.994604431249229
78592,2,17,43,47,19,23,9,101,USA,94.31423275108864,76.99736846540372,76.76487650897081,64.06235791054291,99.5731663450756,82.49414361582035,85.83094718467828,7.538127536593549,80.9504293154099,1.0,22.40974990335252,48.983237584427684,8.10044689153574,2.6242539865913415,99.62845319469079,98.16595286112931,99.49207763224274,91.55277914081012,82.38953820086851,97.2933305083734,95.64331458828849,87.6001464463186,99.09027077608494,70.44701254587068,93.5656869093541,86.01734838160507,2.7946545841539177,95.58814230780956,13.94251618300487,7.01428938131528,5.46802857503053,22.221421111983574,10.873983023952547,98.9965433323888,13.649579136660321
70352,1,16,59,7,16,12,7,101,Netherlands,99.67192445805188,85.24142108866056,85.5457731059488,97.77679069619751,97.94089421313492,84.02866242798461,97.0516221226593,73.36264501198764,60.728061954840825,52.31022614794256,78.00663739513197,54.24481320760782,97.49982106207563,40.658217719685524,84.61542096056166,92.15079630607045,93.95438313728812,59.565192814904435,86.63338107695051,67.66316674443084,47.494685031003655,99.5165117824996,92.03222323833745,81.21427908087765,93.15583712422949,64.26103025775632,96.90713480562715,99.08750835473393,2.6443627490519788,9.994604431249257,3.266656796991086,37.73513589160882,1.0,28.925397546363968,4.09567426156363
131961,1,17,13,7,10,5,9,102,USA,13.647219871312444,46.8616625569893,33.50591881826929,8.859497450823937,3.1465489421878914,46.99412107765221,18.86528799783011,36.456847852504325,29.581762687260635,47.689773852054714,72.74322579062357,1.0,19.94284710093362,86.18427994672345,3.368406460442955,8.35517860605151,42.82463416453311,5.9865258881513626,5.147253564753086,4.252920993192731,3.855686005456235,48.602028975173425,33.87469800503456,92.16196389768993,6.844162875767012,48.968503766757806,82.10246121464888,27.7341865131485,59.32721790184644,72.78553401282983,75.45647859765882,34.010380936226,62.38682654143372,34.12556235771552,60.65892388614958
333663,1,19,41,55,8,5,4,111,USA,41.426091839074786,52.09291350348076,68.4116241520884,39.08901951515952,51.6679506587941,8.569488235891527,52.223645153743746,25.11909054195013,9.602088838966921,94.13677739204138,31.693301589254332,5.368564900396208,40.269335632185744,8.10044689153574,46.256957089828006,54.88643771118808,54.791869057443876,26.78824878547178,27.840394651610865,71.73232667778342,37.5868434385456,49.87289693140963,66.12530199496246,9.712717615729161,68.4693093138481,43.82486237037028,78.02095385526434,32.80222031111842,62.45398518439333,50.4621874971607,46.57216845740123,49.22635620042763,71.47277817691389,72.08762914155761,71.38921400774188
256183,1,21,44,27,17,30,9,107,Hungary,99.6463597323916,87.9577765080262,97.44911960504214,89.95808132590957,85.3108077081198,91.55657756489688,89.41168157878826,50.808806724323006,93.46684484996422,23.85571826394252,57.946348166777,59.50871942031665,36.18273462646164,43.19382167571155,99.16763622562314,99.3903716614094,97.0995258424665,92.134155927042,75.0312598445779,69.21080137353118,98.27719708682389,98.61549274036986,99.02329346947283,59.94916971135797,99.27044993058041,91.34138000293683,47.42212440251018,98.94115709842185,23.831246036348006,15.10389698892294,31.28674622915665,7.84411282770229,24.042900881524474,81.35350509583145,32.99807104191294
157509,1,13,47,14,17,10,3,103,USA,40.179112771535245,72.29494873939228,9.06392701881444,12.18133681601131,35.18913289854396,56.99678035513409,77.46440955108017,26.20087671274368,83.37058464759491,17.83629031343594,8.143377099481114,15.113676818130472,35.93764208945419,50.494282940076005,19.25145827929248,50.444855885907884,9.122016043886646,3.8285362743762335,65.039355116703,29.07001713775793,23.689136459787903,23.240862203054206,3.5064568632656545,46.284843661040384,41.943384449373866,19.9849098635147,49.49875553694591,43.44677096715941,37.13235247544594,64.1514006211413,18.801049858689595,37.73513589160882,90.26076465827953,11.15984711503495,17.99751393482981
255892,1,22,30,37,12,26,9,107,USA,78.57741284847634,96.58529297009034,82.47693013887124,18.363391319755294,25.158187457547825,88.24351183291469,83.22054561069058,46.19023280498891,75.68591836594749,40.92026450019563,51.840430352222086,23.643949523418712,17.445521498293687,83.99766180589484,2.960606481736633,1.0,10.309452760825593,13.27157339255723,18.98397532185942,24.042900881524474,15.574641162813691,39.89486403050768,13.649579136660321,59.94916971135797,25.42533077083897,36.23605888348368,42.291087082205365,86.73819538201224,21.484417328430965,51.77910640573515,18.011841369873252,44.20134574873799,32.54383356563801,3.3342664290154715,20.178564309796258
30633,2,18,54,46,12,18,3,101,USA,12.382760911786676,42.291087082205365,18.091093533910794,58.71997976386746,17.11734969494421,13.771182135799876,3.2140818418625656,66.3694779714034,58.55236278061574,83.21243289066717,87.62929142411929,38.89893101034255,54.44332608373179,44.463922165544204,90.06864782459968,88.0302838412423,91.11356755894622,79.00918395050098,71.58235461751946,58.64095210559856,93.22069447116962,97.57868479014326,96.36147742788762,80.57794121246536,90.48753652855896,99.62529287145958,79.22231631654597,63.652467915599175,32.320286709318424,35.331007974480485,12.286541527247522,13.553030566519794,61.01069607724554,56.10310053102842,74.31609562768182
223886,1,17,22,50,14,26,9,105,USA,1.0,31.560378358973026,1.0,8.859497450823937,40.597419457146316,1.0,2.9483778773373075,30.654535915186386,6.063415838708025,74.43439806100423,37.45479722966138,5.368564900396208,44.67079951304356,50.494282940076005,43.15141791111546,50.444855885907884,73.87736666989514,8.585289161933531,39.89486403050768,59.1795906710056,32.780366410893976,64.91753336498903,70.51059471376072,56.885539292462795,47.30504833157312,82.48283497451916,64.35189813608548,32.80222031111842,34.058926066630676,55.07623775225022,38.098006018754745,20.195682365934147,52.88414344558328,4.965311134695554,71.38921400774188
63921,2,35,9,33,10,17,6,101,USA,24.21885811538465,4.849929977967491,54.36555360329919,20.791244461849743,39.96934393210995,35.93764208945407,53.319429804707454,39.67729426625186,50.63550054933802,41.24825991472602,46.70688036593572,36.380627243456786,30.736721929339495,53.41024752405781,56.49495686072771,49.56063603396092,60.398467535691054,21.773925274910596,21.487023866808073,81.45293791536483,84.06143549742728,45.363975855464275,61.91892508169872,28.20459265453337,46.98563916064137,77.35318352774686,24.565864920511927,37.13891197395856,58.18691198097582,51.36864963094524,38.763436284558,44.33191778008268,68.12570526155298,81.35350509583145,62.685739247457434
105998,2,26,11,1,20,10,3,102,UK,96.29820558493748,89.9625610576469,60.5424373119057,75.29940096995824,84.49314686490402,66.01067157866157,99.0,1.0,1.0,1.0,1.0,1.0,1.0,1.0,1.0,1.0,39.60153246430622,1.0,1.0,97.41852532010091,1.0,71.43810549725782,13.22223083227749,40.06999034374928,46.98563916064137,85.62147587131506,96.45328661425253,88.55650798049987,93.91589149381798,87.84587842470967,42.743613439347484,88.5842256885278,99.48344021986497,63.96838866723374,99.0
71272,2,17,32,37,20,19,7,101,USA,28.47814346475522,72.45946413723033,13.42929580372271,1.0,65.03935511670318,44.99504097618501,69.30757411611546,2.1376405339637756,23.124395931777997,2.127456191033147,6.042297071122974,43.91268057637768,8.10044689153574,1.0,68.03026060702683,34.3314735878171,83.18027635575788,24.737787779321025,87.07656476530121,99.33761549856104,30.63992438136114,6.3909706504579304,36.21588033259451,11.657982565176184,26.259510286198037,10.799514522117988,35.44845706311651,1.0,30.545479159098193,35.331007974480485,3.761168068730271,75.22616924738367,25.158187457547797,76.99047717112194,20.866239721879907
272022,1,19,27,36,16,24,9,108,Sweden,80.98895586094159,57.30350820568515,85.5457731059488,59.88492177432994,73.09049750610438,80.09800138568346,69.53709953284641,76.58243704859956,83.37058464759491,70.25853193165136,91.15623620881456,48.9377169468961,27.610421178598017,92.45308757493581,66.76760460122273,71.98677542110562,62.670216542141645,68.80982296798709,46.19023280498891,41.68691580242188,80.50488183684661,91.46075191001933,86.01734838160507,67.20549961186697,82.46458131618783,95.32690056262697,39.543731938542976,96.71870695339089,45.530131043933466,64.1514006211413,46.57216845740123,37.73513589160882,57.667541259690836,45.002837651201844,27.58490170220736
305914,2,18,52,16,0,11,2,110,USA,45.09372939329262,42.291087082205365,76.76487650897081,42.36174007540245,26.569667184096602,49.99999999999858,45.06434861754923,41.4281073119904,52.45351877055924,51.71482449908609,44.67079951304356,48.983237584427684,28.417645382477644,39.89486403050779,40.99474994514782,42.48922806090303,28.593976969392457,45.61140169131329,59.48073062366848,32.953691042920525,60.60359954468936,88.42181349405791,85.40624108122324,85.07826600534418,52.73637541912245,92.03222323833745,55.58203895537741,89.95808132590957,31.42980383058577,48.64867122355571,7.472242555693413,22.221421111983574,85.31080770811991,39.50535605806317,37.933206440742254
157296,2,26,58,17,8,9,3,103,Poland,78.49980080090143,92.76668478665965,77.8280525063858,88.64046967681088,45.2259618242183,79.64120213339004,25.80553116473422,51.552310960650914,44.29159025946308,62.034618989035664,88.11866088490251,59.13772006023231,26.81939930077658,34.16187001140264,73.59422740636819,88.55650798049987,64.46531457556108,53.844028635023164,73.28474665502551,60.87159425496816,56.175137629626704,35.69384770455139,92.76668478665965,40.06999034374928,75.94333318302654,2.9027192919252514,3.5467133857440984,42.68003802225007,64.78766991412851,64.85190053121335,77.63595327780763,80.1804787722698,18.605107809955825,44.64654924803892,75.85958331893107
166387,2,16,0,47,14,20,5,103,UK,39.839017936896994,67.6991349370075,1.0,21.98554323401359,98.75950003467142,25.882551149099697,64.6329415818742,47.13134731573945,80.9504293154099,16.135186567182956,73.45557273577765,54.063262499480516,58.854938377407905,22.756772076691846,95.01591223570813,96.83683486410723,88.69781772945885,67.24885676861538,82.38953820086851,88.49285544556074,90.31994505042348,89.22015442730765,96.36147742788762,85.07826600534418,68.74074637331933,99.10539284662502,50.50840487755136,47.87586579427381,6.832792585397087,12.51925154915159,2.3732083900071217,3.351347693632576,17.47546846224384,61.58199982530522,29.059420566627125
234318,2,32,9,8,18,8,5,106,UK,39.05845551951177,89.9625610576469,19.084126661954485,5.474027310624237,29.81782479991668,51.01676241556953,53.319429804707454,15.399601452388225,74.99408138629997,1.0,7.821504501229896,20.791244461849743,26.81939930077658,48.53763055243792,55.37945922398609,45.17371817583938,31.560378358973026,80.6034086023285,32.25972665545132,29.566759293785054,96.19374149497719,16.04442332621764,89.9625610576469,12.993014428773478,14.410582680954661,42.17855658104003,3.5467133857440984,3.6415008991581033,22.044487307329376,17.470860014697195,31.027056149688406,5.035395486477029,40.094517212998085,63.96838866723374,34.571415401094725
93968,2,15,42,22,16,3,1,102,Canada,64.80290424399561,81.26342017218394,13.42929580372271,47.810544909075986,59.55017917542108,89.60055360530589,54.935651382447816,13.30909946597734,52.45351877055924,16.135186567182956,3.4351090716735797,43.91268057637768,32.54383356563801,4.376414170462738,74.52419832809181,38.373334834597244,43.44086596153767,91.55277914081012,40.51926937632845,97.2933305083734,79.22231631654597,1.0,40.90811813974602,1.0,21.525833663213177,1.9508535328711787,1.0,27.39466858187575,72.92407924715394,53.15156358542765,86.07981064123248,84.29098216856346,17.47546846224384,99.46773126332607,51.87270511600451
171458,1,20,27,8,7,10,7,103,Greece,65.22992944938568,46.8616625569893,9.06392701881444,83.28485890970524,86.57756514962205,32.307703355288595,93.12024965164437,94.33873247654208,91.89955310846108,82.1637096865611,87.29220356230667,79.05269259105376,91.38663287631312,74.24701051971755,80.58069702126636,83.22475351117635,42.82463416453311,77.41332779742356,86.63338107695051,63.46873685996724,91.13614225019523,79.74546683505628,17.480198646710647,67.20549961186697,86.47075137508511,86.32158378821839,89.28100523245439,75.19121993617478,40.25362878569723,64.1514006211413,67.65818245209357,30.373205774212465,17.11734969494421,15.022086408344563,66.11822851590068
245463,2,32,38,55,21,6,1,107,USA,87.61723908821011,42.80857461825059,77.8280525063858,80.15066620083473,66.19844583264802,61.101068989654436,99.0,89.23888538147537,63.20312309096943,89.9307629908659,78.09129834681323,30.92981159264579,86.3743755446095,98.90219007153121,49.77546507255187,82.19946571129663,47.90708649651623,34.82904556346739,8.490408007008512,51.824706498066064,66.23505277541807,77.63595327780763,89.9625610576469,70.65410972728665,80.98379288575211,72.76718201217892,24.565864920511927,65.03935511670318,12.40143831567255,2.1550420242131025,27.318507249333862,29.71880108100757,26.650481798648855,26.059328894242867,17.855609388338962
10604,2,16,51,35,1,24,1,101,USA,6.757407223919472,1.0,1.0,1.0,99.56212470670027,1.0,54.935651382447816,8.849514472390297,28.557470106690573,1.0,22.40974990335252,48.983237584427684,13.81572005327331,15.368546958100552,99.43707592442775,93.07869517425445,99.49207763224274,88.84463139580612,77.19398147516756,98.53634355420627,90.31994505042348,32.486183688806676,77.82092340640315,5.0609644424642255,63.53406225256617,52.34060397447763,30.63992438136114,4.878981883811036,10.121619831216037,1.0,18.03168615767558,19.16249926646887,8.067620121993713,76.99047717112194,20.866239721879907
3406,2,49,9,38,23,7,1,101,USA,21.945964460834716,16.747620550392412,35.81736676013651,41.99495664515888,29.81782479991668,45.936737500516585,21.709330571400272,1.0,1.0,15.219684361003004,46.70688036593572,1.0,2.127456191033147,13.513620199922286,3.0651019287651735,13.85480603215845,20.457096935902428,1.0,2.8566674935086525,14.388220962407416,40.7639845402021,98.96163781209714,86.77776916771938,70.65410972728665,64.87415180158689,97.09728070807125,99.30862523670703,84.5933664326293,79.56629049685546,77.31892438549448,23.74815518018326,94.96460451351959,95.65775474633347,68.60058485381398,67.23225874558347
162070,1,28,6,8,0,15,4,103,Australia,60.1051359694892,65.40796685857111,58.85493837740813,1.0,71.9500762518129,80.35947022086873,83.22054561069058,6.266716796231194,2.7734238101172366,1.0,51.840430352222086,3.149557071884857,14.2706461653477,48.05036885527579,24.571679465851588,49.56063603396092,77.90615917089269,1.0,1.0,73.48346135784982,19.5298787259662,99.65402506661326,91.76591663041097,84.56716102782389,63.20312309096943,88.09947126256975,99.26893892869771,98.94115709842185,47.426117923277445,18.510816413584024,5.657455689244756,89.5486601335848,60.2364043211619,68.60058485381398,51.923296568158094
239558,1,24,12,0,18,24,9,106,USA,52.1400963820322,33.56443166115514,23.542947406190677,86.41961753091277,40.348835575312364,50.53116852032986,68.07622402073508,8.803293697682449,1.0,54.556975949327466,33.70576361322108,3.149557071884857,6.384274908266107,38.39571010362192,2.231623422355767,3.890549688866855,13.234684165010492,1.0,14.454226894048105,46.256957089828006,3.7302118512646842,17.623172961975456,10.49991745079825,22.535590448916935,3.351347693632576,36.23605888348368,47.42212440251018,59.37039484136545,99.0,99.0,98.52527446695672,99.0,84.99941429810258,63.96838866723374,99.0
55398,2,43,18,40,23,24,5,101,USA,33.927915451124136,52.403820182702646,87.43748015944948,1.0,66.19844583264802,35.93764208945407,17.855609388338962,95.66656241004716,96.21941950767757,87.17481078845185,92.17849549876689,64.72479717011902,98.74639590052823,63.026088336460134,93.25686235996943,91.29658428621372,76.00485587797846,34.82904556346739,91.50959199298825,93.5656869093541,97.96641038608618,99.29678543634009,99.37509143900036,98.49637425348033,96.00666942150986,98.6106658859087,91.24648810278018,53.95060925674363,1.0,5.750230951583532,1.7653055393491428,3.4494706658276755,8.682797163853309,3.3342664290154715,1.9807224414555975
73595,1,33,27,26,14,6,8,101,USA,4.23206477706286,19.243841141222532,19.180033328925163,53.185121557385685,12.407428221726605,1.0,18.145762469524954,63.3708128922724,39.4575626880914,59.079735499801416,69.75039977186134,33.2971634767795,65.44478241121891,83.99766180589484,32.70172497275399,53.95060925674363,44.299389968876426,33.216619884933806,40.56094673416658,20.095747650381668,33.024071419858416,71.74550057943685,33.429732576898715,54.44332608373185,68.50084497134463,80.43433057250775,94.62054579848518,48.953336685814406,81.07494127138034,80.77786188366656,72.23384881392207,84.53344341718957,91.22179970998468,35.09415280946621,74.91866798595385
324641,2,18,29,32,1,20,0,111,USA,15.211608590230156,32.30086506298957,1.0,26.74848719592285,31.747142483319834,30.433837038828756,59.82779962352896,86.69090053401965,64.53469706952234,83.21243289066717,56.50795454375839,77.94852195433975,86.18427994672345,86.63338107695051,45.02498081067944,38.373334834597244,51.16041356852554,71.33191861117649,40.51926937632845,32.953691042920525,40.39427439640821,52.93364831840864,55.28135202338723,47.66706510853851,47.263624580874534,74.72943511559401,40.39427439640821,42.58820505516337,31.42980383058577,35.331007974480485,31.624997092283593,42.977345193462895,51.84839431971352,19.311718575472838,42.532852754387704
80698,1,23,13,56,14,7,10,101,USA,82.88265030505272,79.88105043362498,58.85493837740813,58.46198478449537,97.16847401524115,75.896469460812,55.263629249518715,53.11798253744837,96.31194226343769,23.85571826394252,89.39717246292184,74.50142217039121,6.384274908266107,48.05036885527579,96.79952601924197,93.70362584385214,93.25032688720819,89.2767172098396,69.674603705643,77.5637764425644,94.49472941362046,51.56411713841146,82.15417819623713,65.3435195458141,86.96632865979723,22.12609129554656,1.0,59.37039484136545,10.549219147550758,6.646425442125121,7.643847637544525,20.597804832851892,12.993014428773478,49.51248786451873,20.178564309796258
167964,1,33,28,56,8,7,6,103,Finland,91.91856525617254,87.9577765080262,78.23795352732941,63.652467915599175,81.1885734906025,88.24351183291469,76.0272500337062,97.33751573000495,75.68591836594749,92.59912769456457,85.18869867852766,74.50142217039121,99.48847233567824,90.64706074455307,71.84876806160958,58.313084197575165,77.90615917089269,61.29976780711877,58.269695887561284,46.256957089828006,88.7050654558816,98.29753132104895,96.31194226343769,88.47492695334438,82.88265030505272,76.10995412150169,85.20819150822626,93.18925463440826,7.795776865804058,4.520743135778574,7.643847637544525,12.362471450670682,28.20459265453337,1.0,66.08916647993237
310224,2,38,7,37,12,16,4,110,USA,42.9828288882137,61.91892508169872,35.81736676013651,47.70466906821406,55.830976460441036,26.468749470533226,43.8453517351694,43.21166675331921,26.128983665461305,49.58131153933135,66.20780177702142,47.70466906821406,47.4283312062351,34.16187001140264,30.079416898810877,28.267673322213682,35.53468542443608,21.773925274910596,38.04138284016847,84.9464681882871,7.206955668380388,52.39052757327329,42.80857461825059,64.78278589337833,40.99644796096635,57.8214434189569,79.92709893534379,21.671423710050647,82.65817066713248,90.76405995088896,38.763436284558,88.5842256885278,63.60458836831259,88.48499779615781,79.86341080358977
173414,1,40,0,51,18,1,8,103,USA,2.284141532990546,5.236587545981379,15.142455099184048,42.58820505516337,25.158187457547825,6.14410493977671,4.440034052798524,57.71388256228914,33.4297325768986,79.98271330943305,69.75039977186134,43.64141819818519,32.1448990198478,71.7487486783483,35.89465046495627,62.61750720984338,44.299389968876426,33.216619884933806,46.4438168710891,24.042900881524474,28.301933389501215,69.34796190797744,61.15337443158933,75.54997385039337,52.223645153743746,51.547120780486466,81.26342017218394,54.18252200787731,67.3260311456894,80.77786188366656,65.09172431362839,40.608585512881746,73.48346135784982,39.82652432314637,82.88265030505272
134963,1,18,14,24,13,23,9,102,Canada,55.31030002168791,88.86148498074533,77.51836932816263,49.47664252260131,1.0,71.41099419704676,77.46440955108017,1.0,1.0,3.8035866313085904,1.0,1.0,1.0,1.0,1.0,1.0,1.0,22.58667220257354,52.54107759706261,6.296374156144168,1.0,1.0,1.0,1.0,1.0,6.132518188783962,99.6744251127543,1.0,95.09950929475144,84.28738319745946,75.45647859765882,99.61615979975613,87.1122364194706,50.55606614092534,92.64653721661432
282859,1,18,5,52,21,23,2,109,USA,69.99888775996612,76.90651235726591,73.07624464740519,20.028241776119472,77.93512099923532,11.701684562204036,99.27044993058041,7.970502440509733,41.772148309260274,34.077385217651084,5.038329650532759,19.2114517347637,23.678321390588252,1.0,96.9365407919422,89.48518672399871,99.6347494369694,77.41332779742356,22.266214105837975,99.48692624020805,96.14431399454031,76.5407321831184,70.51059471376072,51.59328961075215,73.40738137626522,89.77479615703214,49.49875553694591,70.26508838753557,22.479046829836392,13.043711380136159,22.331027267183856,17.11734969494421,10.339449224591391,99.63785082300456,17.99751393482981
114308,2,23,21,12,18,23,4,102,Mauritius,10.124946505403415,79.42646223603026,1.0,59.13772006023231,34.81530240400832,1.0,30.105722373059507,5.750230951583532,7.391972611249315,73.79784262959129,1.0,3.0754683431158867,1.0,25.197168825149134,82.96922609496255,82.19946571129663,93.72983996355435,63.31946390461832,26.715253344971444,91.03705908413667,61.25946572680101,25.281973959838382,1.0,2.989544253827688,64.87415180158689,52.615754574771245,84.09613743118166,26.569667184096602,99.15191471484889,84.60948438918092,70.4714220996438,99.54391727273241,68.12570526155298,99.55215657014026,99.0
113941,2,41,11,10,4,22,4,102,USA,2.4704184932420645,52.403820182702646,1.0,3.0754683431158867,6.14410493977671,17.908775923854762,14.282856410831698,5.750230951583532,20.67268965707339,21.85000045652049,1.0,30.92981159264579,26.81939930077658,4.9480286306779675,11.849344273167873,2.323733413068638,27.705051260604677,30.29568662558205,26.715253344971444,65.28896729696976,1.0,6.203248588424785,1.0,22.701518884824225,10.31885447517891,47.38424542522603,34.30761847227842,17.11734969494421,80.3559586957125,69.1661111306675,42.743613439347484,96.5505293341688,58.97185396875591,97.95626338386808,58.035300002071665
137387,2,20,23,21,3,9,10,102,Pakistan,54.37716204920969,72.45946413723033,23.23512349102603,74.22680595634887,65.03935511670318,17.505856384176695,64.6329415818742,14.95623463693724,58.55236278061574,51.71482449908609,1.0,43.91268057637768,28.417645382477644,1.0,98.78105562808469,88.0302838412423,86.04643655114467,95.93025064599658,77.19398147516756,99.33761549856104,95.64331458828849,35.98478209725613,81.75583192499732,36.162632748775025,78.47416633678381,5.524427740784873,10.313414471076555,42.58820505516337,47.154274098766564,26.941078206479716,83.1835362374826,64.98860679804358,1.0,99.0,24.859259813697662
252573,2,17,10,7,18,6,8,107,USA,34.68823253350803,5.379454201511749,76.76487650897081,31.77158528160487,53.95060925674363,44.99504097618501,40.17220037646791,93.67842142368283,75.81695156631247,97.61205212583025,94.53506955940702,54.063262499480516,91.89955310846108,75.65063070036763,65.13674864520652,81.9031208065719,80.12018947505294,41.253357029240476,77.19398147516756,21.3027614855734,65.52574711047504,80.2661415173003,8.86786533280204,80.57794121246536,78.47416633678381,94.47557225921162,95.64331458828849,63.652467915599175,10.723282790157185,53.15156358542765,1.0,13.553030566519794,10.873983023952547,50.55606614092534,24.859259813697662
119136,1,15,10,19,1,29,5,102,USA,89.26154314312066,85.24142108866056,73.07624464740519,54.704020423288796,86.57756514962205,56.99678035513409,97.0516221226593,46.090043311691545,35.57062646454057,11.173985487562703,87.29220356230667,59.50871942031665,57.97667528380009,40.658217719685524,20.9524581545885,28.82365187556678,20.63144947707113,1.0,1.0,75.6456630134129,71.8673250198251,97.73830501811165,74.72943511559401,81.21427908087765,93.15583712422949,98.74372619654946,89.28100523245439,79.83354698615312,60.37388968274291,32.326088516707244,85.76243338907386,41.526618308606714,90.26076465827953,50.55606614092534,32.81043085041472
188276,2,25,8,40,13,20,11,103,USA,91.01072941348525,61.91892508169872,82.88265030505261,80.15066620083473,71.15813214473707,90.63018663441358,87.05895219246986,26.185901261901705,69.241915284083,7.144839700381453,16.61144435151772,36.380627243456786,47.4283312062351,34.16187001140264,75.57443544675277,58.313084197575165,60.398467535691054,72.34611144766149,97.14333250648781,47.263624580874534,75.662292729603,26.529765381992576,79.42646223603026,12.993014428773478,46.98563916064137,14.378524128681903,5.8801748414628605,53.95060925674363,27.104893098458973,17.470860014697195,62.811288492334825,19.819521227727023,30.986852474538694,59.21514729374104,14.282856410831698
13362,2,48,19,18,9,2,2,101,Albania,66.57689870436599,42.80857461825059,91.4048634828622,70.13473438320716,75.896469460812,87.33959614283856,8.134210253605232,99.60444586228164,98.3101684487608,96.36368410558077,95.46494093275498,88.64046967681088,96.0687808460741,93.64238429658258,72.58720034524305,82.19946571129663,68.43962164102402,30.29568662558205,73.28474665502551,47.263624580874534,91.03705908413644,99.20355411040623,95.15007002202924,86.12872371318815,93.17991654500008,98.6106658859087,65.69238152771845,84.5933664326293,4.715852924986692,8.165431414597577,6.5624904528720975,26.28545322050678,26.650481798648855,7.927984176145856,5.635294664448608
239768,2,17,29,42,16,26,9,106,USA,20.39930824141649,27.54053586276666,34.61916573918188,64.06235791054291,42.68003802225007,1.0,30.69242588388164,36.93582622187421,52.45351877055924,43.158876559428165,33.104268824151234,38.89893101034255,63.20312309096943,15.368546958100552,82.96107014792324,88.0302838412423,83.18027635575788,49.99999999999858,59.48073062366848,88.49285544556074,70.30114211772138,61.40485267302421,40.90811813974602,47.66706510853851,86.90681568138461,33.87469800503456,65.52574711047504,73.55834364977648,57.56602231005212,70.60326489133035,50.78214475861802,35.72345774980255,38.087158236754135,89.55586279109923,70.07894547098226
269704,2,20,31,32,8,13,5,108,USA,1.0,5.379454201511749,1.0,36.99571155383836,1.0,55.004959023812035,1.0,94.79577204175541,80.9504293154099,97.61205212583025,44.67079951304356,89.36356227047679,99.52784010077323,67.23807905407995,61.200439417140046,55.01669969009657,32.17954261031346,71.33191861117649,99.0,11.50714455443594,79.22231631654597,16.647764343864708,15.299157425058581,1.0,36.46593774743093,13.982651618391913,55.58203895537741,58.46198478449537,24.55350073197451,74.66155608194424,46.873144753778206,13.553030566519794,10.873983023952547,23.966802620214708,29.059420566627125
215139,2,26,14,10,17,22,2,105,USA,87.61723908821011,83.25237944960452,82.88265030505261,92.14274646283457,84.49314686490402,56.08731942361942,58.035300002071665,72.31400909685436,63.20312309096943,66.06762283826549,72.33000753722172,64.72479717011902,79.81194919210759,48.53763055243792,93.25686235996943,95.74707900680392,91.44769243010387,95.77705107163649,38.04138284016847,69.59000458286471,84.06143549742728,72.71316945068054,61.91892508169872,58.701033451356636,93.17991654500008,72.76718201217892,15.903862568815157,84.5933664326293,42.769737780757055,51.36864963094524,66.6913920797009,29.71880108100757,18.605107809955825,54.38260045296113,53.319429804707454
146353,2,31,32,50,14,25,0,103,USA,99.62811046271042,89.9625610576469,77.8280525063858,97.32139648326427,98.33210374463852,93.48525340387232,83.6093633598631,89.23888538147537,96.21941950767757,41.24825991472602,72.33000753722172,97.32139648326427,91.86904674501659,72.19114017691345,99.0,98.62100556219502,95.68148758840823,99.64544837204335,98.81381887109012,99.43736475223136,97.96641038608618,70.14729967836013,89.9625610576469,22.701518884824225,93.17991654500008,57.8214434189569,3.5467133857440984,97.18606340924941,12.40143831567255,73.33319121504621,1.0,14.018270540290615,18.605107809955825,10.878069661841323,30.105722373059507
190352,1,42,51,17,16,22,0,104,USA,69.0862666031162,54.846168774782996,95.45650955974043,78.16576113284259,71.9500762518129,71.15813214473707,8.962940915860088,37.07667992061732,58.08466025929653,72.10055176954745,27.999307699752535,43.64141819818519,28.224864339480575,16.742576542171378,93.32160981279628,98.62100556219502,74.100982744271,94.59131117331833,18.98397532185942,81.41475722390544,98.27719708682389,76.3694759768282,74.31609562768182,80.238196328105,93.69665425731546,56.687055095672974,37.234191385917086,59.37039484136545,45.59103730715219,26.016015886155145,68.71325377084054,37.06068052157116,32.54383356563801,85.08412333851334,28.527221823082982
168507,2,46,58,39,16,11,6,103,USA,31.42152559955909,10.037438942349667,35.81736676013651,41.99495664515888,20.508511603777947,26.468749470533226,90.17368850612843,39.67729426625186,44.29159025946308,33.13730422869742,40.17220037646791,30.92981159264579,47.4283312062351,58.25364669194022,38.63883899048386,58.313084197575165,60.398467535691054,39.49062956608225,5.317763438902432,56.37210185571547,26.153560990154347,68.84175466057837,71.03332665341549,46.256957089828006,46.98563916064137,77.35318352774686,75.43413507948515,48.305582994432655,61.038941293581615,60.42477581553817,46.766679265890104,66.74032908262433,72.49671585319584,35.09415280946621,71.63636970116852
324169,2,19,9,41,10,17,0,111,France,94.31423275108864,88.78225472418683,59.316179143202476,42.36174007540245,84.5933664326293,89.60055360530589,99.38828598892815,1.0,13.489921776969908,5.441180697799297,1.0,16.339178535837107,2.2232093037990808,31.027056149688406,32.16083396624646,7.834533999019911,2.7161613047643414,82.5422801540393,40.51926937632845,49.99999999999858,65.52574711047504,1.0,36.21588033259451,1.0,1.0,42.99668277844631,1.0,1.0,26.227005773014127,7.01428938131528,42.9813826315102,42.977345193462895,21.19945721193062,89.55586279109923,10.49991745079825
307987,2,20,52,44,0,12,3,110,USA,73.43975151330824,62.7658086140799,71.22629291164247,69.25100862044388,59.55017917542108,64.83340781780561,69.30757411611546,84.19253670138721,64.53469706952234,79.81194919210759,94.53506955940702,68.88674933652726,86.18427994672345,53.694512358255906,72.7106356995958,67.25861939826268,62.64068640317316,58.746642970756454,53.17565354610883,74.9804753003109,83.27341643809916,75.09561146057843,40.90811813974602,70.44701254587068,82.88265030505272,82.5198013532862,50.50840487755136,78.16576113284259,44.31686177731541,57.63140255323418,39.12840574502866,32.194701977513006,42.62918553286505,76.99047717112194,47.19168211406509
139754,1,17,58,59,12,21,10,102,Canada,10.255237819896251,57.30350820568515,12.313095417253464,15.921465128015797,24.93622284681038,1.0,43.344921433791455,44.87159510289655,54.44332608373202,78.41464627708172,49.39681158829484,33.2971634767795,40.269335632185744,22.32598403303976,86.12872371318815,89.48518672399871,93.95438313728812,73.21175121452501,33.74743130294135,75.6456630134129,80.50488183684661,67.3362604544526,66.12530199496246,46.284843661040384,86.47075137508511,54.122030713014226,64.35189813608548,48.90503595078849,28.10268843012912,32.326088516707244,5.04165366294643,17.11734969494421,43.28529155118588,76.99047717112194,55.07623775225028
213607,2,24,19,5,11,21,1,105,Australia,83.79589734990736,86.77776916771938,54.36555360329919,47.70466906821406,80.35947022086873,66.01067157866157,90.17368850612843,2.7784032654295174,7.391972611249315,1.0,11.881339115094278,20.791244461849743,26.81939930077658,25.197168825149134,43.05964334144585,32.33683325556629,68.43962164102402,17.865663527580637,56.018839058953176,77.70620629091718,17.517165025477652,38.42014413139253,28.966673346581445,17.601766613999473,19.016207114244878,27.23281798781821,75.43413507948515,84.5933664326293,74.61731435353943,73.33319121504621,74.12755151230016,63.11148672055191,72.49671585319584,68.60058485381398,67.23225874558347
71195,2,16,14,20,1,19,7,101,USA,75.78114188461245,72.45946413723033,13.42929580372271,42.36174007540245,80.19514273855225,92.5639835257391,85.83094718467828,7.538127536593549,13.489921776969908,5.441180697799297,1.0,43.91268057637768,41.14506162258914,12.09412374001377,73.62198054501897,30.390084313250185,35.863114210481,91.55277914081012,97.16186319777216,97.2933305083734,40.39427439640821,1.0,2.2963252312841576,1.0,1.0,1.0,60.60359954468936,7.542847206751148,74.61390353739296,53.15156358542765,88.75630204219294,98.96191486636508,29.316092305772713,34.12556235771552,82.15417819623713
172207,2,20,29,8,15,18,7,103,USA,79.16268720859159,81.26342017218394,81.90890646608625,17.54187933309808,98.75950003467142,69.5661629611684,59.82779962352896,1.0,28.557470106690573,5.441180697799297,1.0,38.89893101034255,10.799514522117988,1.0,88.7716542021617,55.01669969009657,73.5016449847086,93.92483677307791,34.352882342751116,99.33761549856104,93.22069447116962,1.0,40.90811813974602,1.0,3.9178591134474203,5.524427740784873,4.800686793161333,1.0,55.68313822268158,15.74762055341634,86.07981064123248,57.75674281970055,3.621488419063425,99.0,56.53893235643574
48244,1,41,16,2,12,4,5,101,Japan,94.69712168857689,28.5405116565955,95.45650955974043,82.4708482798892,95.01170584151157,91.55657756489688,83.22054561069058,95.06416399370619,96.31194226343769,83.58163009082807,89.39717246292184,90.61178652490548,73.30402866692373,87.50184206961114,94.96080558153835,98.62100556219502,97.0995258424665,89.2767172098396,52.371791064982006,55.608646060651324,91.82712720281188,66.90190178927912,85.68113180055286,70.5644345908944,96.21941950767757,61.76273333671213,3.2140818418625656,48.953336685814406,14.301416209915857,26.016015886155145,78.89148812638973,5.9282486571625554,7.192308219868849,14.207986596123675,4.636274779390959
160733,1,23,49,34,23,4,4,103,USA,48.127294883992704,44.08104661749974,8.249868625147684,53.185121557385685,81.1885734906025,45.2259618242183,63.892946217285214,53.11798253744837,70.07894547098209,13.093184318612003,80.45593114895769,54.24481320760782,44.50222636145577,67.22611925578326,49.10753124262885,28.267673322213682,31.512001956115284,47.15427409876639,75.0312598445779,55.608646060651324,67.93474740485391,18.650760547166243,3.329479665443344,27.409635915245588,46.66577108930471,36.23605888348368,42.291087082205365,28.6562827261815,23.04024790577202,30.050868353950648,38.61055267488479,14.930461868833419,41.60700518705539,21.84035593194926,28.527221823082982
81429,2,21,46,40,19,12,10,101,USA,33.927915451124136,4.849929977967491,87.43748015944948,75.29940096995824,12.47330482372206,22.051478045657404,58.035300002071665,22.04284529347251,1.0,41.24825991472602,59.82779962352896,1.0,16.135186567182956,84.36304352175205,1.0,1.0,23.9951441220185,1.0,5.317763438902432,11.243697957803903,13.678416211778597,45.363975855464275,16.747620550392412,28.20459265453337,19.016207114244878,62.94967134706582,60.55156695181773,92.01962974840148,79.56629049685546,81.08909424315777,34.84997484138398,85.98172945970623,95.65775474633347,39.82652432314637,90.17368850612843
297425,2,17,30,25,10,25,10,109,Thailand,53.05256013976634,37.234191385917086,40.6838208567944,36.99571155383836,53.95060925674363,35.16659218219144,94.72147410597472,48.278263343606795,18.07413941207355,64.3925588198357,78.58858792556782,16.339178535837107,67.45616643435892,44.463922165544204,56.18830886320245,59.164320907627484,62.64068640317316,41.253357029240476,65.64711765724587,45.66479924381599,55.58203895537741,41.95986542494984,73.64158585816887,30.63218018601941,52.73637541912245,42.99668277844631,40.39427439640821,22.733263538806,31.42980383058577,22.99146730217373,24.53529762125993,46.66577108930471,33.637604863282434,56.10310053102842,47.19168211406509
68004,2,38,20,30,20,27,6,101,Australia,70.30463925686774,75.34008785972469,72.36136535016311,80.15066620083473,88.24351183291469,35.93764208945407,30.105722373059507,74.44947184038182,74.99408138629997,57.92493916101165,88.11866088490251,30.92981159264579,72.40894963476512,80.57148528841765,80.30373266323295,88.55650798049987,91.44769243010387,49.03819143458776,16.654099179040458,60.87159425496816,96.19374149497719,73.97148887203758,71.03332665341549,64.78278589337833,75.94333318302654,77.35318352774686,12.112736993001931,92.01962974840148,5.15363802548481,17.470860014697195,14.104550358581292,9.038096759454817,3.947459569359083,17.875995259367897,21.709330571400272
97090,2,26,22,54,19,21,1,102,Canada,83.79589734990736,79.42646223603026,82.88265030505261,92.14274646283457,50.53116852032986,51.01676241556953,79.86341080358977,23.05741018832211,20.67268965707339,25.45996442274705,53.29311963406161,30.92981159264579,34.78467417757349,21.025779143228192,57.60749806260782,28.267673322213682,60.398467535691054,67.90892130832316,26.715253344971444,84.9464681882871,56.175137629626704,39.79627687716339,28.966673346581445,58.701033451356636,53.01436083935573,22.64681647225015,29.328766576388233,75.42677453203078,40.85920770759651,33.40694941671984,34.84997484138398,55.668082219914254,40.094517212998085,59.21514729374104,39.164121453558494
197331,2,39,17,12,3,3,3,104,USA,49.60162065730543,38.0810749182985,82.88265030505261,20.791244461849743,39.96934393210995,70.76878765562856,48.576617450646324,81.47969891273874,56.97016483628056,92.39851927298366,53.29311963406161,41.99495664515888,72.40894963476512,93.64238429658258,43.05964334144585,28.267673322213682,31.560378358973026,80.6034086023285,56.018839058953176,17.82700499716219,66.23505277541807,50.984615629757,28.966673346581445,86.12872371318815,46.98563916064137,14.378524128681903,70.67123342360873,65.03935511670318,44.69004238442744,64.85190053121335,54.846168774782996,22.97917678602758,58.97185396875591,49.51248786451873,34.571415401094725
36830,2,27,42,18,7,5,4,101,Australia,30.1860031641215,61.91892508169872,41.91533974070052,1.0,20.508511603777947,70.76878765562856,39.164121453558494,62.189113818074475,74.99408138629997,89.9307629908659,46.70688036593572,36.380627243456786,55.989958694574455,34.16187001140264,54.26151488253112,24.3543369865842,35.53468542443608,90.8455915333858,56.018839058953176,60.87159425496816,51.03149623323941,1.0,4.849929977967491,28.20459265453337,1.0,2.9027192919252514,15.903862568815157,9.301460576598942,42.769737780757055,37.79301445376893,94.2497690484131,44.33191778008268,30.986852474538694,39.82652432314637,11.02956043416009
323396,2,17,30,58,13,2,0,111,USA,53.05256013976634,85.20819150822626,59.316179143202476,74.22680595634887,3.6415008991581033,44.99504097618501,49.99999999999858,14.95623463693724,3.3657144731954673,55.989958694574455,27.610421178598017,33.98932842133539,17.11734969494421,9.146915940496768,38.00614232539431,22.914481651507117,47.29334144891749,28.66808138882041,34.352882342751116,62.88780464148539,50.50840487755136,32.486183688806676,40.90811813974602,36.162632748775025,31.25925362667769,21.255166203304185,45.430036846224084,53.185121557385685,97.88262003534305,93.91650313720686,95.25160469618959,81.43027151090689,85.31080770811991,97.60574978768477,99.02329346947283
3512,1,25,52,0,10,8,1,101,Finland,72.76363999186668,54.846168774782996,58.85493837740813,22.733263538806,89.02639377864637,61.07139808454821,89.41168157878826,10.948664927146865,33.4297325768986,7.400872305432202,57.946348166777,19.2114517347637,17.445521498293687,4.729362029302351,46.87804003038116,40.8204093289915,57.44425564700225,20.526002638217875,46.4438168710891,81.41475722390544,37.907163869258454,47.65425523944333,65.67904193769476,43.344921433791285,41.14506162258914,22.12609129554656,57.708912917791565,59.37039484136545,47.426117923277445,22.158760642680534,24.36667743994991,62.23415499654976,73.48346135784982,59.21514729374104,51.923296568158094
225667,2,24,9,6,7,18,10,105,Netherlands,7.038510427648248,4.849929977967491,14.318868199443983,3.0754683431158867,29.81782479991668,10.636437729519969,62.685739247457434,35.0423946983492,11.211724100645796,62.034618989035664,40.17220037646791,12.124301089074606,38.93485830207197,63.026088336460134,17.55264221674682,20.62737789529018,52.09291350348076,1.0,38.04138284016847,33.840423460596384,40.7639845402021,70.14729967836013,66.54624894983101,58.701033451356636,40.99644796096635,85.62147587131506,94.11982515853401,17.11734969494421,48.5495490174207,25.048837768764088,38.763436284558,48.10738101833368,90.75306645260173,39.82652432314637,53.319429804707454
155939,1,38,14,9,1,31,2,103,USA,1.0,3.019669333842657,33.038220660422525,27.39466858187575,1.8374810467418143,6.14410493977671,8.962940915860088,84.5457076119477,64.18263323986054,72.10055176954745,98.04461905111657,59.50871942031665,61.349416119693956,93.39157811109567,12.33150532012857,32.33683325556629,13.234684165010492,20.526002638217875,10.420623092910688,2.9895442538276598,63.080058676461306,99.65402506661326,51.87270511600451,98.65518298932966,93.69665425731546,96.3967355276219,94.62054579848518,98.94115709842185,17.760547544328432,34.23160425600963,46.17660171452587,17.681323668604676,55.608646060651324,1.0,6.975382297096161
321555,2,19,33,55,17,29,10,110,USA,2.3040388545208543,52.57787559748709,1.0,1.0,6.169520740884394,74.11744885089718,1.0,80.61593261626206,93.32160981279628,51.71482449908609,83.3382186311095,94.96954883236674,24.450026149603673,86.63338107695051,53.15027876889582,50.83735048134031,47.29334144891749,67.24885676861538,59.48073062366848,67.04630895707658,21.62407111251096,50.489187386854496,81.75583192499732,59.28595610939959,52.73637541912245,82.5198013532862,7.322719933806454,18.363391319755294,34.11849544706982,78.53212677802628,9.752262657503962,39.32378978437407,25.158187457547797,76.99047717112194,24.859259813697662
197365,1,15,49,27,13,3,3,104,USA,12.762487428074735,36.54375437401734,43.40796818255575,1.9201191433458717,29.94808702969675,23.257757659384367,18.86528799783011,29.523461796261245,29.581762687260635,43.08710500282825,26.176894918892657,19.2114517347637,40.269335632185744,50.494282940076005,40.06999034374917,32.96395269530268,54.791869057443876,35.752386609459336,27.840394651610865,46.04939074325358,52.505314968993446,26.582289762340935,47.65939602551936,46.284843661040384,9.94667038579641,43.82486237037028,64.35189813608548,2.522212628934753,35.07735856143398,28.04992374818403,63.565929724145064,14.230858476096529,52.88414344558328,28.925397546363968,55.07623775225028
296486,2,38,52,59,18,16,10,109,USA,10.124946505403415,24.65991214027227,6.533155150032329,47.70466906821406,61.07139808454821,7.601480727013083,3.5713024619715696,51.552310960650914,50.63550054933802,33.13730422869742,46.70688036593572,80.15066620083473,47.4283312062351,53.41024752405781,38.63883899048386,49.56063603396092,31.560378358973026,49.03819143458776,73.28474665502551,42.72307250299582,13.678416211778597,82.22665393007685,66.54624894983101,58.701033451356636,89.68114552481791,67.94879774837898,87.88726300699477,53.95060925674363,66.63303645055572,77.31892438549448,54.846168774782996,55.668082219914254,80.63446295056406,54.38260045296113,58.035300002071665
296308,1,19,49,25,14,14,10,109,USA,68.82260167001749,46.8616625569893,73.07624464740519,74.63236042239402,67.97952772928915,84.02866242798461,30.46290046715066,95.97867445379154,78.26933715180166,82.1637096865611,87.29220356230667,93.58662019346582,93.80915625759576,78.50597053818706,77.12105671829761,71.98677542110562,58.75637895863116,81.37448238395427,94.2497690484131,63.46873685996724,57.493261250278636,58.72962163658565,78.74483379669266,67.20549961186697,58.05661555062329,69.14764735755358,21.13987954689776,38.059457108195716,16.464076634248897,59.65116442468491,38.098006018754745,9.116809721847062,20.971115789764326,1.0,38.2372666632848
261876,1,20,40,36,18,28,0,108,USA,14.55522391586922,36.54375437401734,43.40796818255575,6.007587643171647,35.18913289854396,27.678385686496995,12.26995716200264,95.97867445379154,72.73352751819738,99.5655367261279,96.93149583727586,79.05269259105376,78.58858792556782,74.24701051971755,54.57292510856979,67.87501701242121,38.88776370935125,31.190177032009785,52.54107759706261,54.82628182415766,76.31086354020897,72.0444185283763,66.12530199496246,92.16196389768993,26.592618623731795,99.00033133702414,64.35189813608548,7.301470312646643,43.41098862817881,41.258983812307235,15.492574848767873,20.195682365934147,90.26076465827953,61.58199982530522,55.07623775225028
56486,2,21,14,21,22,27,5,101,USA,18.679817546362983,61.91892508169872,1.0,41.99495664515888,3.7542264838543957,22.051478045657404,53.319429804707454,17.209622772311718,15.669449792360979,45.40024373105052,21.90870165318364,5.474027310624237,16.135186567182956,48.53763055243792,3.9213549915431116,1.0,20.457096935902428,39.49062956608225,32.25972665545132,21.525833663213064,1.0,12.987875674422298,10.037438942349667,40.06999034374928,6.8200834549964355,10.799514522117988,65.69238152771845,26.569667184096602,87.59856168432407,73.33319121504621,74.12755151230016,90.96190324054191,80.63446295056406,68.60058485381398,90.17368850612843
330224,2,17,43,40,14,22,2,111,USA,45.09372939329262,52.57787559748709,71.22629291164247,31.77158528160487,48.305582994432655,40.03544926577973,40.17220037646791,27.24801532452628,13.489921776969908,16.135186567182956,50.593135699815036,48.983237584427684,17.11734969494421,62.81128849233477,34.08619364062818,26.575607003584423,47.29334144891749,20.99081604949606,46.82434645388838,54.33520075618111,35.44845706311651,52.93364831840864,11.905198398291134,47.66706510853851,58.17956328876022,78.74483379669266,65.52574711047504,53.185121557385685,60.37110404346686,53.15156358542765,21.19945721193062,64.98860679804358,74.02502740042638,85.78653499209838,70.07894547098226
53242,1,15,53,36,1,17,5,101,USA,55.31030002168791,76.90651235726591,53.55618312890812,20.028241776119472,57.20631330942837,11.701684562204036,93.12024965164437,37.64208599999125,29.581762687260635,25.56560193899287,55.419208390362996,8.138245840943256,66.6146913372175,65.10699556121563,65.7783208265493,67.87501701242121,83.79928255838342,22.58667220257354,1.0,91.80561309427924,84.40401259632893,67.3362604544526,74.72943511559401,41.01418900333107,58.05661555062329,64.26103025775632,82.10246121464888,43.44677096715941,86.35439055259315,68.54137944829739,59.38280421729479,94.2497690484131,87.1122364194706,45.002837651201844,95.42391757198754
72284,1,26,6,32,16,27,7,101,Canada,52.1400963820322,33.56443166115514,63.961477249015104,73.55834364977648,45.69101423380141,45.2259618242183,46.48765477801305,72.0548955397714,64.18263323986054,96.78591815813411,33.70576361322108,59.50871942031665,77.01311750261641,43.19382167571155,50.2231271933955,53.95060925674363,65.99871618056824,4.968678807918806,64.06235791054291,60.2364043211619,63.080058676461306,56.76013486114681,7.705354041128103,75.54997385039337,57.75674281970055,71.5236105989706,81.26342017218394,43.73447948589535,83.93503086223029,60.60359954468936,90.1073309374134,93.70817680018945,64.78278589337833,88.48499779615781,47.11585655441377
248636,1,14,23,9,19,2,3,107,USA,46.45645316824249,31.560378358973026,77.51836932816263,29.13517763775053,40.597419457146316,11.701684562204036,87.73004283799435,1.7807895003724639,1.0,34.077385217651084,1.0,8.138245840943256,13.188630176919133,18.275839093136597,61.76273333671202,71.98677542110562,42.82463416453311,54.802631573815574,22.266214105837975,89.12969944645124,57.493261250278636,23.240862203054206,21.255166203304185,4.186852624635776,31.530690686149,15.938564502569761,78.02095385526434,48.90503595078849,75.31743243542212,68.54137944829739,63.565929724145064,87.40027778817034,33.91083352006473,66.9308230275501,85.42287931818055
56390,2,26,11,5,17,27,5,101,USA,5.059966819259941,13.22223083227749,29.92105452901481,53.441633783084455,1.9528124319700737,7.601480727013083,14.282856410831698,71.22820787229068,44.29159025946308,73.79784262959129,59.82779962352896,53.441633783084455,76.20132219233813,72.19114017691345,50.89809893137357,66.8333246469353,76.00485587797846,14.245908175891344,49.99999999999858,29.566759293785054,66.23505277541807,63.49223593242601,61.91892508169872,58.701033451356636,70.54709916894535,77.35318352774686,29.328766576388233,53.95060925674363,65.7130411782324,84.60948438918092,66.6913920797009,33.25967091737266,80.63446295056406,39.82652432314637,71.63636970116852
34345,2,29,51,8,12,29,3,101,UK,91.01072941348525,28.966673346581445,82.88265030505261,75.29940096995824,99.67285308425994,70.76878765562856,95.24464839547647,26.185901261901705,74.99408138629997,33.13730422869742,7.821504501229896,53.441633783084455,47.4283312062351,1.0,99.67170015934494,95.74707900680392,97.27619531197854,87.77079270679633,83.34590082095656,99.34847401490754,84.06143549742728,66.19045769472592,83.25237944960452,8.962940915860088,89.68114552481791,67.94879774837898,8.753511897216725,94.9177941025722,24.53437026454057,8.165431414597577,20.33982698209911,29.71880108100757,22.510403978694114,88.48499779615781,25.80553116473422
242542,2,17,45,12,14,28,10,106,USA,24.914390125764243,5.379454201511749,23.23512349102603,13.476621430397245,92.01962974840148,7.436016474257286,69.30757411611546,28.287012276805257,28.557470106690573,47.4283312062351,38.816119411727584,29.2312123443686,45.5566739162652,15.368546958100552,88.09848402529406,90.7025534667996,76.88702824078518,54.388598308683754,65.64711765724587,85.48287799381364,95.64331458828849,54.15383610184341,50.48092431787023,5.0609644424642255,73.74048971379887,17.480198646710647,90.31994505042348,82.4708482798892,34.11849544706982,26.941078206479716,46.873144753778206,50.37071458413487,14.02178810181016,89.55586279109923,17.11734969494421
202943,2,58,43,27,7,29,5,104,USA,33.927915451124136,33.453751050166034,91.4048634828622,53.441633783084455,61.07139808454821,45.936737500516585,1.0,72.31400909685436,50.63550054933802,57.92493916101165,53.29311963406161,84.6203993462982,64.3925588198357,80.57148528841765,28.022137659961686,78.64360704103217,39.60153246430622,30.29568662558205,38.04138284016847,3.9178591134474203,21.69202253471761,97.95293640525972,89.9625610576469,76.22732636636681,80.98379288575211,94.99002850697514,99.30862523670703,48.305582994432655,53.38248502285859,33.40694941671984,58.854938377407905,29.71880108100757,76.67913134796015,63.96838866723374,62.685739247457434
118538,1,17,53,5,1,25,5,102,Australia,9.470909895555792,22.202985535358806,15.955181956297508,20.028241776119472,24.93622284681038,1.0,52.223645153743746,14.286381775716194,3.292161081817838,47.689773852054714,20.98463817665521,15.113676818130472,27.610421178598017,26.632797507014317,59.72555102846911,54.88643771118808,91.81407667247765,35.752386609459336,33.74743130294135,50.43936396603607,57.493261250278636,44.79726571695039,38.38945363702777,67.20549961186697,36.66643893113121,48.968503766757806,64.35189813608548,22.914481651507117,59.32721790184644,55.07623775225022,55.137203674949376,45.36397585546422,67.00192895808408,45.002837651201844,76.40694272791006
12463,2,35,58,43,12,28,1,101,USA,73.91318539954938,95.15007002202924,72.36136535016311,88.64046967681088,20.508511603777947,83.66082146415988,25.80553116473422,35.0423946983492,63.20312309096943,66.06762283826549,59.82779962352896,36.380627243456786,1.0,38.87170207648552,49.77546507255187,20.62737789529018,23.9951441220185,58.61780956927589,49.99999999999858,77.70620629091718,75.662292729603,29.07638395577041,66.54624894983101,40.06999034374928,46.98563916064137,18.344838315632046,1.0,75.42677453203078,96.10318790789006,87.84587842470967,80.97280035630354,93.09521266559159,97.4423182950676,99.6282007572529,58.035300002071665
237141,1,25,21,32,22,11,8,106,USA,49.4648378682312,38.76343628455788,53.66061046757994,27.39466858187575,30.02594327788131,61.07139808454821,79.73389095000289,24.248841379643494,58.08466025929653,16.41836990916883,27.999307699752535,28.357182624091593,6.384274908266107,67.22611925578326,26.542765947193516,53.95060925674363,57.44425564700225,28.79653607930709,1.0,28.20459265453337,42.903871202689004,64.41370462429472,20.866239721879907,65.3435195458141,63.20312309096943,61.76273333671213,85.20819150822626,64.46531457556091,54.775405076022366,64.91753336498903,34.90827568636843,40.608585512881746,46.256957089828006,59.21514729374104,82.88265030505272
126875,2,23,29,52,15,30,7,102,Canada,45.622837950787414,47.596179817294626,54.36555360329919,30.92981159264579,39.96934393210995,22.051478045657404,83.6093633598631,77.5531130315029,56.97016483628056,73.79784262959129,92.17849549876689,70.13473438320716,26.81939930077658,95.89792084771852,3.9213549915431116,10.870300553545434,11.138515019251571,10.954729552571052,38.04138284016847,2.2925442179959816,21.69202253471761,70.14729967836013,52.403820182702646,90.28154724750141,40.99644796096635,47.38424542522603,91.24648810278018,48.305582994432655,76.30498513107261,73.33319121504621,92.12810100291642,63.11148672055191,99.2306299458919,14.207986596123675,48.576617450646324
198316,1,17,3,10,10,13,3,104,Canada,22.569216556330986,26.762908542514083,15.955181956297508,1.0,20.21548134609074,90.83746284151164,43.344921433791455,91.03705908413644,87.94480997625533,70.25853193165136,61.37045033015977,64.67544802501914,99.6741565227228,78.50597053818706,45.219774827968024,28.82365187556678,62.670216542141645,1.0,86.63338107695051,86.1451939678384,32.780366410893976,58.72962163658565,52.34060397447763,62.10760514616891,41.943384449373866,82.48283497451916,73.67177934677,18.402231663414995,40.25362878569723,20.05599443630564,33.9659964500367,41.526618308606714,90.26076465827953,56.10310053102842,13.76553058318379
138571,2,24,11,30,15,14,10,102,USA,77.379761130534,86.77776916771938,60.5424373119057,8.513015135789828,55.830976460441036,87.33959614283856,92.91508350555785,92.11895374367123,93.2872842997682,84.15710265842984,72.33000753722172,80.15066620083473,83.21243289066717,80.57148528841765,13.389145465184072,1.0,1.0,21.773925274910596,78.51297613318877,42.72307250299582,45.87796928698316,1.0,1.0,58.701033451356636,1.0,42.17855658104003,29.328766576388233,9.301460576598942,64.78766991412851,64.85190053121335,84.11426570792503,55.668082219914254,72.49671585319584,21.84035593194926,67.23225874558347
69515,2,19,56,48,2,3,7,101,USA,89.87505349459343,72.45946413723033,86.57070419627405,96.3006166334876,42.68003802225007,82.49414361582035,82.11338376053402,20.318415535443876,85.63451242578503,16.135186567182956,33.104268824151234,12.660403857158286,45.5566739162652,2.6242539865913415,69.92562595202457,71.1524166859918,51.16041356852554,85.83094718467828,34.352882342751116,45.66479924381599,90.31994505042348,22.581053125291874,36.21588033259451,59.28595610939959,41.82043671123682,3.5064568632656545,7.322719933806454,58.46198478449537,60.37110404346686,53.15156358542765,80.0890261841572,35.72345774980255,25.158187457547797,99.0,47.19168211406509
9826,2,22,50,19,15,22,1,101,USA,45.622837950787414,47.596179817294626,19.084126661954485,41.99495664515888,50.53116852032986,61.101068989654436,58.035300002071665,57.49825599633937,44.29159025946308,69.99751071601315,21.90870165318364,47.70466906821406,68.46322926279544,63.026088336460134,62.017903918538536,66.8333246469353,39.60153246430622,67.90892130832316,78.51297613318877,56.37210185571547,45.87796928698316,20.484322923237272,33.453751050166034,58.701033451356636,40.99644796096635,18.344838315632046,29.328766576388233,9.301460576598942,34.28695882176464,21.14522395556716,74.12755151230016,33.25967091737266,18.605107809955825,49.51248786451873,34.571415401094725
23115,1,21,41,3,1,30,2,101,USA,33.683837853000824,44.08104661749974,53.66061046757994,27.39466858187575,51.07837601973398,29.81782479991668,33.58339906695974,57.71388256228914,70.07894547098209,27.89944823044962,39.636916846050894,54.24481320760782,52.964175030515435,87.50184206961114,36.97243108924903,58.313084197575165,35.683822142085546,33.216619884933806,18.98397532185942,32.54383356563801,63.080058676461306,43.7573217524037,74.31609562768182,32.54383356563801,30.46290046715066,51.547120780486466,52.57787559748709,28.6562827261815,29.586298991901856,47.33197466719491,42.373390311879234,20.597804832851892,64.78278589337833,17.875995259367897,16.380896680795246
239589,1,18,8,44,11,25,9,106,USA,79.9641547229736,81.23921667726131,85.5457731059488,79.11094946766809,67.97952772928915,75.87698953756819,34.65648045418277,61.881899937468916,66.85561577610315,70.25853193165136,72.74322579062357,59.50871942031665,74.77065778176427,11.119567381016623,91.52596900087156,86.49926786234823,86.71349351135382,73.21175121452501,58.854938377407905,89.12969944645124,93.87840651776185,83.75714200010668,78.74483379669266,72.12523512955323,86.47075137508511,69.14764735755358,69.10030500257426,65.11427827745615,14.873113458385859,20.05599443630564,29.941898306264306,14.230858476096529,13.5601040623105,34.12556235771552,32.81043085041472
99870,2,18,10,49,13,11,2,102,USA,60.94154448048522,72.45946413723033,76.76487650897081,74.22680595634887,65.03935511670318,69.5661629611684,3.2140818418625656,94.2497690484131,85.63451242578503,79.81194919210759,94.53506955940702,82.09122407614211,75.54997385039349,92.4495495106745,62.1917691409206,38.373334834597244,32.17954261031346,67.24885676861538,77.19398147516756,74.9804753003109,74.88244503141595,49.266232098310525,6.227228561319436,89.10644890369588,68.74074637331933,47.65939602551936,86.98840586106246,10.714195593724298,62.22473664642342,70.60326489133035,76.81782783447204,22.221421111983574,81.80022031836984,97.60574978768477,20.866239721879907
96817,2,16,53,57,14,20,1,102,USA,55.698980225090224,37.234191385917086,46.87999385447824,36.99571155383836,97.18606340924941,35.16659218219144,59.82779962352896,68.5344066868521,85.63451242578503,55.989958694574455,50.593135699815036,89.36356227047679,79.32731034292351,18.93461870143412,97.73056445438829,96.83683486410723,96.73850563689928,93.92483677307791,87.07656476530121,85.48287799381364,70.30114211772138,64.95563832067211,60.03770236290336,53.49797160417478,86.90681568138461,61.61054636296922,40.39427439640821,58.46198478449537,4.968678807918806,7.01428938131528,35.33576144754812,2.1130323143696472,1.0,76.99047717112194,7.705354041128103
150503,1,19,29,53,1,23,1,103,Australia,37.70301083369441,26.762908542514083,58.60425385782702,8.859497450823937,3.1465489421878914,52.004524179074735,95.28414707501008,76.58243704859956,23.898017006741725,82.1637096865611,96.93149583727586,8.138245840943256,62.34008261658903,99.32224846818553,1.0,24.838748627111585,11.64927475277716,1.0,71.00186778562642,1.0,2.1115026328752577,98.98771831517456,13.982651618391913,97.03997816874039,78.09129834681312,99.00033133702414,99.0,96.71870695339089,18.961212426865558,41.258983812307235,1.8835487900494883,56.942775957652316,67.00192895808408,1.0,49.43510774796488
141992,2,16,39,33,13,6,11,102,USA,93.65443702975074,72.45946413723033,81.90890646608625,87.28581834787838,65.03935511670318,86.22881786419691,94.72147410597472,27.24801532452628,34.29014070741786,23.061104035291663,44.67079951304356,29.2312123443686,36.79687690902773,35.40405306078168,87.4093698930343,95.13226897091977,76.88702824078518,91.55277914081012,53.17565354610883,88.49285544556074,45.430036846224084,74.0165664377023,45.676489579080624,53.49797160417478,96.08214088654938,42.99668277844631,65.52574711047504,89.95808132590957,51.8976637847569,62.055254706882295,66.15957653940058,78.40254957459194,1.0,50.55606614092534,70.07894547098226
148555,2,26,17,21,16,9,1,103,USA,44.30101977490665,57.1914253817464,29.92105452901481,41.99495664515888,3.7542264838543957,45.936737500516585,92.91508350555785,1.0,2.0362323566985197,1.0,4.535059067241605,1.0,5.441180697799297,58.25364669194022,2.317319441603928,8.194386905717607,14.002342391831263,1.0,1.0,21.525833663213064,40.7639845402021,49.578001819627275,24.65991214027227,34.02330933641292,35.1258481984101,77.35318352774686,60.55156695181773,65.03935511670318,67.54732991341501,64.85190053121335,11.325256012873183,63.11148672055191,90.75306645260173,85.08412333851334,75.85958331893107
108743,1,25,23,59,8,25,3,102,Bosnia Herz,12.44059653585208,19.243841141222532,23.542947406190677,42.58820505516337,25.158187457547825,1.0,46.48765477801305,46.19023280498891,22.171947493611015,86.90681568138461,45.709546168848874,43.64141819818519,61.349416119693956,13.171612727054935,51.33862310361616,36.531263140029694,70.12165053195866,28.79653607930709,34.79835408249858,77.5637764425644,53.04877238159048,51.56411713841146,42.532852754387704,22.535590448916935,68.50084497134463,76.10995412150169,57.708912917791565,38.57759101883818,64.69916798876704,64.91753336498903,49.99999999999858,51.45242388555505,64.78278589337833,68.60058485381398,74.91866798595385
234384,1,30,49,6,15,11,5,106,USA,81.83860691644213,75.31460959442984,89.86526647580195,58.46198478449537,61.76273333671202,80.35947022086873,59.61189674467573,16.673556631482512,80.9158733380425,40.92026450019563,22.60077033503822,11.404612333522465,8.712627306090496,7.123265750995557,24.571679465851588,8.194386905717607,27.471562450578233,33.216619884933806,40.56094673416658,20.095747650381668,72.61901380720087,37.34968608702212,37.933206440742254,4.235580745426944,46.66577108930471,31.333377765149464,62.7658086140799,74.16973230320127,73.25404655504099,60.60359954468936,34.90827568636843,72.48797438327796,91.22179970998468,91.51438874914072,56.71470844881128
306854,2,29,2,58,17,28,2,110,USA,53.58268096401116,16.747620550392412,35.81736676013651,75.29940096995824,75.896469460812,56.08731942361942,58.035300002071665,67.90588771553524,69.241915284083,57.92493916101165,33.7921982229756,80.15066620083473,60.225336049293276,72.19114017691345,76.54659696571525,82.19946571129663,88.86148498074533,63.31946390461832,43.98116094104404,77.70620629091718,40.7639845402021,52.39052757327329,79.42646223603026,34.02330933641292,59.00355203903064,32.05120225161804,55.302777255909916,42.68003802225007,62.9221026813139,73.33319121504621,89.71574307109427,29.71880108100757,30.986852474538694,81.35350509583145,53.319429804707454
259213,2,17,30,36,13,12,11,107,USA,34.68823253350803,1.0,53.12000614551897,58.71997976386746,65.03935511670318,49.99999999999858,49.99999999999858,79.68158446455334,89.78597966804489,55.989958694574455,83.3382186311095,48.983237584427684,86.18427994672345,67.23807905407995,76.2997378420655,88.0302838412423,86.04643655114467,49.99999999999858,46.82434645388838,58.64095210559856,74.88244503141595,99.0802937880843,81.75583192499732,89.10644890369588,90.48753652855896,99.62529287145958,79.22231631654597,95.58814230780956,31.42980383058577,31.065236237279777,2.3732083900071217,28.75587535527049,51.84839431971352,85.78653499209838,56.53893235643574
286027,1,21,36,24,18,13,4,109,USA,1.0,1.0,1.0,22.733263538806,25.158187457547825,1.9528124319700737,29.473450015379456,46.19023280498891,51.87270511600434,63.53406225256617,63.944078383121166,54.24481320760782,44.50222636145577,13.171612727054935,81.39607558593809,78.64360704103217,93.25032688720819,56.62565795263481,23.934694948060837,84.99941429810258,81.28692149370818,50.26072343207289,33.429732576898715,70.5644345908944,63.20312309096943,56.687055095672974,27.54053586276666,54.18252200787731,58.42405105648862,69.12364029909389,72.23384881392207,23.662653344441537,32.54383356563801,81.35350509583145,66.08916647993237
271747,2,41,32,0,13,24,9,108,USA,80.6815904479455,79.42646223603026,72.36136535016311,1.0,88.24351183291469,79.64120213339004,95.24464839547647,1.0,7.391972611249315,1.0,7.821504501229896,20.791244461849743,19.490233876291597,7.387219948164201,41.948427437952034,24.3543369865842,43.73447948589535,10.954729552571052,26.715253344971444,91.03705908413667,66.23505277541807,66.19045769472592,89.9625610576469,64.78278589337833,24.056666816970278,67.94879774837898,70.67123342360873,31.747142483319834,45.65304559099462,14.059962345009183,31.027056149688406,63.11148672055191,68.12570526155298,73.06999613385693,39.164121453558494
181252,2,14,28,47,18,29,9,103,USA,8.989270586511623,27.54053586276666,18.091093533910794,1.0,37.13891197395856,7.436016474257286,54.935651382447816,16.676405949961918,6.052488078137884,34.78467417757349,33.104268824151234,38.89893101034255,20.67268965707339,18.93461870143412,56.18830886320245,55.01669969009657,73.5016449847086,41.253357029240476,65.64711765724587,54.33520075618111,35.44845706311651,13.93553274424201,1.0,20.37248554819024,26.259510286198037,13.982651618391913,50.50840487755136,58.46198478449537,91.03705908413644,82.18204355948444,95.25160469618959,84.29098216856346,81.80022031836984,85.78653499209838,78.35350300402342
277767,1,20,37,38,16,22,0,109,USA,83.94539128325437,46.8616625569893,92.11511920534588,64.96770596500653,95.99510934242835,71.41099419704676,61.038941293581615,98.69512868476534,95.14235401489066,85.64602139611941,96.93149583727586,96.0323757739917,91.38663287631312,74.24701051971755,86.12872371318815,97.90863147424102,83.79928255838342,88.41524423700196,71.00186778562642,50.43936396603607,62.41315656145173,97.73830501811165,86.01734838160507,81.21427908087765,97.69472431981262,89.77479615703214,49.49875553694591,99.66008896765322,9.82455438687765,9.994604431249257,42.309529269011875,9.116809721847062,3.0977328081992397,39.50535605806317,22.625616852424997
190910,1,21,40,15,22,2,1,104,USA,54.809833445474396,70.4714220996438,38.067298615952495,53.185121557385685,61.76273333671202,84.49314686490402,18.145762469524954,41.601001572646055,64.18263323986054,1.7707981883185226,75.28209110360444,74.50142217039121,44.50222636145577,33.69777385863253,60.19896459797957,62.61750720984338,61.76273333671202,4.968678807918806,34.79835408249858,88.28075826138559,88.7050654558816,81.76278994088227,74.31609562768182,88.47492695334438,73.58796746462082,71.5236105989706,67.6991349370075,54.18252200787731,30.436239947678615,30.050868353950648,46.17660171452587,44.20134574873799,46.256957089828006,10.878069661841323,28.527221823082982
196337,1,15,9,57,17,23,2,104,USA,6.610222893115491,41.661395976928816,6.255016295992704,24.450026149603673,1.0,11.701684562204036,34.65648045418277,66.5885881784481,60.728061954840825,56.91289499716851,49.39681158829484,79.05269259105376,53.556183128907946,69.76618448027108,18.41999596070417,24.838748627111585,6.866545220718976,35.752386609459336,65.039355116703,2.6036098715410674,52.505314968993446,47.33197466719491,38.38945363702777,46.284843661040384,31.530690686149,92.79304433161644,21.13987954689776,54.3751261218614,99.28373398663427,95.42391757198754,95.71355429093592,68.1837682854158,99.28561825991756,66.9308230275501,99.0
171226,2,20,48,1,15,7,7,103,Canada,26.086814600447838,88.78225472418683,18.091093533910794,31.77158528160487,1.7823386851823528,44.99504097618501,21.90870165318364,2.1376405339637756,1.0,43.158876559428165,13.188630176919133,4.1425430837941235,13.81572005327331,6.5624904528720975,7.103083388999181,1.0,5.939946185458581,17.457719845957683,28.417645382477644,58.64095210559856,4.800686793161333,24.69025058078529,15.299157425058581,41.86477327317664,3.9178591134474203,38.38945363702777,83.27341643809916,18.363391319755294,81.7710269974798,70.60326489133035,66.15957653940058,98.0979983975011,65.48158958671098,66.9308230275501,78.35350300402342
211808,2,52,17,28,13,20,0,105,USA,61.46053037047943,52.403820182702646,41.91533974070052,36.380627243456786,84.49314686490402,40.894584213473934,79.86341080358977,97.45937171751825,98.3101684487608,53.76502334688104,92.17849549876689,92.14274646283457,97.61205212583025,90.94023274545907,47.531012923146136,58.313084197575165,23.9951441220185,72.34611144766149,94.68223656109421,14.388220962407416,35.73896974224084,85.41314717203397,97.0726464310278,81.41475722390544,59.00355203903064,57.8214434189569,55.302777255909916,80.19514273855225,1.0,8.165431414597577,4.626673318304569,11.41577431146905,18.605107809955825,1.0,1.0
89429,2,13,5,27,21,8,0,102,USA,45.09372939329262,62.7658086140799,53.12000614551897,42.36174007540245,17.11734969494421,30.433837038828756,73.80819408488429,59.702457340784974,46.32138626874536,68.46322926279544,62.34008261658903,59.105415786523,67.45616643435892,35.40405306078168,36.035639670424416,13.115617267684058,25.12726961947294,45.61140169131329,59.48073062366848,58.64095210559856,50.50840487755136,15.723304249219495,31.639846490353705,15.78631677448837,13.093184318612003,13.982651618391913,50.50840487755136,27.39466858187575,68.57019616941119,62.055254706882295,62.39709853642091,71.91948341704608,81.80022031836984,66.9308230275501,51.87270511600451
53878,2,23,57,29,16,18,5,101,USA,14.62767898904525,20.573537763966584,54.36555360329919,53.441633783084455,1.9528124319700737,31.1132506634697,14.282856410831698,47.970263513904285,26.128983665461305,53.76502334688104,66.20780177702142,20.791244461849743,38.93485830207197,80.57148528841765,11.849344273167873,13.85480603215845,23.9951441220185,5.518383821948504,16.654099179040458,47.263624580874534,26.153560990154347,48.171688809474915,13.22223083227749,86.12872371318815,19.016207114244878,52.615754574771245,84.09613743118166,42.68003802225007,76.30498513107261,69.1661111306675,84.11426570792503,63.11148672055191,97.4423182950676,14.207986596123675,83.6093633598631
88765,2,29,20,8,21,29,11,101,Canada,12.746532566770725,89.9625610576469,1.0,5.474027310624237,45.2259618242183,14.087982640138051,5.635294664448608,90.72714674186295,56.97016483628056,92.39851927298366,83.38855564847916,84.6203993462982,89.26937941052824,67.68583273799294,7.100159221690674,2.323733413068638,1.0,1.0,56.018839058953176,47.263624580874534,80.01509013648229,99.67289400803554,83.25237944960452,90.28154724750141,80.98379288575211,99.4785434297687,98.19288490993267,84.5933664326293,38.96105870641554,33.40694941671984,23.74815518018326,9.038096759454817,99.66302100536552,10.878069661841323,75.85958331893107
126678,2,20,8,40,23,28,7,102,New Zealand,21.500199199095363,18.736579827812932,18.091093533910794,42.36174007540245,6.169520740884394,30.433837038828756,69.30757411611546,42.56275980854082,23.124395931777997,34.78467417757349,73.45557273577765,33.98932842133539,36.79687690902773,67.23807905407995,3.770479816077753,7.834533999019911,28.593976969392457,2.461532887041855,8.837398860853057,14.517122006183115,10.313414471076555,85.88946972652013,60.03770236290336,80.57794121246536,47.263624580874534,92.03222323833745,90.31994505042348,78.16576113284259,75.44649926802254,82.18204355948444,39.12840574502866,84.29098216856346,93.90773088061007,56.10310053102842,65.67904193769476
188860,1,17,16,43,5,30,11,103,USA,15.485767750382252,52.09291350348076,38.402503035148015,39.08901951515952,15.84780352374321,1.0,47.7763548462533,18.94479160131681,1.0,47.689773852054714,31.693301589254332,28.357182624091593,16.43571209969147,45.5566739162652,16.006630513773075,32.96395269530268,46.80296378872333,3.8285362743762335,1.0,4.252920993192731,76.31086354020897,58.72962163658565,42.99668277844631,85.27561239450836,52.69495166842427,59.236015459794885,73.67177934677,18.402231663414995,84.81363055200734,50.4621874971607,99.34035983307604,89.93644983354056,62.38682654143372,19.311718575472838,97.55841535311481
116423,2,15,24,38,12,7,5,102,Canada,64.80290424399561,42.291087082205365,71.22629291164247,26.74848719592285,92.01962974840148,82.49414361582035,40.17220037646791,15.80746329860952,6.052488078137884,19.490233876291597,38.816119411727584,20.35879786660678,79.32731034292351,1.0,60.204905942650214,71.1524166859918,88.69781772945885,2.461532887041855,12.923435234695575,97.2933305083734,50.50840487755136,71.81880881872138,19.00967208037636,75.67701117574552,63.53406225256617,57.003317221551015,95.64331458828849,78.16576113284259,51.8976637847569,35.331007974480485,24.53529762125993,89.43795809684354,38.087158236754135,76.99047717112194,51.87270511600451
17770,1,21,52,16,9,17,2,101,India,98.51773841558452,60.18072278051625,97.44911960504214,86.41961753091277,85.3108077081198,71.15813214473707,99.52784010077323,35.959909624845466,75.68591836594749,1.7707981883185226,39.636916846050894,59.50871942031665,52.964175030515435,33.69777385863253,68.76478672424895,78.64360704103217,74.100982744271,47.15427409876639,52.371791064982006,41.60700518705539,81.28692149370818,96.64102548637709,74.31609562768182,54.44332608373185,90.59164364262006,84.44731220264532,85.20819150822626,99.0,35.65433162575607,64.91753336498903,31.28674622915665,23.662653344441537,46.256957089828006,26.059328894242867,47.11585655441377
317012,2,14,26,22,10,28,8,110,USA,28.47814346475522,14.79180849177061,18.091093533910794,36.99571155383836,88.55650798049987,35.16659218219144,21.90870165318364,92.46187246340298,75.81695156631247,99.41188476020932,73.45557273577765,54.063262499480516,96.21941950767757,62.81128849233477,90.69171383761022,90.7025534667996,98.00320675353225,82.5422801540393,82.38953820086851,58.64095210559856,65.52574711047504,70.70141408219183,73.64158585816887,53.49797160417478,68.74074637331933,74.72943511559401,50.50840487755136,63.652467915599175,13.27157339255723,19.249336944454853,15.053531811709632,13.553030566519794,5.638266289256336,72.08762914155761,29.059420566627125
186107,2,24,20,33,13,2,11,103,USA,39.05845551951177,33.453751050166034,60.5424373119057,64.72479717011902,45.2259618242183,31.1132506634697,30.105722373059507,23.05741018832211,26.128983665461305,41.24825991472602,16.61144435151772,30.92981159264579,43.158876559428165,17.11734969494421,41.948427437952034,45.17371817583938,35.53468542443608,39.49062956608225,49.99999999999858,33.840423460596384,66.23505277541807,17.11734969494421,24.65991214027227,17.601766613999473,29.452900831051807,42.17855658104003,49.99999999999858,6.169520740884394,67.54732991341501,51.36864963094524,66.6913920797009,70.28119891898956,72.49671585319584,59.21514729374104,62.685739247457434
272773,2,22,29,32,19,26,9,108,Japan,56.226739093585024,83.25237944960452,66.57026742309836,36.380627243456786,80.35947022086873,1.0,67.23225874558347,19.092537080780062,20.67268965707339,33.13730422869742,21.90870165318364,53.441633783084455,47.4283312062351,1.0,93.25686235996943,91.29658428621372,98.9702356665,49.03819143458776,38.04138284016847,98.67430310792042,66.23505277541807,31.68436572490242,57.1914253817464,22.701518884824225,46.98563916064137,32.05120225161804,49.99999999999858,17.11734969494421,60.09157733583032,51.36864963094524,74.12755151230016,51.892618981663475,44.78883368500453,63.96838866723374,62.685739247457434
83408,2,23,49,59,17,25,10,101,USA,62.75273974392064,79.42646223603026,29.92105452901481,41.99495664515888,66.19844583264802,87.33959614283856,34.571415401094725,44.397603800530305,31.945871788203334,15.219684361003004,33.7921982229756,70.13473438320716,60.225336049293276,67.68583273799294,20.24566107649926,5.857618735287204,14.002342391831263,34.82904556346739,16.654099179040458,38.2372666632848,75.662292729603,30.373205774212465,79.42646223603026,46.256957089828006,6.8200834549964355,52.615754574771245,15.903862568815157,21.671423710050647,49.51646203619191,60.42477581553817,20.33982698209911,26.28545322050678,84.3242218657266,88.48499779615781,30.105722373059507
101441,2,51,18,56,9,20,2,102,USA,28.963387129747275,28.966673346581445,41.91533974070052,53.441633783084455,1.0,45.936737500516585,71.63636970116852,43.21166675331921,20.67268965707339,45.40024373105052,33.7921982229756,12.124301089074606,72.40894963476512,72.19114017691345,10.387429847853781,3.890549688866855,4.318512411588301,39.49062956608225,56.018839058953176,17.82700499716219,26.153560990154347,21.652703151403728,28.966673346581445,46.256957089828006,6.8200834549964355,22.64681647225015,60.55156695181773,26.569667184096602,64.78766991412851,81.08909424315777,46.766679265890104,59.414221282929645,93.41517453375116,21.84035593194926,62.685739247457434
40076,2,30,57,3,19,13,4,101,USA,78.49980080090143,79.42646223603026,77.8280525063858,92.14274646283457,88.24351183291469,87.33959614283856,1.9807224414555975,51.552310960650914,69.241915284083,45.40024373105052,72.33000753722172,59.13772006023231,55.989958694574455,17.11734969494421,93.83316744554895,91.29658428621372,97.27619531197854,87.77079270679633,56.018839058953176,73.74048971379887,80.01509013648229,86.42110074567972,98.49434368092739,46.256957089828006,96.00666942150986,92.3405498933381,12.112736993001931,75.42677453203078,27.104893098458973,64.85190053121335,23.74815518018326,29.71880108100757,6.101515552794581,54.38260045296113,30.105722373059507
69273,2,36,4,41,20,1,7,101,USA,65.31176746648902,92.76668478665965,91.4048634828622,59.13772006023231,9.068460239733724,79.64120213339004,25.80553116473422,84.24446133640788,74.99408138629997,49.58131153933135,95.46494093275498,64.72479717011902,68.46322926279544,95.89792084771852,59.821672241187855,74.87692820914225,47.90708649651623,53.844028635023164,21.487023866808073,56.37210185571547,80.01509013648229,81.11362089772024,75.34008785972469,86.12872371318815,85.58941731904213,32.05120225161804,49.99999999999858,92.01962974840148,70.25274126837127,87.84587842470967,20.33982698209911,70.28119891898956,76.67913134796015,88.48499779615781,53.319429804707454
158131,1,21,3,47,21,15,3,103,USA,10.670683335549143,38.76343628455788,63.961477249015104,14.33903948472684,25.158187457547825,1.9528124319700737,11.734640245817701,42.743613439347484,39.4575626880914,83.58163009082807,39.636916846050894,33.2971634767795,28.224864339480575,38.39571010362192,51.33862310361616,62.61750720984338,31.512001956115284,24.55350073197451,34.79835408249858,81.41475722390544,67.93474740485391,27.5456539692766,10.49991745079825,10.093777116369637,68.50084497134463,41.27219492504753,76.99736846540372,15.530101051614082,43.76133550397299,42.903871202689004,24.36667743994991,40.608585512881746,64.78278589337833,35.09415280946621,70.59207196494458
30886,2,19,18,50,21,18,3,101,USA,89.87505349459343,85.20819150822626,81.90890646608625,78.930623981037,80.19514273855225,49.99999999999858,92.17849549876689,40.29754265921218,89.78597966804489,10.186151472267312,68.01434649002357,33.98932842133539,32.54383356563801,44.463922165544204,31.208133303036135,55.01669969009657,47.29334144891749,6.075163226919031,1.0,32.953691042920525,86.98840586106246,94.68807019711858,88.73208054235283,80.57794121246536,86.90681568138461,99.57185713785975,45.430036846224084,82.4708482798892,35.93764208945419,44.15565888771181,2.3732083900071217,4.881473988353065,91.40012988256251,89.55586279109923,56.53893235643574
158497,2,14,48,46,1,19,3,103,Argentina,10.629160100020528,32.30086506298957,59.316179143202476,2.182168546162984,6.169520740884394,1.0,78.09129834681312,1.0,1.0,1.0,3.4351090716735797,1.0,10.799514522117988,4.376414170462738,33.12031365087046,59.164320907627484,18.633839119656102,36.95641966039261,34.352882342751116,67.04630895707658,10.313414471076555,34.81006046918327,19.00967208037636,20.37248554819024,41.82043671123682,57.003317221551015,65.52574711047504,32.29361888896099,52.84572590123048,39.70545999798901,58.5656690031538,61.40112178490722,33.637604863282434,81.57742612003744,51.87270511600451
309426,1,18,27,32,1,2,4,110,Thailand,32.842722465108125,17.932249948225092,43.40796818255575,34.03205562984181,40.597419457146316,19.09118658735892,73.58796746462082,42.44366013042173,35.57062646454057,56.91289499716851,37.45479722966138,23.643949523418712,70.76878765562839,35.84241749170508,57.67310615142742,59.293134367405116,77.35818626598257,22.58667220257354,39.89486403050768,82.88265030505272,37.5868434385456,51.143838855669856,70.51059471376072,17.11734969494421,26.592618623731795,48.968503766757806,89.28100523245439,43.44677096715941,68.55691022365716,41.258983812307235,50.857525840515905,56.942775957652316,67.00192895808408,81.57742612003744,89.29121192075786
88881,1,22,26,19,18,30,11,101,Finland,58.78898860539044,75.31460959442984,28.17955672026264,47.87586579427381,45.69101423380141,71.15813214473707,63.892946217285214,34.84997484138398,33.4297325768986,59.079735499801416,69.75039977186134,11.404612333522465,11.35054957986543,62.553226842568904,3.7972331688583836,10.870300553545434,44.299389968876426,3.042668936525601,4.1425430837941235,20.095747650381668,3.7302118512646842,66.90190178927912,65.67904193769476,84.56716102782389,35.72345774980255,61.76273333671213,57.708912917791565,59.37039484136545,61.13445390198012,51.77910640573515,34.90827568636843,89.5486601335848,84.99941429810258,21.84035593194926,56.71470844881128
91486,1,32,27,14,21,20,0,102,USA,41.47495175415992,15.084048449017757,43.21514997613417,58.46198478449537,61.76273333671202,55.830976460441036,37.80945197566672,68.86519140511643,64.18263323986054,72.10055176954745,80.45593114895769,48.9377169468961,52.964175030515435,67.22611925578326,20.776366025029716,17.11734969494421,35.683822142085546,33.216619884933806,34.79835408249858,41.60700518705539,11.969716158754522,64.41370462429472,51.87270511600451,88.47492695334438,57.75674281970055,80.43433057250775,47.42212440251018,28.6562827261815,58.42405105648862,42.903871202689004,46.17660171452587,75.7080910490638,64.78278589337833,59.21514729374104,47.11585655441377
317371,1,29,22,25,20,2,9,110,Canada,12.44059653585208,1.0,15.142455099184048,7.542847206751148,85.3108077081198,50.53116852032986,42.12105509488873,98.63236346832434,93.46684484996422,59.079735499801416,95.9083538786092,96.0323757739917,99.48847233567824,90.64706074455307,90.81481860738495,91.29658428621372,93.25032688720819,92.134155927042,99.05677446863729,41.60700518705539,47.9668538851372,86.63338107695051,96.31194226343769,97.0516221226593,78.40254957459194,91.34138000293683,27.54053586276666,38.57759101883818,1.0,11.969716158754522,7.643847637544525,7.84411282770229,1.0,1.0,16.380896680795246
66527,1,26,47,23,10,24,6,101,Ireland,50.802725943117196,44.08104661749974,28.17955672026264,97.57176437470537,61.76273333671202,29.81782479991668,33.58339906695974,17.565421900258627,27.638634649833904,27.89944823044962,51.840430352222086,54.24481320760782,11.35054957986543,2.811291111333418,63.45941745888547,95.74707900680392,74.100982744271,13.27157339255723,69.674603705643,28.20459265453337,67.93474740485391,83.77933948550105,47.19168211406509,75.54997385039337,90.59164364262006,56.687055095672974,99.0,38.57759101883818,94.75367348032421,92.88327765956069,87.61626691846152,98.04110390691176,73.48346135784982,68.60058485381398,92.50454448548237
318874,2,16,50,50,12,22,9,110,Canada,55.698980225090224,72.45946413723033,34.61916573918188,31.77158528160487,75.42677453203078,64.83340781780561,40.17220037646791,2.1376405339637756,18.07413941207355,30.736721929339495,3.4351090716735797,6.514746596124311,3.780580492318947,6.5624904528720975,57.19687017772776,59.164320907627484,62.64068640317316,11.155368604190585,71.58235461751946,78.69723851442359,55.58203895537741,27.959146065188264,4.023358416570673,36.162632748775025,36.46593774743093,10.799514522117988,86.98840586106246,47.87586579427381,95.0313211920776,88.68818169815381,99.67036276368844,75.22616924738367,47.22811985829236,97.60574978768477,99.02329346947283
24531,2,19,2,48,19,2,3,101,USA,41.14506162258914,23.002631534593064,65.3808342608151,69.25100862044388,17.11734969494421,21.55810182641281,73.80819408488429,31.465593313145035,13.489921776969908,72.40894963476512,27.610421178598017,33.98932842133539,36.79687690902773,26.799440190550882,34.08619364062818,46.65271327404656,47.29334144891749,36.95641966039261,17.610461799128302,54.33520075618111,17.51142959544154,61.40485267302421,64.70990500369106,25.344952235595855,52.73637541912245,57.003317221551015,70.30114211772138,73.55834364977648,88.66058246387252,88.68818169815381,88.75630204219294,81.43027151090689,74.02502740042638,66.9308230275501,91.76591663041097
275448,1,18,17,57,15,2,11,108,USA,72.31516209629689,62.44180605288369,81.69065865934795,34.03205562984181,73.09049750610438,52.004524179074735,81.1347120021669,50.97833260220369,48.09386819209789,34.077385217651084,43.382320882034605,48.9377169468961,53.556183128907946,74.24701051971755,46.256957089828006,71.98677542110562,27.556236074571927,35.752386609459336,22.266214105837975,67.66316674443084,52.505314968993446,80.77786188366656,61.61054636296922,56.885539292462795,41.943384449373866,82.48283497451916,99.0,48.90503595078849,24.31082836210541,13.043711380136159,7.180141644508581,60.755110706404594,48.07670343183918,45.002837651201844,17.99751393482981
158638,2,17,59,19,18,20,3,103,UK,42.456757130969095,32.30086506298957,28.773707088354342,69.25100862044388,59.55017917542108,55.004959023812035,26.19180591511258,64.17293659744888,46.32138626874536,76.20132219233813,44.67079951304356,73.53125052946376,86.18427994672345,22.756772076691846,82.96107014792324,63.253774141245344,80.12018947505294,63.04358033960449,87.07656476530121,97.2933305083734,50.50840487755136,55.37178352399974,40.90811813974602,59.28595610939959,68.74074637331933,29.489405286236234,83.27341643809916,42.58820505516337,64.06235791054291,48.64867122355571,88.75630204219294,86.96632865979723,29.316092305772713,56.10310053102842,47.19168211406509
176714,1,25,0,46,12,27,8,103,USA,79.68512546153556,49.46078375067634,86.36991465860137,73.55834364977648,89.02639377864637,88.24351183291469,29.473450015379456,98.35452726880385,98.34162882046974,59.079735499801416,89.39717246292184,93.58662019346582,99.48847233567824,90.64706074455307,98.74927906227902,95.74707900680392,87.97121727048989,99.64732154353158,92.39851927298366,46.256957089828006,99.29738347919294,59.33643675927584,91.76591663041097,59.94916971135797,96.21941950767757,56.687055095672974,1.0,43.73447948589535,1.0,4.520743135778574,1.0,17.681323668604676,1.0,17.875995259367897,4.636274779390959
11493,2,17,26,10,1,26,1,101,USA,58.330891153663515,85.20819150822626,81.90890646608625,96.3006166334876,1.0,69.5661629611684,10.799514522117988,65.27488634382121,58.55236278061574,34.78467417757349,87.62929142411929,33.98932842133539,32.54383356563801,99.64540712382814,1.0,10.332299672838332,1.0,1.0,12.923435234695575,1.0,40.39427439640821,91.4686312422374,6.227228561319436,97.64277972473144,90.48753652855896,98.04914646712541,74.88244503141595,98.92913074556043,92.134155927042,95.96914904414416,76.81782783447204,50.37071458413487,99.65245924619376,61.58199982530522,99.60405501835646
205984,2,22,36,59,17,4,8,104,USA,17.63266108200014,52.403820182702646,24.31408163404953,80.15066620083473,1.9528124319700737,5.030451167629934,25.80553116473422,71.22820787229068,38.03089399597786,92.39851927298366,72.33000753722172,75.29940096995824,43.158876559428165,58.25364669194022,40.84088159152816,49.56063603396092,39.60153246430622,34.82904556346739,73.28474665502551,38.2372666632848,30.852352642443492,70.14729967836013,16.747620550392412,86.12872371318815,80.98379288575211,52.615754574771245,87.88726300699477,59.55017917542108,97.80583051750898,98.57033298501506,46.766679265890104,97.83343767738234,93.41517453375116,94.13055647783642,98.51433266565493
34158,2,19,4,3,20,28,3,101,USA,58.330891153663515,8.063817929275558,76.76487650897081,26.74848719592285,97.18606340924941,78.44189817358415,45.06434861754923,67.45616643435892,80.9504293154099,19.490233876291597,68.01434649002357,85.91201735985874,86.18427994672345,39.89486403050779,69.92562595202457,67.25861939826268,28.593976969392457,71.33191861117649,99.0,45.66479924381599,65.52574711047504,60.207991004079815,19.00967208037636,80.57794121246536,58.17956328876022,66.12530199496246,83.27341643809916,37.376126900058125,1.0,9.597163351753352,1.0,54.073822790188274,1.0,4.965311134695554,1.0
266923,2,18,50,45,4,21,3,108,UK,62.23679065417673,85.20819150822626,40.6838208567944,17.54187933309808,65.03935511670318,40.03544926577973,89.20048547787871,1.0,1.0,7.648959173274079,1.0,12.660403857158286,3.780580492318947,1.0,76.2997378420655,71.1524166859918,86.04643655114467,67.24885676861538,34.352882342751116,91.20833882965564,45.430036846224084,1.0,1.0,1.0,1.0,5.524427740784873,30.63992438136114,1.0,64.97439451463316,39.70545999798901,88.75630204219294,68.50084497134463,21.19945721193062,81.57742612003744,74.31609562768182
31439,2,48,52,15,10,20,3,101,USA,37.76320934582037,57.1914253817464,41.91533974070052,84.6203993462982,9.068460239733724,22.051478045657404,43.8453517351694,66.77885409341093,26.128983665461305,89.9307629908659,92.17849549876689,53.441633783084455,60.225336049293276,34.16187001140264,54.26151488253112,58.313084197575165,79.5429030640945,10.954729552571052,56.018839058953176,42.72307250299582,71.05247102613345,99.39664054574496,83.25237944960452,70.65410972728665,89.68114552481791,92.3405498933381,99.67454178116338,88.55650798049987,86.25299947464043,97.26716548478191,34.84997484138398,88.5842256885278,99.66302100536552,30.49117442662336,90.17368850612843
131158,1,17,30,10,19,29,8,102,Australia,43.93424711458135,36.54375437401734,15.955181956297508,83.28485890970524,3.1465489421878914,71.41099419704676,69.53709953284641,3.8232480681856913,6.063415838708025,43.08710500282825,8.143377099481114,1.0,13.188630176919133,14.525865828672977,1.0,2.3594900124509195,4.905895154945483,1.0,8.465409395080087,1.0,23.689136459787903,24.339310696611847,21.255166203304185,17.11734969494421,2.3052756801836694,43.82486237037028,82.10246121464888,38.059457108195716,99.65550273892325,95.42391757198754,67.65818245209357,94.2497690484131,98.60742234435702,95.52741118509812,99.0
76136,2,15,28,48,14,3,9,101,USA,80.2516840319571,85.20819150822626,53.12000614551897,53.28300011763815,88.55650798049987,78.44189817358415,59.82779962352896,42.56275980854082,58.55236278061574,30.736721929339495,38.816119411727584,54.063262499480516,63.20312309096943,26.799440190550882,83.73789497065434,71.1524166859918,83.18027635575788,79.00918395050098,59.48073062366848,91.20833882965564,60.60359954468936,7.029982361003988,11.905198398291134,2.735353830436466,6.434313090642604,25.27056488440266,55.58203895537741,10.714195593724298,46.207135713379785,44.15565888771181,76.81782783447204,57.75674281970055,14.02178810181016,56.10310053102842,42.532852754387704
102889,2,21,31,49,7,28,2,102,Turkey,91.78592354433022,79.42646223603026,72.36136535016311,70.13473438320716,91.55657756489688,70.76878765562856,90.17368850612843,1.0,2.0362323566985197,3.3171628297601075,1.0,1.0,5.441180697799297,7.387219948164201,33.23363959699367,5.857618735287204,35.53468542443608,14.245908175891344,12.295540239747453,98.67430310792042,56.175137629626704,14.997867088827974,10.037438942349667,1.0,46.98563916064137,7.659450106658554,49.99999999999858,80.19514273855225,92.38782233878806,81.08909424315777,94.2497690484131,94.96460451351959,80.63446295056406,73.06999613385693,75.85958331893107
153378,2,16,44,5,22,11,2,103,USA,37.24726025607629,88.78225472418683,18.091093533910794,53.28300011763815,1.0,25.882551149099697,85.83094718467828,38.05085706831778,28.557470106690573,34.78467417757349,27.610421178598017,54.063262499480516,41.14506162258914,58.284910629285946,22.137290430315318,38.373334834597244,10.306438846305383,36.95641966039261,40.51926937632845,6.400121260663951,60.60359954468936,1.0,69.25788961302214,1.0,1.0,1.0,21.62407111251096,1.0,92.65884129542064,88.68818169815381,93.36374642288627,81.43027151090689,61.01069607724554,99.46773126332607,82.15417819623713
202716,2,28,18,12,12,25,5,104,USA,23.073427420702927,42.80857461825059,1.0,47.70466906821406,9.068460239733724,22.051478045657404,79.86341080358977,15.399601452388225,26.128983665461305,15.219684361003004,46.70688036593572,25.710640422264248,10.186151472267312,34.16187001140264,2.317319441603928,3.890549688866855,27.705051260604677,3.453357380102119,16.654099179040458,8.427652382206134,13.678416211778597,14.997867088827974,24.65991214027227,34.02330933641292,1.0,52.615754574771245,29.328766576388233,26.569667184096602,98.57783973759206,93.32981256886353,84.11426570792503,94.96460451351959,97.4423182950676,81.35350509583145,98.51433266565493
82735,2,25,28,3,21,20,10,101,Australia,37.76320934582037,83.25237944960452,14.318868199443983,41.99495664515888,71.15813214473707,2.9706885863831474,43.8453517351694,13.667381739766483,31.945871788203334,21.85000045652049,27.66999246277524,41.99495664515888,30.736721929339495,1.0,90.03534692297274,88.55650798049987,85.99765760816524,58.61780956927589,49.99999999999858,93.5656869093541,87.75190106309344,29.07638395577041,66.54624894983101,1.0,75.94333318302654,18.344838315632046,29.328766576388233,37.13891197395856,43.72883117512026,37.79301445376893,34.84997484138398,19.819521227727023,44.78883368500453,85.08412333851334,62.685739247457434
216057,2,22,42,51,18,13,3,105,USA,69.07417815518039,42.80857461825059,87.43748015944948,53.441633783084455,88.24351183291469,70.76878765562856,34.571415401094725,6.345108942690672,7.391972611249315,9.551783999317706,1.0,36.380627243456786,10.186151472267312,48.53763055243792,78.45248635043788,74.87692820914225,82.88265030505272,17.865663527580637,67.74027334454553,91.03705908413667,80.01509013648229,76.43388345219194,66.54624894983101,64.78278589337833,85.58941731904213,67.94879774837898,65.69238152771845,53.95060925674363,75.46562973545633,64.85190053121335,50.808806724323006,59.414221282929645,84.3242218657266,99.08232312195366,53.319429804707454
54184,2,37,29,30,8,19,5,101,USA,9.307827659992853,24.65991214027227,19.084126661954485,47.70466906821406,1.9528124319700737,1.0,62.685739247457434,53.93737696798303,15.669449792360979,84.15710265842984,53.29311963406161,36.380627243456786,64.3925588198357,43.67753549670533,26.00604461711751,13.85480603215845,35.53468542443608,44.24036830069821,38.04138284016847,21.525833663213064,51.03149623323941,41.179729089046816,52.403820182702646,34.02330933641292,24.056666816970278,42.17855658104003,65.69238152771845,42.68003802225007,96.10318790789006,87.84587842470967,87.03652229280976,90.96190324054191,93.41517453375116,81.35350509583145,92.91508350555785
244684,1,16,40,13,19,23,0,107,Canada,98.47490101899666,92.04776774279742,81.69065865934795,99.63338481299854,86.57756514962205,87.62360535106382,73.58796746462082,38.834045231314235,87.94480997625533,38.53778649358617,55.419208390362996,11.404612333522465,31.70743267490576,40.658217719685524,88.28075826138559,89.48518672399871,80.6731691860358,81.37448238395427,46.19023280498891,89.12969944645124,80.50488183684661,34.838911893208206,42.99668277844631,56.885539292462795,73.40738137626522,19.9849098635147,25.43915001064272,22.914481651507117,55.106539045000034,32.326088516707244,88.71309683207005,71.75838645216538,5.068193264807718,89.55586279109923,27.58490170220736
188124,1,16,5,10,16,18,11,103,USA,59.07333792744606,7.371573814136013,81.69065865934795,83.28485890970524,93.41133221080338,42.010938364274864,30.46290046715066,70.0254316871796,72.73352751819738,34.077385217651084,82.88265030505272,69.69101146171175,74.77065778176427,55.42754164975008,97.29673070694264,99.56422237074469,97.29986147704915,88.41524423700196,81.89134079507176,79.3726221047068,76.31086354020897,85.63767775089525,74.72943511559401,76.81282413922463,95.72179499586821,82.48283497451916,21.13987954689776,91.46644177191081,1.0,3.1022246212535123,1.8835487900494883,6.930956849954356,1.0,23.966802620214708,9.994604431249229
288605,2,32,2,24,8,12,6,109,South Afric,21.945964460834716,42.80857461825059,24.31408163404953,30.92981159264579,29.81782479991668,26.468749470533226,30.105722373059507,64.4990779584212,44.29159025946308,77.4421785863118,72.33000753722172,47.70466906821406,51.71482449908609,63.026088336460134,54.26151488253112,49.56063603396092,56.26552051410175,30.29568662558205,49.99999999999858,65.28896729696976,66.23505277541807,57.987103349388065,47.596179817294626,76.22732636636681,35.1258481984101,67.94879774837898,75.43413507948515,26.569667184096602,79.56629049685546,64.85190053121335,80.97280035630354,83.17396400423456,68.12570526155298,73.06999613385693,67.23225874558347
324450,1,20,38,30,11,19,0,111,USA,69.99888775996612,36.54375437401734,77.51836932816263,44.25442868298546,73.09049750610438,71.41099419704676,73.58796746462082,57.07189150575374,78.26933715180166,70.25853193165136,55.419208390362996,74.50142217039121,35.93764208945419,22.32598403303976,66.76760460122273,54.88643771118808,70.25374326944495,40.434807185092495,39.89486403050768,79.3726221047068,80.50488183684661,68.53057150641087,89.20048547787871,67.20549961186697,86.47075137508511,59.236015459794885,25.43915001064272,38.059457108195716,33.04711760189855,32.326088516707244,59.38280421729479,30.373205774212465,33.91083352006473,72.08762914155761,4.09567426156363
285213,2,21,48,57,2,27,3,109,Thailand,21.945964460834716,16.747620550392412,60.5424373119057,20.791244461849743,80.35947022086873,17.908775923854762,8.134210253605232,32.76924519868169,15.669449792360979,29.2312123443686,40.17220037646791,20.791244461849743,30.736721929339495,84.36304352175205,44.17401957186058,62.61750720984338,52.09291350348076,49.03819143458776,21.487023866808073,38.2372666632848,45.87796928698316,42.56949810045177,38.0810749182985,22.701518884824225,35.1258481984101,52.615754574771245,65.69238152771845,53.95060925674363,45.65304559099462,25.048837768764088,62.811288492334825,63.11148672055191,44.78883368500453,21.84035593194926,62.685739247457434
34826,2,39,54,26,15,30,3,101,USA,4.469005236926563,20.573537763966584,24.31408163404953,16.239754440940516,6.14410493977671,14.087982640138051,17.855609388338962,62.189113818074475,44.29159025946308,87.17481078845185,59.82779962352896,20.791244461849743,47.4283312062351,76.50027093359677,25.014717244568544,20.62737789529018,31.560378358973026,34.82904556346739,32.25972665545132,33.840423460596384,40.7639845402021,34.34568935666255,38.0810749182985,64.78278589337833,14.410582680954661,62.94967134706582,44.69722274408724,17.11734969494421,44.69004238442744,51.36864963094524,31.027056149688406,59.414221282929645,54.26599085816497,26.059328894242867,58.035300002071665
261135,2,19,40,39,10,17,0,108,Thailand,2.731688067843578,8.063817929275558,1.0,9.848895463132322,37.13891197395856,2.9155433490531237,35.36705841812295,26.220191811891254,13.489921776969908,47.4283312062351,13.188630176919133,16.339178535837107,45.5566739162652,53.694512358255906,25.655496885150257,46.65271327404656,51.16041356852554,28.66808138882041,22.80601852482937,14.517122006183115,21.62407111251096,26.856379569949326,64.70990500369106,5.0609644424642255,13.093184318612003,42.99668277844631,40.39427439640821,37.376126900058125,35.93764208945419,48.64867122355571,28.017660032449186,28.75587535527049,42.62918553286505,61.58199982530522,47.19168211406509
131799,2,20,31,0,11,4,9,102,USA,50.39837934269161,18.736579827812932,81.90890646608625,36.99571155383836,59.55017917542108,55.004959023812035,54.935651382447816,90.4605904334802,58.55236278061574,76.20132219233813,87.62929142411929,73.53125052946376,94.2497690484131,86.63338107695051,64.16030247123393,71.1524166859918,76.88702824078518,58.746642970756454,59.48073062366848,41.3590478943986,50.50840487755136,92.16707841964785,77.82092340640315,70.44701254587068,86.90681568138461,94.47557225921162,55.58203895537741,95.58814230780956,18.228973002517307,39.70545999798901,12.286541527247522,22.221421111983574,29.316092305772713,34.12556235771552,29.059420566627125
20124,1,21,32,46,18,22,2,101,USA,46.790959717020144,8.023942742092885,53.66061046757994,73.55834364977648,45.69101423380141,1.0,98.9010067630054,1.0,1.0,20.017286690563964,1.0,1.0,8.712627306090496,1.0,93.32160981279628,74.87692820914225,99.0,61.29976780711877,84.67710944081546,98.84315228214336,42.903871202689004,31.13757270081055,78.35350300402342,1.0,30.46290046715066,7.487798406242291,18.736579827812932,97.61600194665232,99.41575148522531,84.23552337241927,94.34254431075192,93.70817680018945,64.78278589337833,99.0,99.0
25059,1,17,24,38,22,3,3,101,USA,27.00007801756317,17.932249948225092,77.51836932816263,54.704020423288796,8.4194028989873,42.010938364274864,15.432838972172902,34.10917052819016,23.898017006741725,25.56560193899287,61.37045033015977,48.9377169468961,27.610421178598017,50.494282940076005,32.05407793287333,54.88643771118808,31.23053179269928,26.78824878547178,27.840394651610865,41.68691580242188,32.780366410893976,73.19020655694652,29.489405286236234,72.12523512955323,68.4693093138481,73.84643900984258,85.870934111515,65.11427827745615,79.83086386110813,80.69410278073372,63.565929724145064,78.52393988137999,67.00192895808408,39.50535605806317,95.42391757198754
29245,2,40,15,10,17,14,3,101,USA,90.20542034682524,86.77776916771938,91.4048634828622,53.441633783084455,96.6548610807622,75.32807768554233,58.035300002071665,70.13117818231984,69.241915284083,25.45996442274705,88.11866088490251,92.14274646283457,76.20132219233813,43.67753549670533,68.45816553132528,78.64360704103217,47.90708649651623,63.31946390461832,43.98116094104404,69.59000458286471,71.05247102613345,62.12803491908494,75.34008785972469,64.78278589337833,53.01436083935573,37.050328652931285,60.55156695181773,53.95060925674363,44.69004238442744,33.40694941671984,62.811288492334825,51.892618981663475,35.48102721108222,77.33488278773791,17.855609388338962
207397,2,46,1,49,15,3,9,104,USA,41.669108846333586,61.91892508169872,48.12729488399276,20.791244461849743,39.96934393210995,61.101068989654436,34.571415401094725,96.62346578996528,80.3671613682983,77.4421785863118,88.11866088490251,80.15066620083473,97.61205212583025,93.64238429658258,22.113728484197622,5.857618735287204,11.138515019251571,49.03819143458776,43.98116094104404,25.45049056170572,66.23505277541807,92.61488355978565,52.403820182702646,98.49637425348033,29.452900831051807,98.6106658859087,94.11982515853401,80.19514273855225,1.0,1.0,1.0,2.1665623226142685,35.48102721108222,14.207986596123675,3.5713024619715696
81380,1,35,32,2,13,12,10,101,UK,36.2472869970386,19.243841141222532,33.038220660422525,73.55834364977648,40.348835575312364,25.0308986798388,55.263629249518715,80.97280035630354,93.46684484996422,54.556975949327466,85.18869867852766,74.50142217039121,52.964175030515435,83.99766180589484,62.378035374928515,53.95060925674363,61.76273333671202,74.61390353739301,88.81595604155018,64.78278589337833,11.969716158754522,58.050759765580494,61.15337443158933,75.54997385039337,52.223645153743746,46.3923581404963,57.708912917791565,38.57759101883818,28.742745376498704,60.60359954468936,61.389447325112315,23.662653344441537,28.20459265453337,1.774113606830312,32.99807104191294
201607,2,17,11,1,22,7,5,104,USA,82.36733891799679,81.26342017218394,65.3808342608151,31.77158528160487,70.35319944682698,89.60055360530589,85.83094718467828,30.396346316950968,52.45351877055924,10.186151472267312,44.67079951304356,43.91268057637768,24.450026149603673,53.694512358255906,39.994671875296945,34.3314735878171,21.800272892309238,36.95641966039261,82.38953820086851,45.66479924381599,50.50840487755136,19.535534838971927,36.21588033259451,20.37248554819024,6.434313090642604,42.99668277844631,26.016015886155145,37.376126900058125,46.207135713379785,39.70545999798901,66.15957653940058,35.72345774980255,61.01069607724554,66.9308230275501,29.059420566627125
256236,2,21,12,21,4,31,9,107,China,49.60162065730543,66.54624894983101,60.5424373119057,53.441633783084455,50.53116852032986,14.087982640138051,58.035300002071665,24.08651686623992,15.669449792360979,57.92493916101165,27.66999246277524,5.474027310624237,13.024359851372537,67.68583273799294,31.122227016365883,24.3543369865842,35.53468542443608,17.865663527580637,16.654099179040458,60.87159425496816,66.23505277541807,37.05233351832487,66.54624894983101,46.256957089828006,46.98563916064137,57.8214434189569,20.072901064652967,12.97238277253956,34.28695882176464,42.27146376772623,11.325256012873183,48.10738101833368,44.78883368500453,49.51248786451873,43.8453517351694
105816,2,32,10,26,23,9,3,102,USA,10.124946505403415,7.233315213337107,10.10598483323173,70.13473438320716,16.304651131737984,45.936737500516585,3.5713024619715696,82.41946872927497,56.97016483628056,87.17481078845185,53.29311963406161,75.29940096995824,86.3743755446095,67.68583273799294,70.54184879187056,85.51395057332343,76.00485587797846,87.77079270679633,21.487023866808073,42.72307250299582,56.175137629626704,46.766679265890104,61.91892508169872,34.02330933641292,70.54709916894535,32.05120225161804,34.30761847227842,53.95060925674363,59.14079229240048,73.33319121504621,89.71574307109427,59.414221282929645,22.510403978694114,54.38260045296113,34.571415401094725
134389,1,16,6,58,23,20,9,102,USA,99.01360555648091,76.90651235726591,89.03637313295235,99.03816969373008,67.97952772928915,84.02866242798461,99.27044993058041,18.94479160131681,48.09386819209789,38.53778649358617,49.39681158829484,8.138245840943256,1.9639993921095993,45.5566739162652,61.76273333671202,67.87501701242121,83.79928255838342,88.41524423700196,1.0,50.43936396603607,67.21963358910307,74.32201462908336,33.87469800503456,62.10760514616891,97.69472431981262,43.82486237037028,34.68644351987399,99.66008896765322,63.48653732224341,28.04992374818403,75.45647859765882,64.50905892624388,33.91083352006473,95.52741118509812,55.07623775225028
42586,1,25,45,49,1,20,4,101,USA,81.83860691644213,87.9577765080262,89.86526647580195,82.4708482798892,30.02594327788131,75.896469460812,55.263629249518715,23.250775590336417,45.63444639669791,10.075946317748162,9.084881827350756,43.64141819818519,40.31097559507873,38.39571010362192,76.77998568408236,66.8333246469353,70.12165053195866,56.62565795263481,23.934694948060837,95.93501744805155,85.1758837078429,60.616367792114204,85.68113180055286,22.535590448916935,73.58796746462082,61.76273333671213,57.708912917791565,33.53431189536067,30.436239947678615,30.050868353950648,21.10851187360717,20.597804832851892,46.256957089828006,68.60058485381398,32.99807104191294
187516,1,40,3,58,23,11,11,103,USA,1.0,1.0,1.0,1.0,45.69101423380141,1.0,8.962940915860088,63.3708128922724,39.4575626880914,63.53406225256617,51.840430352222086,97.89506570647995,48.729091361349106,43.19382167571155,41.33757548138283,32.33683325556629,2.0610892112853634,28.79653607930709,40.56094673416658,84.99941429810258,88.7050654558816,11.934721812005705,74.31609562768182,4.235580745426944,1.0,61.76273333671213,57.708912917791565,1.0,38.32691469272032,22.158760642680534,18.011841369873252,47.82170921200657,46.256957089828006,68.60058485381398,51.923296568158094
62130,2,15,59,34,0,13,6,101,Canada,8.214076455666515,23.002631534593064,40.6838208567944,1.0,42.68003802225007,10.39944639469067,35.36705841812295,25.204086784736973,13.489921776969908,55.989958694574455,38.816119411727584,20.35879786660678,41.14506162258914,18.93461870143412,33.12031365087046,19.43314824970622,76.88702824078518,28.66808138882041,28.417645382477644,37.1121953585116,26.016015886155145,84.09339570621592,69.25788961302214,53.49797160417478,36.46593774743093,94.47557225921162,97.54046586676623,73.55834364977648,60.37110404346686,48.64867122355571,69.83155565887887,64.98860679804358,88.5226331939582,11.15984711503495,65.67904193769476
98764,1,27,35,23,11,5,2,102,Japan,27.477524384954393,1.0,63.961477249015104,10.714195593724298,71.9500762518129,34.81530240400832,55.263629249518715,35.959909624845466,64.18263323986054,27.89944823044962,13.060336169444241,59.50871942031665,36.18273462646164,43.19382167571155,84.82003851916318,93.70362584385214,90.7742340882254,78.68758818548724,40.56094673416658,73.48346135784982,58.10228715703602,17.623172961975456,20.866239721879907,13.81572005327331,46.66577108930471,22.12609129554656,32.30086506298957,33.53431189536067,13.644440168579933,18.510816413584024,9.892669062583508,23.662653344441537,16.400122364874676,26.059328894242867,32.99807104191294
268589,2,22,32,13,13,19,4,108,USA,15.605748247716036,24.65991214027227,72.36136535016311,59.13772006023231,6.14410493977671,2.9706885863831474,21.709330571400272,33.90161694370457,26.128983665461305,80.90407859348738,40.17220037646791,59.13772006023231,5.441180697799297,25.197168825149134,77.50611717699314,70.92998286223917,85.99765760816524,67.90892130832316,43.98116094104404,84.9464681882871,51.03149623323941,9.328451751646412,10.037438942349667,40.06999034374928,59.00355203903064,1.0,24.565864920511927,21.671423710050647,88.25024609414902,73.33319121504621,94.2497690484131,70.28119891898956,40.094517212998085,88.48499779615781,99.37747445535263
78991,2,19,39,41,13,26,9,101,USA,80.2516840319571,67.6991349370075,90.6625911128209,36.99571155383836,84.5933664326293,95.0737403120877,40.17220037646791,99.47340198446034,93.32160981279628,68.46322926279544,87.62929142411929,97.02931141361341,99.0,92.4495495106745,77.17230214040637,74.90872601174459,83.18027635575788,79.00918395050098,87.07656476530121,32.953691042920525,65.52574711047504,78.24550422529478,55.28135202338723,89.10644890369588,86.90681568138461,86.01734838160507,26.016015886155145,73.55834364977648,1.0,1.0,2.3732083900071217,2.1130323143696472,10.873983023952547,1.0,1.8221475069687187
187322,1,34,47,56,14,10,11,103,USA,73.96021344663552,60.18072278051625,58.85493837740813,63.652467915599175,61.76273333671202,61.07139808454821,83.22054561069058,54.27059759289705,33.4297325768986,83.58163009082807,51.840430352222086,38.409904521478666,57.18008180471179,43.19382167571155,44.65415108872236,17.11734969494421,31.512001956115284,56.62565795263481,64.06235791054291,64.78278589337833,53.04877238159048,21.853869260693415,20.866239721879907,37.87624240388857,35.72345774980255,17.920341442966446,27.54053586276666,48.953336685814406,78.82240987792443,56.21355262825239,81.98815863012373,75.7080910490638,88.28075826138559,59.21514729374104,70.59207196494458
102003,2,25,34,20,6,23,2,102,Finland,21.945964460834716,75.34008785972469,1.0,59.13772006023231,6.14410493977671,87.33959614283856,1.0,65.643046315258,11.211724100645796,87.17481078845185,66.20780177702142,47.70466906821406,47.4283312062351,87.83320591397387,1.0,1.0,14.002342391831263,1.0,26.715253344971444,11.243697957803903,1.0,9.328451751646412,2.927353568968698,58.701033451356636,1.0,27.23281798781821,79.92709893534379,1.7823386851823528,97.18553847166481,87.84587842470967,98.63236346832434,96.5505293341688,99.2306299458919,39.82652432314637,83.6093633598631
117852,1,18,44,57,9,19,5,102,Yugoslavia,79.9641547229736,14.002342391831235,89.03637313295235,69.90073238460064,93.41133221080338,93.62486758591967,52.223645153743746,20.93822827167969,87.94480997625533,3.8035866313085904,11.888818308870327,43.64141819818519,40.269335632185744,11.119567381016623,99.1735095223521,92.15079630607045,99.6347494369694,99.59427892609244,86.63338107695051,99.48692624020805,91.13614225019523,3.98541320480102,17.480198646710647,9.712717615729161,31.530690686149,1.0,21.13987954689776,22.914481651507117,7.934563245265167,1.0,71.63116465773368,14.230858476096529,1.0,61.58199982530522,2.0975455113369037
156099,1,24,29,18,10,1,3,103,Norway,45.456695093931785,1.0,68.9285864716831,53.185121557385685,61.76273333671202,34.81530240400832,79.73389095000289,59.99171505067375,58.08466025929653,89.92405368224854,75.28209110360444,28.357182624091593,65.44478241121891,20.62241428251221,87.21013862788948,97.39639012845555,99.27438496336617,78.68758818548724,52.371791064982006,41.60700518705539,63.080058676461306,58.050759765580494,56.53893235643574,43.344921433791285,73.58796746462082,41.27219492504753,62.7658086140799,54.18252200787731,23.04024790577202,6.646425442125121,34.90827568636843,20.597804832851892,46.256957089828006,35.09415280946621,37.61317345856344
254190,1,18,13,9,8,1,9,107,USA,29.30098431528708,4.773994014270755,38.402503035148015,24.450026149603673,35.18913289854396,19.09118658735892,90.59164364262006,14.286381775716194,23.898017006741725,25.56560193899287,2.6527369201044593,43.64141819818519,31.70743267490576,18.275839093136597,38.03451289691452,17.46199000427245,42.82463416453311,49.99999999999858,52.54107759706261,59.1795906710056,28.1326749801718,20.04655704242387,17.480198646710647,13.207181549323053,31.530690686149,12.248098936903403,89.28100523245439,14.256562486093657,83.21046521548669,68.54137944829739,75.45647859765882,75.21206109473849,38.54997813635191,97.60574978768477,89.29121192075786
199527,2,39,52,18,23,24,3,104,Northern Ma,40.36070320489125,16.747620550392412,54.36555360329919,25.710640422264248,84.49314686490402,56.08731942361942,30.105722373059507,80.52256485734847,56.97016483628056,77.4421785863118,59.82779962352896,84.6203993462982,89.26937941052824,53.41024752405781,72.58720034524305,82.19946571129663,47.90708649651623,58.61780956927589,73.28474665502551,56.37210185571547,80.01509013648229,79.97682466716253,57.1914253817464,70.65410972728665,64.87415180158689,67.94879774837898,94.11982515853401,59.55017917542108,15.146648470529016,21.14522395556716,31.027056149688406,16.82603599576234,22.510403978694114,10.878069661841323,39.164121453558494
128087,1,19,32,53,6,8,8,102,USA,79.9641547229736,81.23921667726131,85.5457731059488,54.704020423288796,67.97952772928915,66.74538267752837,65.34351954581427,77.62653243552768,48.09386819209789,85.64602139611941,61.37045033015977,64.67544802501914,78.58858792556782,69.76618448027108,41.09377726597228,41.583891888387654,46.80296378872333,26.78824878547178,39.89486403050768,59.1795906710056,42.50673874971841,53.68298588732165,74.72943511559401,25.968848382253157,47.30504833157312,19.9849098635147,92.28730726405854,43.44677096715941,49.78689343301022,50.4621874971607,38.098006018754745,45.36397585546422,52.88414344558328,85.78653499209838,27.58490170220736
133685,2,13,14,11,16,15,9,102,USA,20.39930824141649,42.291087082205365,28.773707088354342,64.06235791054291,42.68003802225007,40.03544926577973,1.0,88.26063919622436,80.9504293154099,96.0687808460741,50.593135699815036,68.88674933652726,82.88265030505272,79.56525799826431,68.98156002000053,85.0883262902704,76.88702824078518,82.5422801540393,53.17565354610883,14.517122006183115,65.52574711047504,91.4686312422374,85.40624108122324,85.07826600534418,86.90681568138461,78.74483379669266,70.30114211772138,82.4708482798892,28.79653607930709,57.63140255323418,28.017660032449186,16.266918122059394,17.47546846224384,61.58199982530522,47.19168211406509
49383,2,55,12,4,17,8,5,101,USA,15.605748247716036,16.747620550392412,48.12729488399276,41.99495664515888,25.0308986798388,22.051478045657404,14.282856410831698,99.3613193432675,89.6062228543542,97.80821267068507,95.46494093275498,92.14274646283457,89.26937941052824,87.83320591397387,64.19211525347072,82.19946571129663,47.90708649651623,63.31946390461832,73.28474665502551,14.388220962407416,84.06143549742728,92.61488355978565,83.25237944960452,98.49637425348033,89.68114552481791,94.99002850697514,55.302777255909916,42.68003802225007,2.1941694824876095,21.14522395556716,1.0,11.41577431146905,26.650481798648855,7.927984176145856,1.9807224414555975
270701,1,21,1,47,22,15,6,108,USA,14.318868199443955,33.56443166115514,48.4301341302492,4.878981883811036,12.407428221726605,16.304651131737984,46.48765477801305,30.489705484806677,17.11734969494421,59.079735499801416,39.636916846050894,15.113676818130472,17.445521498293687,67.22611925578326,18.960142309248226,40.8204093289915,31.512001956115284,20.526002638217875,6.958337346731412,28.20459265453337,33.024071419858416,69.34796190797744,61.15337443158933,70.5644345908944,63.20312309096943,61.76273333671213,76.99736846540372,43.73447948589535,61.13445390198012,64.91753336498903,72.23384881392207,40.608585512881746,55.608646060651324,49.51248786451873,70.59207196494458
14761,1,33,42,20,16,5,2,101,USA,19.443322487838827,49.46078375067634,48.4301341302492,37.376126900058125,20.561530401874762,39.96934393210995,2.7499338129192665,15.799085796472156,22.171947493611015,16.41836990916883,51.840430352222086,1.0,11.35054957986543,62.553226842568904,36.97243108924903,53.95060925674363,65.99871618056824,42.433977689944925,6.958337346731412,32.54383356563801,37.907163869258454,27.5456539692766,3.329479665443344,65.3435195458141,25.42533077083897,31.333377765149464,47.42212440251018,54.18252200787731,63.814096660936116,69.12364029909389,57.62660968811787,62.23415499654976,28.20459265453337,81.35350509583145,66.08916647993237
58767,2,32,48,37,15,4,6,101,USA,99.16285731513767,95.15007002202924,72.36136535016311,92.14274646283457,91.55657756489688,90.63018663441358,99.0,26.185901261901705,69.241915284083,45.40024373105052,27.66999246277524,53.441633783084455,2.127456191033147,25.197168825149134,29.04588386996008,13.85480603215845,27.705051260604677,3.453357380102119,5.317763438902432,99.34847401490754,45.87796928698316,77.63595327780763,83.25237944960452,34.02330933641292,59.00355203903064,72.76718201217892,70.67123342360873,80.19514273855225,88.25024609414902,90.76405995088896,62.811288492334825,85.98172945970623,99.48344021986497,68.60058485381398,62.685739247457434
319267,1,28,49,1,10,27,9,110,USA,2.7132333879044523,60.18072278051625,38.067298615952495,1.0,40.348835575312364,1.9528124319700737,4.440034052798524,59.99171505067375,70.07894547098209,98.22920181167797,27.999307699752535,23.643949523418712,57.18008180471179,43.19382167571155,87.21013862788948,91.29658428621372,99.27438496336617,74.61390353739301,14.454226894048105,41.60700518705539,99.29738347919294,59.33643675927584,94.2497690484131,27.409635915245588,57.75674281970055,66.72472775425962,57.708912917791565,19.60253669358994,2.202477253991063,4.520743135778574,3.9536801005100273,7.84411282770229,7.192308219868849,26.059328894242867,6.975382297096161
297597,2,20,24,2,21,27,10,109,Cambodia,34.68823253350803,14.79180849177061,59.316179143202476,53.28300011763815,31.747142483319834,30.433837038828756,54.935651382447816,80.61593261626206,52.45351877055924,94.14497980466729,62.34008261658903,54.063262499480516,91.89955310846108,58.284910629285946,45.02498081067944,59.164320907627484,47.29334144891749,54.388598308683754,77.19398147516756,28.91298435439026,17.51142959544154,75.09561146057843,55.28135202338723,85.07826600534418,78.47416633678381,66.12530199496246,45.430036846224084,78.16576113284259,52.84572590123048,66.39018662627882,62.39709853642091,39.32378978437407,47.22811985829236,56.10310053102842,56.53893235643574
159233,1,18,39,4,13,24,3,103,Sweden,37.70301083369441,72.29494873939228,1.0,74.63236042239402,15.84780352374321,37.10034335235076,69.53709953284641,70.0254316871796,66.85561577610315,78.41464627708172,82.88265030505272,28.357182624091593,57.97667528380009,69.76618448027108,18.41999596070417,46.00010268162191,17.427024341040777,14.944855358607043,12.4862614482511,33.16667535306172,28.1326749801718,92.18640156535218,70.51059471376072,98.59088994220872,78.09129834681312,78.30797746527924,49.49875553694591,96.71870695339089,39.20861301231855,45.84458055273865,12.433999980826059,30.373205774212465,62.38682654143372,50.55606614092534,66.11822851590068
77014,2,40,52,23,15,12,9,101,Canada,53.58268096401116,61.91892508169872,54.36555360329919,16.239754440940516,61.07139808454821,66.01067157866157,53.319429804707454,9.709427300752878,38.03089399597786,3.3171628297601075,27.66999246277524,5.474027310624237,23.061104035291663,34.16187001140264,70.54184879187056,66.8333246469353,76.00485587797846,25.93062308515377,5.317763438902432,99.43736475223136,84.06143549742728,37.05233351832487,79.42646223603026,34.02330933641292,35.1258481984101,67.94879774837898,29.328766576388233,3.6415008991581033,33.36696354944115,17.470860014697195,42.743613439347484,44.33191778008268,30.986852474538694,54.38260045296113,39.164121453558494
234546,2,18,55,12,19,16,5,106,USA,80.2516840319571,88.78225472418683,90.6625911128209,78.930623981037,42.68003802225007,89.60055360530589,26.19180591511258,95.31588535787284,98.2124738922015,76.20132219233813,87.62929142411929,92.39851927298366,82.88265030505272,79.56525799826431,93.00560252172352,88.0302838412423,73.5016449847086,93.92483677307791,87.07656476530121,74.9804753003109,90.31994505042348,83.16498203284345,91.69327997565881,92.59095325683506,86.90681568138461,47.65939602551936,60.60359954468936,58.46198478449537,38.70023219287839,35.331007974480485,76.81782783447204,13.553030566519794,10.873983023952547,95.52741118509812,37.933206440742254
157965,1,17,25,20,14,14,3,103,USA,37.70301083369441,62.44180605288369,38.402503035148015,39.08901951515952,57.20631330942837,32.307703355288595,26.412032535376227,54.64132081412748,48.09386819209789,61.46221350641065,49.39681158829484,59.50871942031665,57.97667528380009,40.658217719685524,78.00366487913584,75.93679350049774,77.35818626598257,73.21175121452501,46.19023280498891,67.66316674443084,80.50488183684661,68.53057150641087,61.61054636296922,56.885539292462795,82.46458131618783,59.236015459794885,64.35189813608548,48.90503595078849,35.07735856143398,41.258983812307235,26.05410933084437,30.373205774212465,20.971115789764326,66.9308230275501,60.65892388614958
59548,2,29,5,33,13,6,6,101,USA,89.3708398999762,75.34008785972469,82.88265030505261,64.72479717011902,88.24351183291469,66.01067157866157,87.05895219246986,19.092537080780062,15.669449792360979,25.45996442274705,59.82779962352896,12.124301089074606,16.135186567182956,43.67753549670533,15.00275558271403,5.857618735287204,14.002342391831263,3.453357380102119,38.04138284016847,73.74048971379887,30.852352642443492,59.37446596097516,38.0810749182985,52.496530987935046,53.01436083935573,47.38424542522603,91.24648810278018,48.305582994432655,87.59856168432407,64.85190053121335,74.12755151230016,99.66856934083444,84.3242218657266,35.09415280946621,92.91508350555785
24957,2,15,18,26,18,3,3,101,USA,49.070487566310476,47.42212440251018,53.12000614551897,21.98554323401359,53.95060925674363,40.03544926577973,78.09129834681312,20.318415535443876,23.124395931777997,19.490233876291597,22.40974990335252,33.98932842133539,41.14506162258914,26.799440190550882,76.2997378420655,71.1524166859918,86.04643655114467,49.99999999999858,46.82434645388838,85.48287799381364,65.52574711047504,43.1705646194394,69.25788961302214,25.344952235595855,47.263624580874534,17.480198646710647,60.60359954468936,53.185121557385685,49.051014152438256,44.15565888771181,46.873144753778206,54.073822790188274,17.47546846224384,95.52741118509812,51.87270511600451
161027,1,23,59,58,17,6,4,103,USA,49.4648378682312,65.40796685857111,23.542947406190677,95.58814230780956,56.4544420238056,16.304651131737984,37.80945197566672,32.65283474222545,39.4575626880914,92.59912769456457,3.1396047715357156,8.138245840943256,24.450026149603673,52.92361192269021,83.14027010843608,74.87692820914225,77.90615917089269,96.60969415338707,46.4438168710891,97.6332149299792,23.78808931319972,13.734680554311325,1.0,10.093777116369637,68.50084497134463,10.551767248969924,32.30086506298957,64.46531457556091,73.25404655504099,90.31994505042348,90.1073309374134,37.06068052157116,12.993014428773478,85.08412333851334,86.43989593768629
